2025-05-07 10:43:10.167 INFO  com.jiawa.train.member.config.MemberApplication   :53   [32m                  [0;39m Starting MemberApplication using Java 21.0.2 with PID 7820 (E:\12306-train\train\member\target\classes started by user in E:\12306-train\train)
2025-05-07 10:43:10.171 INFO  com.jiawa.train.member.config.MemberApplication   :652  [32m                  [0;39m No active profile set, falling back to 1 default profile: "default"
2025-05-07 10:43:10.213 INFO  o.s.b.d.env.DevToolsPropertyDefaultsPostProcessor :252  [32m                  [0;39m Devtools property defaults active! Set 'spring.devtools.add-properties' to 'false' to disable
2025-05-07 10:43:10.214 INFO  o.s.b.d.env.DevToolsPropertyDefaultsPostProcessor :252  [32m                  [0;39m For additional web related logging consider setting the 'logging.level.web' property to 'DEBUG'
2025-05-07 10:43:10.762 INFO  o.springframework.cloud.context.scope.GenericScope:282  [32m                  [0;39m BeanFactory id=66c3d467-3fbb-3b17-aa84-5ccaedd30892
2025-05-07 10:43:11.226 INFO  o.s.boot.web.embedded.tomcat.TomcatWebServer      :111  [32m                  [0;39m Tomcat initialized with port 8001 (http)
2025-05-07 10:43:11.238 INFO  org.apache.coyote.http11.Http11NioProtocol        :168  [32m                  [0;39m Initializing ProtocolHandler ["http-nio-8001"]
2025-05-07 10:43:11.239 INFO  org.apache.catalina.core.StandardService          :168  [32m                  [0;39m Starting service [Tomcat]
2025-05-07 10:43:11.240 INFO  org.apache.catalina.core.StandardEngine           :168  [32m                  [0;39m Starting Servlet engine: [Apache Tomcat/10.1.40]
2025-05-07 10:43:11.290 INFO  o.a.c.c.C.[Tomcat].[localhost].[/member]          :168  [32m                  [0;39m Initializing Spring embedded WebApplicationContext
2025-05-07 10:43:11.291 INFO  o.s.b.w.s.c.ServletWebServerApplicationContext    :301  [32m                  [0;39m Root WebApplicationContext: initialization completed in 1076 ms
2025-05-07 10:43:11.951 INFO  o.s.b.d.autoconfigure.OptionalLiveReloadServer    :59   [32m                  [0;39m LiveReload server is running on port 35729
2025-05-07 10:43:12.008 INFO  org.apache.coyote.http11.Http11NioProtocol        :168  [32m                  [0;39m Starting ProtocolHandler ["http-nio-8001"]
2025-05-07 10:43:12.022 INFO  o.s.boot.web.embedded.tomcat.TomcatWebServer      :243  [32m                  [0;39m Tomcat started on port 8001 (http) with context path '/member'
2025-05-07 10:43:12.038 INFO  com.jiawa.train.member.config.MemberApplication   :59   [32m                  [0;39m Started MemberApplication in 2.262 seconds (process running for 2.965)
2025-05-07 10:43:12.040 INFO  com.jiawa.train.member.config.MemberApplication   :23   [32m                  [0;39m 启动成功!
2025-05-07 10:43:12.040 INFO  com.jiawa.train.member.config.MemberApplication   :24   [32m                  [0;39m 地址：	http://127.0.0.1:8001/test
2025-05-07 10:43:21.924 INFO  o.a.c.c.C.[Tomcat].[localhost].[/member]          :168  [32m                  [0;39m Initializing Spring DispatcherServlet 'dispatcherServlet'
2025-05-07 10:43:21.924 INFO  org.springframework.web.servlet.DispatcherServlet :532  [32m                  [0;39m Initializing Servlet 'dispatcherServlet'
2025-05-07 10:43:21.924 INFO  org.springframework.web.servlet.DispatcherServlet :554  [32m                  [0;39m Completed initialization in 0 ms
2025-05-07 10:43:21.962 INFO  com.jiawa.train.common.aspect.LogAspect           :52   [32m1746585801957iey  [0;39m ------------- 开始 -------------
2025-05-07 10:43:21.963 INFO  com.jiawa.train.common.aspect.LogAspect           :53   [32m1746585801957iey  [0;39m 请求地址: http://127.0.0.1:8001/member/member/register POST
2025-05-07 10:43:21.963 INFO  com.jiawa.train.common.aspect.LogAspect           :54   [32m1746585801957iey  [0;39m 类名方法: com.jiawa.train.member.controller.MemberController.register
2025-05-07 10:43:21.963 INFO  com.jiawa.train.common.aspect.LogAspect           :55   [32m1746585801957iey  [0;39m 远程地址: 127.0.0.1
2025-05-07 10:43:22.087 INFO  com.jiawa.train.common.aspect.LogAspect           :83   [32m1746585801957iey  [0;39m 请求参数: [{"mobile":"12345667"}]
2025-05-07 10:43:22.122 INFO  com.zaxxer.hikari.HikariDataSource                :109  [32m1746585801957iey  [0;39m HikariPool-1 - Starting...
2025-05-07 10:43:22.420 INFO  com.zaxxer.hikari.pool.HikariPool                 :554  [32m1746585801957iey  [0;39m HikariPool-1 - Added connection com.mysql.cj.jdbc.ConnectionImpl@6e45a52a
2025-05-07 10:43:22.421 INFO  com.zaxxer.hikari.HikariDataSource                :122  [32m1746585801957iey  [0;39m HikariPool-1 - Start completed.
2025-05-07 10:43:22.428 DEBUG c.j.t.member.mapper.MemberMapper.selectByExample  :135  [32m1746585801957iey  [0;39m ==>  Preparing: select id, mobile from member WHERE ( mobile = ? )
2025-05-07 10:43:22.446 DEBUG c.j.t.member.mapper.MemberMapper.selectByExample  :135  [32m1746585801957iey  [0;39m ==> Parameters: 12345667(String)
2025-05-07 10:43:22.473 TRACE c.j.t.member.mapper.MemberMapper.selectByExample  :141  [32m1746585801957iey  [0;39m <==    Columns: id, mobile
2025-05-07 10:43:22.474 TRACE c.j.t.member.mapper.MemberMapper.selectByExample  :141  [32m1746585801957iey  [0;39m <==        Row: 1746533892224, 12345667
2025-05-07 10:43:22.475 DEBUG c.j.t.member.mapper.MemberMapper.selectByExample  :135  [32m1746585801957iey  [0;39m <==      Total: 1
2025-05-07 10:43:22.484 ERROR c.j.t.common.controller.ControllerExceptionHandler:31   [32m1746585801957iey  [0;39m 系统异常：
com.jiawa.train.common.exception.BusinessException: null
	at com.jiawa.train.member.service.MemberService.register(MemberService.java:32)
	at com.jiawa.train.member.controller.MemberController.register(MemberController.java:27)
	at java.base/jdk.internal.reflect.DirectMethodHandleAccessor.invoke(DirectMethodHandleAccessor.java:103)
	at java.base/java.lang.reflect.Method.invoke(Method.java:580)
	at org.springframework.aop.support.AopUtils.invokeJoinpointUsingReflection(AopUtils.java:359)
	at org.springframework.aop.framework.ReflectiveMethodInvocation.invokeJoinpoint(ReflectiveMethodInvocation.java:196)
	at org.springframework.aop.framework.ReflectiveMethodInvocation.proceed(ReflectiveMethodInvocation.java:163)
	at org.springframework.aop.framework.adapter.MethodBeforeAdviceInterceptor.invoke(MethodBeforeAdviceInterceptor.java:58)
	at org.springframework.aop.framework.ReflectiveMethodInvocation.proceed(ReflectiveMethodInvocation.java:184)
	at org.springframework.aop.aspectj.MethodInvocationProceedingJoinPoint.proceed(MethodInvocationProceedingJoinPoint.java:89)
	at com.jiawa.train.common.aspect.LogAspect.doAround(LogAspect.java:94)
	at java.base/jdk.internal.reflect.DirectMethodHandleAccessor.invoke(DirectMethodHandleAccessor.java:103)
	at java.base/java.lang.reflect.Method.invoke(Method.java:580)
	at org.springframework.aop.aspectj.AbstractAspectJAdvice.invokeAdviceMethodWithGivenArgs(AbstractAspectJAdvice.java:642)
	at org.springframework.aop.aspectj.AbstractAspectJAdvice.invokeAdviceMethod(AbstractAspectJAdvice.java:632)
	at org.springframework.aop.aspectj.AspectJAroundAdvice.invoke(AspectJAroundAdvice.java:71)
	at org.springframework.aop.framework.ReflectiveMethodInvocation.proceed(ReflectiveMethodInvocation.java:184)
	at org.springframework.aop.interceptor.ExposeInvocationInterceptor.invoke(ExposeInvocationInterceptor.java:97)
	at org.springframework.aop.framework.ReflectiveMethodInvocation.proceed(ReflectiveMethodInvocation.java:184)
	at org.springframework.aop.framework.CglibAopProxy$DynamicAdvisedInterceptor.intercept(CglibAopProxy.java:728)
	at com.jiawa.train.member.controller.MemberController$$SpringCGLIB$$0.register(<generated>)
	at java.base/jdk.internal.reflect.DirectMethodHandleAccessor.invoke(DirectMethodHandleAccessor.java:103)
	at java.base/java.lang.reflect.Method.invoke(Method.java:580)
	at org.springframework.web.method.support.InvocableHandlerMethod.doInvoke(InvocableHandlerMethod.java:258)
	at org.springframework.web.method.support.InvocableHandlerMethod.invokeForRequest(InvocableHandlerMethod.java:191)
	at org.springframework.web.servlet.mvc.method.annotation.ServletInvocableHandlerMethod.invokeAndHandle(ServletInvocableHandlerMethod.java:118)
	at org.springframework.web.servlet.mvc.method.annotation.RequestMappingHandlerAdapter.invokeHandlerMethod(RequestMappingHandlerAdapter.java:986)
	at org.springframework.web.servlet.mvc.method.annotation.RequestMappingHandlerAdapter.handleInternal(RequestMappingHandlerAdapter.java:891)
	at org.springframework.web.servlet.mvc.method.AbstractHandlerMethodAdapter.handle(AbstractHandlerMethodAdapter.java:87)
	at org.springframework.web.servlet.DispatcherServlet.doDispatch(DispatcherServlet.java:1089)
	at org.springframework.web.servlet.DispatcherServlet.doService(DispatcherServlet.java:979)
	at org.springframework.web.servlet.FrameworkServlet.processRequest(FrameworkServlet.java:1014)
	at org.springframework.web.servlet.FrameworkServlet.doPost(FrameworkServlet.java:914)
	at jakarta.servlet.http.HttpServlet.service(HttpServlet.java:590)
	at org.springframework.web.servlet.FrameworkServlet.service(FrameworkServlet.java:885)
	at jakarta.servlet.http.HttpServlet.service(HttpServlet.java:658)
	at org.apache.catalina.core.ApplicationFilterChain.internalDoFilter(ApplicationFilterChain.java:195)
	at org.apache.catalina.core.ApplicationFilterChain.doFilter(ApplicationFilterChain.java:140)
	at org.apache.tomcat.websocket.server.WsFilter.doFilter(WsFilter.java:51)
	at org.apache.catalina.core.ApplicationFilterChain.internalDoFilter(ApplicationFilterChain.java:164)
	at org.apache.catalina.core.ApplicationFilterChain.doFilter(ApplicationFilterChain.java:140)
	at org.springframework.web.filter.RequestContextFilter.doFilterInternal(RequestContextFilter.java:100)
	at org.springframework.web.filter.OncePerRequestFilter.doFilter(OncePerRequestFilter.java:116)
	at org.apache.catalina.core.ApplicationFilterChain.internalDoFilter(ApplicationFilterChain.java:164)
	at org.apache.catalina.core.ApplicationFilterChain.doFilter(ApplicationFilterChain.java:140)
	at org.springframework.web.filter.FormContentFilter.doFilterInternal(FormContentFilter.java:93)
	at org.springframework.web.filter.OncePerRequestFilter.doFilter(OncePerRequestFilter.java:116)
	at org.apache.catalina.core.ApplicationFilterChain.internalDoFilter(ApplicationFilterChain.java:164)
	at org.apache.catalina.core.ApplicationFilterChain.doFilter(ApplicationFilterChain.java:140)
	at org.springframework.web.filter.CharacterEncodingFilter.doFilterInternal(CharacterEncodingFilter.java:201)
	at org.springframework.web.filter.OncePerRequestFilter.doFilter(OncePerRequestFilter.java:116)
	at org.apache.catalina.core.ApplicationFilterChain.internalDoFilter(ApplicationFilterChain.java:164)
	at org.apache.catalina.core.ApplicationFilterChain.doFilter(ApplicationFilterChain.java:140)
	at org.apache.catalina.core.StandardWrapperValve.invoke(StandardWrapperValve.java:167)
	at org.apache.catalina.core.StandardContextValve.invoke(StandardContextValve.java:90)
	at org.apache.catalina.authenticator.AuthenticatorBase.invoke(AuthenticatorBase.java:483)
	at org.apache.catalina.core.StandardHostValve.invoke(StandardHostValve.java:116)
	at org.apache.catalina.valves.ErrorReportValve.invoke(ErrorReportValve.java:93)
	at org.apache.catalina.core.StandardEngineValve.invoke(StandardEngineValve.java:74)
	at org.apache.catalina.connector.CoyoteAdapter.service(CoyoteAdapter.java:344)
	at org.apache.coyote.http11.Http11Processor.service(Http11Processor.java:398)
	at org.apache.coyote.AbstractProcessorLight.process(AbstractProcessorLight.java:63)
	at org.apache.coyote.AbstractProtocol$ConnectionHandler.process(AbstractProtocol.java:903)
	at org.apache.tomcat.util.net.NioEndpoint$SocketProcessor.doRun(NioEndpoint.java:1740)
	at org.apache.tomcat.util.net.SocketProcessorBase.run(SocketProcessorBase.java:52)
	at org.apache.tomcat.util.threads.ThreadPoolExecutor.runWorker(ThreadPoolExecutor.java:1189)
	at org.apache.tomcat.util.threads.ThreadPoolExecutor$Worker.run(ThreadPoolExecutor.java:658)
	at org.apache.tomcat.util.threads.TaskThread$WrappingRunnable.run(TaskThread.java:63)
	at java.base/java.lang.Thread.run(Thread.java:1583)
2025-05-07 10:43:22.523 WARN  o.s.w.s.m.m.a.ExceptionHandlerExceptionResolver   :254  [32m1746585801957iey  [0;39m Resolved [com.jiawa.train.common.exception.BusinessException]
2025-05-07 10:47:34.767 INFO  o.s.b.d.a.LocalDevToolsAutoConfiguration$RestartingClassPathChangeChangedEventListener:211  [32m                  [0;39m Restarting due to 1 class path change (0 additions, 1 deletion, 0 modifications)
2025-05-07 10:47:34.771 INFO  o.s.boot.web.embedded.tomcat.GracefulShutdown     :54   [32m                  [0;39m Commencing graceful shutdown. Waiting for active requests to complete
2025-05-07 10:47:34.773 INFO  org.apache.coyote.http11.Http11NioProtocol        :168  [32m                  [0;39m Pausing ProtocolHandler ["http-nio-8001"]
2025-05-07 10:47:34.788 INFO  o.s.boot.web.embedded.tomcat.GracefulShutdown     :76   [32m                  [0;39m Graceful shutdown complete
2025-05-07 10:47:34.788 INFO  org.apache.coyote.http11.Http11NioProtocol        :168  [32m                  [0;39m Stopping ProtocolHandler ["http-nio-8001"]
2025-05-07 10:47:34.817 INFO  com.zaxxer.hikari.HikariDataSource                :349  [32m                  [0;39m HikariPool-1 - Shutdown initiated...
2025-05-07 10:47:34.866 INFO  com.zaxxer.hikari.HikariDataSource                :351  [32m                  [0;39m HikariPool-1 - Shutdown completed.
2025-05-07 10:47:34.963 INFO  com.jiawa.train.member.config.MemberApplication   :53   [32m                  [0;39m Starting MemberApplication using Java 21.0.2 with PID 7820 (E:\12306-train\train\member\target\classes started by user in E:\12306-train\train)
2025-05-07 10:47:34.964 INFO  com.jiawa.train.member.config.MemberApplication   :652  [32m                  [0;39m No active profile set, falling back to 1 default profile: "default"
2025-05-07 10:47:35.159 INFO  o.springframework.cloud.context.scope.GenericScope:282  [32m                  [0;39m BeanFactory id=66c3d467-3fbb-3b17-aa84-5ccaedd30892
2025-05-07 10:47:35.262 INFO  o.s.boot.web.embedded.tomcat.TomcatWebServer      :111  [32m                  [0;39m Tomcat initialized with port 8001 (http)
2025-05-07 10:47:35.263 INFO  org.apache.coyote.http11.Http11NioProtocol        :168  [32m                  [0;39m Initializing ProtocolHandler ["http-nio-8001"]
2025-05-07 10:47:35.263 INFO  org.apache.catalina.core.StandardService          :168  [32m                  [0;39m Starting service [Tomcat]
2025-05-07 10:47:35.263 INFO  org.apache.catalina.core.StandardEngine           :168  [32m                  [0;39m Starting Servlet engine: [Apache Tomcat/10.1.40]
2025-05-07 10:47:35.286 INFO  o.a.c.c.C.[Tomcat].[localhost].[/member]          :168  [32m                  [0;39m Initializing Spring embedded WebApplicationContext
2025-05-07 10:47:35.286 INFO  o.s.b.w.s.c.ServletWebServerApplicationContext    :301  [32m                  [0;39m Root WebApplicationContext: initialization completed in 320 ms
2025-05-07 10:47:35.556 INFO  o.s.b.d.autoconfigure.OptionalLiveReloadServer    :59   [32m                  [0;39m LiveReload server is running on port 35729
2025-05-07 10:47:35.591 INFO  org.apache.coyote.http11.Http11NioProtocol        :168  [32m                  [0;39m Starting ProtocolHandler ["http-nio-8001"]
2025-05-07 10:47:35.593 INFO  o.s.boot.web.embedded.tomcat.TomcatWebServer      :243  [32m                  [0;39m Tomcat started on port 8001 (http) with context path '/member'
2025-05-07 10:47:35.604 INFO  com.jiawa.train.member.config.MemberApplication   :59   [32m                  [0;39m Started MemberApplication in 0.685 seconds (process running for 266.53)
2025-05-07 10:47:35.606 INFO  o.s.b.d.a.ConditionEvaluationDeltaLoggingListener :63   [32m                  [0;39m Condition evaluation unchanged
2025-05-07 10:47:35.606 INFO  com.jiawa.train.member.config.MemberApplication   :23   [32m                  [0;39m 启动成功!
2025-05-07 10:47:35.606 INFO  com.jiawa.train.member.config.MemberApplication   :24   [32m                  [0;39m 地址：	http://127.0.0.1:8001/test
2025-05-07 10:47:36.988 INFO  o.s.b.d.a.LocalDevToolsAutoConfiguration$RestartingClassPathChangeChangedEventListener:211  [32m                  [0;39m Restarting due to 1 class path change (1 addition, 0 deletions, 0 modifications)
2025-05-07 10:47:36.990 INFO  o.s.boot.web.embedded.tomcat.GracefulShutdown     :54   [32m                  [0;39m Commencing graceful shutdown. Waiting for active requests to complete
2025-05-07 10:47:36.990 INFO  org.apache.coyote.http11.Http11NioProtocol        :168  [32m                  [0;39m Pausing ProtocolHandler ["http-nio-8001"]
2025-05-07 10:47:37.002 INFO  o.s.boot.web.embedded.tomcat.GracefulShutdown     :76   [32m                  [0;39m Graceful shutdown complete
2025-05-07 10:47:37.004 INFO  org.apache.coyote.http11.Http11NioProtocol        :168  [32m                  [0;39m Stopping ProtocolHandler ["http-nio-8001"]
2025-05-07 10:47:37.079 INFO  com.jiawa.train.member.config.MemberApplication   :53   [32m                  [0;39m Starting MemberApplication using Java 21.0.2 with PID 7820 (E:\12306-train\train\member\target\classes started by user in E:\12306-train\train)
2025-05-07 10:47:37.080 INFO  com.jiawa.train.member.config.MemberApplication   :652  [32m                  [0;39m No active profile set, falling back to 1 default profile: "default"
2025-05-07 10:47:37.209 INFO  o.springframework.cloud.context.scope.GenericScope:282  [32m                  [0;39m BeanFactory id=66c3d467-3fbb-3b17-aa84-5ccaedd30892
2025-05-07 10:47:37.282 INFO  o.s.boot.web.embedded.tomcat.TomcatWebServer      :111  [32m                  [0;39m Tomcat initialized with port 8001 (http)
2025-05-07 10:47:37.283 INFO  org.apache.coyote.http11.Http11NioProtocol        :168  [32m                  [0;39m Initializing ProtocolHandler ["http-nio-8001"]
2025-05-07 10:47:37.283 INFO  org.apache.catalina.core.StandardService          :168  [32m                  [0;39m Starting service [Tomcat]
2025-05-07 10:47:37.283 INFO  org.apache.catalina.core.StandardEngine           :168  [32m                  [0;39m Starting Servlet engine: [Apache Tomcat/10.1.40]
2025-05-07 10:47:37.311 INFO  o.a.c.c.C.[Tomcat].[localhost].[/member]          :168  [32m                  [0;39m Initializing Spring embedded WebApplicationContext
2025-05-07 10:47:37.311 INFO  o.s.b.w.s.c.ServletWebServerApplicationContext    :301  [32m                  [0;39m Root WebApplicationContext: initialization completed in 229 ms
2025-05-07 10:47:37.505 INFO  o.s.b.d.autoconfigure.OptionalLiveReloadServer    :59   [32m                  [0;39m LiveReload server is running on port 35729
2025-05-07 10:47:37.536 INFO  org.apache.coyote.http11.Http11NioProtocol        :168  [32m                  [0;39m Starting ProtocolHandler ["http-nio-8001"]
2025-05-07 10:47:37.538 INFO  o.s.boot.web.embedded.tomcat.TomcatWebServer      :243  [32m                  [0;39m Tomcat started on port 8001 (http) with context path '/member'
2025-05-07 10:47:37.551 INFO  com.jiawa.train.member.config.MemberApplication   :59   [32m                  [0;39m Started MemberApplication in 0.507 seconds (process running for 268.477)
2025-05-07 10:47:37.552 INFO  o.s.b.d.a.ConditionEvaluationDeltaLoggingListener :63   [32m                  [0;39m Condition evaluation unchanged
2025-05-07 10:47:37.552 INFO  com.jiawa.train.member.config.MemberApplication   :23   [32m                  [0;39m 启动成功!
2025-05-07 10:47:37.552 INFO  com.jiawa.train.member.config.MemberApplication   :24   [32m                  [0;39m 地址：	http://127.0.0.1:8001/test
2025-05-07 10:47:44.003 INFO  o.a.c.c.C.[Tomcat].[localhost].[/member]          :168  [32m                  [0;39m Initializing Spring DispatcherServlet 'dispatcherServlet'
2025-05-07 10:47:44.003 INFO  org.springframework.web.servlet.DispatcherServlet :532  [32m                  [0;39m Initializing Servlet 'dispatcherServlet'
2025-05-07 10:47:44.004 INFO  org.springframework.web.servlet.DispatcherServlet :554  [32m                  [0;39m Completed initialization in 0 ms
2025-05-07 10:47:44.006 INFO  com.jiawa.train.common.aspect.LogAspect           :52   [32m1746586064006ayw  [0;39m ------------- 开始 -------------
2025-05-07 10:47:44.007 INFO  com.jiawa.train.common.aspect.LogAspect           :53   [32m1746586064006ayw  [0;39m 请求地址: http://127.0.0.1:8001/member/member/register POST
2025-05-07 10:47:44.007 INFO  com.jiawa.train.common.aspect.LogAspect           :54   [32m1746586064006ayw  [0;39m 类名方法: com.jiawa.train.member.controller.MemberController.register
2025-05-07 10:47:44.007 INFO  com.jiawa.train.common.aspect.LogAspect           :55   [32m1746586064006ayw  [0;39m 远程地址: 127.0.0.1
2025-05-07 10:47:44.008 INFO  com.jiawa.train.common.aspect.LogAspect           :83   [32m1746586064006ayw  [0;39m 请求参数: [{"mobile":"12345667"}]
2025-05-07 10:47:44.010 INFO  com.zaxxer.hikari.HikariDataSource                :109  [32m1746586064006ayw  [0;39m HikariPool-2 - Starting...
2025-05-07 10:47:44.034 INFO  com.zaxxer.hikari.pool.HikariPool                 :554  [32m1746586064006ayw  [0;39m HikariPool-2 - Added connection com.mysql.cj.jdbc.ConnectionImpl@523be9b3
2025-05-07 10:47:44.035 INFO  com.zaxxer.hikari.HikariDataSource                :122  [32m1746586064006ayw  [0;39m HikariPool-2 - Start completed.
2025-05-07 10:47:44.035 DEBUG c.j.t.member.mapper.MemberMapper.selectByExample  :135  [32m1746586064006ayw  [0;39m ==>  Preparing: select id, mobile from member WHERE ( mobile = ? )
2025-05-07 10:47:44.035 DEBUG c.j.t.member.mapper.MemberMapper.selectByExample  :135  [32m1746586064006ayw  [0;39m ==> Parameters: 12345667(String)
2025-05-07 10:47:44.038 TRACE c.j.t.member.mapper.MemberMapper.selectByExample  :141  [32m1746586064006ayw  [0;39m <==    Columns: id, mobile
2025-05-07 10:47:44.039 TRACE c.j.t.member.mapper.MemberMapper.selectByExample  :141  [32m1746586064006ayw  [0;39m <==        Row: 1746533892224, 12345667
2025-05-07 10:47:44.040 DEBUG c.j.t.member.mapper.MemberMapper.selectByExample  :135  [32m1746586064006ayw  [0;39m <==      Total: 1
2025-05-07 10:47:44.041 ERROR c.j.t.common.controller.ControllerExceptionHandler:31   [32m1746586064006ayw  [0;39m 系统异常：
com.jiawa.train.common.exception.BusinessException: null
2025-05-07 10:47:44.044 WARN  o.s.w.s.m.m.a.ExceptionHandlerExceptionResolver   :254  [32m1746586064006ayw  [0;39m Resolved [com.jiawa.train.common.exception.BusinessException]
2025-05-07 10:48:01.806 INFO  com.jiawa.train.common.aspect.LogAspect           :52   [32m1746586081806gm1  [0;39m ------------- 开始 -------------
2025-05-07 10:48:01.807 INFO  com.jiawa.train.common.aspect.LogAspect           :53   [32m1746586081806gm1  [0;39m 请求地址: http://127.0.0.1:8001/member/member/register POST
2025-05-07 10:48:01.807 INFO  com.jiawa.train.common.aspect.LogAspect           :54   [32m1746586081806gm1  [0;39m 类名方法: com.jiawa.train.member.controller.MemberController.register
2025-05-07 10:48:01.807 INFO  com.jiawa.train.common.aspect.LogAspect           :55   [32m1746586081806gm1  [0;39m 远程地址: 127.0.0.1
2025-05-07 10:48:01.807 INFO  com.jiawa.train.common.aspect.LogAspect           :83   [32m1746586081806gm1  [0;39m 请求参数: [{"mobile":"12345667"}]
2025-05-07 10:48:01.809 DEBUG c.j.t.member.mapper.MemberMapper.selectByExample  :135  [32m1746586081806gm1  [0;39m ==>  Preparing: select id, mobile from member WHERE ( mobile = ? )
2025-05-07 10:48:01.810 DEBUG c.j.t.member.mapper.MemberMapper.selectByExample  :135  [32m1746586081806gm1  [0;39m ==> Parameters: 12345667(String)
2025-05-07 10:48:01.811 TRACE c.j.t.member.mapper.MemberMapper.selectByExample  :141  [32m1746586081806gm1  [0;39m <==    Columns: id, mobile
2025-05-07 10:48:01.811 TRACE c.j.t.member.mapper.MemberMapper.selectByExample  :141  [32m1746586081806gm1  [0;39m <==        Row: 1746533892224, 12345667
2025-05-07 10:48:01.811 DEBUG c.j.t.member.mapper.MemberMapper.selectByExample  :135  [32m1746586081806gm1  [0;39m <==      Total: 1
2025-05-07 10:48:01.813 ERROR c.j.t.common.controller.ControllerExceptionHandler:31   [32m1746586081806gm1  [0;39m 系统异常：
com.jiawa.train.common.exception.BusinessException: null
2025-05-07 10:48:01.814 WARN  o.s.w.s.m.m.a.ExceptionHandlerExceptionResolver   :254  [32m1746586081806gm1  [0;39m Resolved [com.jiawa.train.common.exception.BusinessException]
2025-05-07 10:48:12.944 INFO  com.jiawa.train.common.aspect.LogAspect           :52   [32m1746586092944lqy  [0;39m ------------- 开始 -------------
2025-05-07 10:48:12.945 INFO  com.jiawa.train.common.aspect.LogAspect           :53   [32m1746586092944lqy  [0;39m 请求地址: http://127.0.0.1:8001/member/member/register POST
2025-05-07 10:48:12.945 INFO  com.jiawa.train.common.aspect.LogAspect           :54   [32m1746586092944lqy  [0;39m 类名方法: com.jiawa.train.member.controller.MemberController.register
2025-05-07 10:48:12.945 INFO  com.jiawa.train.common.aspect.LogAspect           :55   [32m1746586092944lqy  [0;39m 远程地址: 127.0.0.1
2025-05-07 10:48:12.945 INFO  com.jiawa.train.common.aspect.LogAspect           :83   [32m1746586092944lqy  [0;39m 请求参数: [{"mobile":"12345667"}]
2025-05-07 10:48:12.947 DEBUG c.j.t.member.mapper.MemberMapper.selectByExample  :135  [32m1746586092944lqy  [0;39m ==>  Preparing: select id, mobile from member WHERE ( mobile = ? )
2025-05-07 10:48:12.948 DEBUG c.j.t.member.mapper.MemberMapper.selectByExample  :135  [32m1746586092944lqy  [0;39m ==> Parameters: 12345667(String)
2025-05-07 10:48:12.949 TRACE c.j.t.member.mapper.MemberMapper.selectByExample  :141  [32m1746586092944lqy  [0;39m <==    Columns: id, mobile
2025-05-07 10:48:12.949 TRACE c.j.t.member.mapper.MemberMapper.selectByExample  :141  [32m1746586092944lqy  [0;39m <==        Row: 1746533892224, 12345667
2025-05-07 10:48:12.949 DEBUG c.j.t.member.mapper.MemberMapper.selectByExample  :135  [32m1746586092944lqy  [0;39m <==      Total: 1
2025-05-07 10:48:12.949 ERROR c.j.t.common.controller.ControllerExceptionHandler:31   [32m1746586092944lqy  [0;39m 系统异常：
com.jiawa.train.common.exception.BusinessException: null
2025-05-07 10:48:12.950 WARN  o.s.w.s.m.m.a.ExceptionHandlerExceptionResolver   :254  [32m1746586092944lqy  [0;39m Resolved [com.jiawa.train.common.exception.BusinessException]
2025-05-07 10:48:59.616 INFO  com.jiawa.train.common.aspect.LogAspect           :52   [32m17465861396169o4  [0;39m ------------- 开始 -------------
2025-05-07 10:48:59.616 INFO  com.jiawa.train.common.aspect.LogAspect           :53   [32m17465861396169o4  [0;39m 请求地址: http://127.0.0.1:8001/member/member/register POST
2025-05-07 10:48:59.616 INFO  com.jiawa.train.common.aspect.LogAspect           :54   [32m17465861396169o4  [0;39m 类名方法: com.jiawa.train.member.controller.MemberController.register
2025-05-07 10:48:59.616 INFO  com.jiawa.train.common.aspect.LogAspect           :55   [32m17465861396169o4  [0;39m 远程地址: 127.0.0.1
2025-05-07 10:48:59.618 INFO  com.jiawa.train.common.aspect.LogAspect           :83   [32m17465861396169o4  [0;39m 请求参数: [{"mobile":"123456677"}]
2025-05-07 10:48:59.619 DEBUG c.j.t.member.mapper.MemberMapper.selectByExample  :135  [32m17465861396169o4  [0;39m ==>  Preparing: select id, mobile from member WHERE ( mobile = ? )
2025-05-07 10:48:59.620 DEBUG c.j.t.member.mapper.MemberMapper.selectByExample  :135  [32m17465861396169o4  [0;39m ==> Parameters: 123456677(String)
2025-05-07 10:48:59.621 DEBUG c.j.t.member.mapper.MemberMapper.selectByExample  :135  [32m17465861396169o4  [0;39m <==      Total: 0
2025-05-07 10:48:59.621 DEBUG com.jiawa.train.member.mapper.MemberMapper.insert :135  [32m17465861396169o4  [0;39m ==>  Preparing: insert into member (id, mobile) values (?, ?)
2025-05-07 10:48:59.622 DEBUG com.jiawa.train.member.mapper.MemberMapper.insert :135  [32m17465861396169o4  [0;39m ==> Parameters: 1746586139621(Long), 123456677(String)
2025-05-07 10:48:59.643 DEBUG com.jiawa.train.member.mapper.MemberMapper.insert :135  [32m17465861396169o4  [0;39m <==    Updates: 1
2025-05-07 10:48:59.648 INFO  com.jiawa.train.common.aspect.LogAspect           :107  [32m17465861396169o4  [0;39m 返回结果: {"content":1746586139621,"success":true}
2025-05-07 10:48:59.649 INFO  com.jiawa.train.common.aspect.LogAspect           :108  [32m17465861396169o4  [0;39m ------------- 结束 耗时：33 ms -------------
2025-05-07 10:49:19.324 INFO  com.jiawa.train.common.aspect.LogAspect           :52   [32m1746586159324vt5  [0;39m ------------- 开始 -------------
2025-05-07 10:49:19.324 INFO  com.jiawa.train.common.aspect.LogAspect           :53   [32m1746586159324vt5  [0;39m 请求地址: http://127.0.0.1:8001/member/member/register POST
2025-05-07 10:49:19.324 INFO  com.jiawa.train.common.aspect.LogAspect           :54   [32m1746586159324vt5  [0;39m 类名方法: com.jiawa.train.member.controller.MemberController.register
2025-05-07 10:49:19.324 INFO  com.jiawa.train.common.aspect.LogAspect           :55   [32m1746586159324vt5  [0;39m 远程地址: 127.0.0.1
2025-05-07 10:49:19.325 INFO  com.jiawa.train.common.aspect.LogAspect           :83   [32m1746586159324vt5  [0;39m 请求参数: [{"mobile":"123456677"}]
2025-05-07 10:49:19.327 DEBUG c.j.t.member.mapper.MemberMapper.selectByExample  :135  [32m1746586159324vt5  [0;39m ==>  Preparing: select id, mobile from member WHERE ( mobile = ? )
2025-05-07 10:49:19.327 DEBUG c.j.t.member.mapper.MemberMapper.selectByExample  :135  [32m1746586159324vt5  [0;39m ==> Parameters: 123456677(String)
2025-05-07 10:49:19.329 TRACE c.j.t.member.mapper.MemberMapper.selectByExample  :141  [32m1746586159324vt5  [0;39m <==    Columns: id, mobile
2025-05-07 10:49:19.329 TRACE c.j.t.member.mapper.MemberMapper.selectByExample  :141  [32m1746586159324vt5  [0;39m <==        Row: 1746586139621, 123456677
2025-05-07 10:49:19.329 DEBUG c.j.t.member.mapper.MemberMapper.selectByExample  :135  [32m1746586159324vt5  [0;39m <==      Total: 1
2025-05-07 10:49:19.329 ERROR c.j.t.common.controller.ControllerExceptionHandler:31   [32m1746586159324vt5  [0;39m 系统异常：
com.jiawa.train.common.exception.BusinessException: null
2025-05-07 10:49:19.330 WARN  o.s.w.s.m.m.a.ExceptionHandlerExceptionResolver   :254  [32m1746586159324vt5  [0;39m Resolved [com.jiawa.train.common.exception.BusinessException]
2025-05-07 10:49:33.163 INFO  com.jiawa.train.common.aspect.LogAspect           :52   [32m1746586173163dng  [0;39m ------------- 开始 -------------
2025-05-07 10:49:33.163 INFO  com.jiawa.train.common.aspect.LogAspect           :53   [32m1746586173163dng  [0;39m 请求地址: http://127.0.0.1:8001/member/member/register POST
2025-05-07 10:49:33.163 INFO  com.jiawa.train.common.aspect.LogAspect           :54   [32m1746586173163dng  [0;39m 类名方法: com.jiawa.train.member.controller.MemberController.register
2025-05-07 10:49:33.164 INFO  com.jiawa.train.common.aspect.LogAspect           :55   [32m1746586173163dng  [0;39m 远程地址: 127.0.0.1
2025-05-07 10:49:33.164 INFO  com.jiawa.train.common.aspect.LogAspect           :83   [32m1746586173163dng  [0;39m 请求参数: [{"mobile":"123456677"}]
2025-05-07 10:49:33.166 DEBUG c.j.t.member.mapper.MemberMapper.selectByExample  :135  [32m1746586173163dng  [0;39m ==>  Preparing: select id, mobile from member WHERE ( mobile = ? )
2025-05-07 10:49:33.166 DEBUG c.j.t.member.mapper.MemberMapper.selectByExample  :135  [32m1746586173163dng  [0;39m ==> Parameters: 123456677(String)
2025-05-07 10:49:33.167 TRACE c.j.t.member.mapper.MemberMapper.selectByExample  :141  [32m1746586173163dng  [0;39m <==    Columns: id, mobile
2025-05-07 10:49:33.167 TRACE c.j.t.member.mapper.MemberMapper.selectByExample  :141  [32m1746586173163dng  [0;39m <==        Row: 1746586139621, 123456677
2025-05-07 10:49:33.168 DEBUG c.j.t.member.mapper.MemberMapper.selectByExample  :135  [32m1746586173163dng  [0;39m <==      Total: 1
2025-05-07 10:49:33.168 ERROR c.j.t.common.controller.ControllerExceptionHandler:31   [32m1746586173163dng  [0;39m 系统异常：
com.jiawa.train.common.exception.BusinessException: null
2025-05-07 10:49:33.169 WARN  o.s.w.s.m.m.a.ExceptionHandlerExceptionResolver   :254  [32m1746586173163dng  [0;39m Resolved [com.jiawa.train.common.exception.BusinessException]
2025-05-07 10:50:15.495 INFO  o.s.b.d.a.LocalDevToolsAutoConfiguration$RestartingClassPathChangeChangedEventListener:211  [32m                  [0;39m Restarting due to 1 class path change (0 additions, 0 deletions, 1 modification)
2025-05-07 10:50:15.498 INFO  o.s.boot.web.embedded.tomcat.GracefulShutdown     :54   [32m                  [0;39m Commencing graceful shutdown. Waiting for active requests to complete
2025-05-07 10:50:15.499 INFO  org.apache.coyote.http11.Http11NioProtocol        :168  [32m                  [0;39m Pausing ProtocolHandler ["http-nio-8001"]
2025-05-07 10:50:15.513 INFO  o.s.boot.web.embedded.tomcat.GracefulShutdown     :76   [32m                  [0;39m Graceful shutdown complete
2025-05-07 10:50:15.514 INFO  org.apache.coyote.http11.Http11NioProtocol        :168  [32m                  [0;39m Stopping ProtocolHandler ["http-nio-8001"]
2025-05-07 10:50:15.516 INFO  com.zaxxer.hikari.HikariDataSource                :349  [32m                  [0;39m HikariPool-2 - Shutdown initiated...
2025-05-07 10:50:15.519 INFO  com.zaxxer.hikari.HikariDataSource                :351  [32m                  [0;39m HikariPool-2 - Shutdown completed.
2025-05-07 10:50:15.594 INFO  com.jiawa.train.member.config.MemberApplication   :53   [32m                  [0;39m Starting MemberApplication using Java 21.0.2 with PID 7820 (E:\12306-train\train\member\target\classes started by user in E:\12306-train\train)
2025-05-07 10:50:15.594 INFO  com.jiawa.train.member.config.MemberApplication   :652  [32m                  [0;39m No active profile set, falling back to 1 default profile: "default"
2025-05-07 10:50:15.707 INFO  o.springframework.cloud.context.scope.GenericScope:282  [32m                  [0;39m BeanFactory id=66c3d467-3fbb-3b17-aa84-5ccaedd30892
2025-05-07 10:50:15.768 INFO  o.s.boot.web.embedded.tomcat.TomcatWebServer      :111  [32m                  [0;39m Tomcat initialized with port 8001 (http)
2025-05-07 10:50:15.769 INFO  org.apache.coyote.http11.Http11NioProtocol        :168  [32m                  [0;39m Initializing ProtocolHandler ["http-nio-8001"]
2025-05-07 10:50:15.769 INFO  org.apache.catalina.core.StandardService          :168  [32m                  [0;39m Starting service [Tomcat]
2025-05-07 10:50:15.769 INFO  org.apache.catalina.core.StandardEngine           :168  [32m                  [0;39m Starting Servlet engine: [Apache Tomcat/10.1.40]
2025-05-07 10:50:15.792 INFO  o.a.c.c.C.[Tomcat].[localhost].[/member]          :168  [32m                  [0;39m Initializing Spring embedded WebApplicationContext
2025-05-07 10:50:15.792 INFO  o.s.b.w.s.c.ServletWebServerApplicationContext    :301  [32m                  [0;39m Root WebApplicationContext: initialization completed in 197 ms
2025-05-07 10:50:15.982 INFO  o.s.b.d.autoconfigure.OptionalLiveReloadServer    :59   [32m                  [0;39m LiveReload server is running on port 35729
2025-05-07 10:50:16.010 INFO  org.apache.coyote.http11.Http11NioProtocol        :168  [32m                  [0;39m Starting ProtocolHandler ["http-nio-8001"]
2025-05-07 10:50:16.017 INFO  o.s.boot.web.embedded.tomcat.TomcatWebServer      :243  [32m                  [0;39m Tomcat started on port 8001 (http) with context path '/member'
2025-05-07 10:50:16.029 INFO  com.jiawa.train.member.config.MemberApplication   :59   [32m                  [0;39m Started MemberApplication in 0.47 seconds (process running for 426.955)
2025-05-07 10:50:16.030 INFO  o.s.b.d.a.ConditionEvaluationDeltaLoggingListener :63   [32m                  [0;39m Condition evaluation unchanged
2025-05-07 10:50:16.031 INFO  com.jiawa.train.member.config.MemberApplication   :23   [32m                  [0;39m 启动成功!
2025-05-07 10:50:16.031 INFO  com.jiawa.train.member.config.MemberApplication   :24   [32m                  [0;39m 地址：	http://127.0.0.1:8001/test
2025-05-07 10:50:20.621 INFO  o.a.c.c.C.[Tomcat].[localhost].[/member]          :168  [32m                  [0;39m Initializing Spring DispatcherServlet 'dispatcherServlet'
2025-05-07 10:50:20.621 INFO  org.springframework.web.servlet.DispatcherServlet :532  [32m                  [0;39m Initializing Servlet 'dispatcherServlet'
2025-05-07 10:50:20.621 INFO  org.springframework.web.servlet.DispatcherServlet :554  [32m                  [0;39m Completed initialization in 0 ms
2025-05-07 10:50:20.623 INFO  com.jiawa.train.common.aspect.LogAspect           :52   [32m17465862206235p1  [0;39m ------------- 开始 -------------
2025-05-07 10:50:20.623 INFO  com.jiawa.train.common.aspect.LogAspect           :53   [32m17465862206235p1  [0;39m 请求地址: http://127.0.0.1:8001/member/member/register POST
2025-05-07 10:50:20.623 INFO  com.jiawa.train.common.aspect.LogAspect           :54   [32m17465862206235p1  [0;39m 类名方法: com.jiawa.train.member.controller.MemberController.register
2025-05-07 10:50:20.623 INFO  com.jiawa.train.common.aspect.LogAspect           :55   [32m17465862206235p1  [0;39m 远程地址: 127.0.0.1
2025-05-07 10:50:20.625 INFO  com.jiawa.train.common.aspect.LogAspect           :83   [32m17465862206235p1  [0;39m 请求参数: [{"mobile":"123456677"}]
2025-05-07 10:50:20.627 INFO  com.zaxxer.hikari.HikariDataSource                :109  [32m17465862206235p1  [0;39m HikariPool-3 - Starting...
2025-05-07 10:50:20.648 INFO  com.zaxxer.hikari.pool.HikariPool                 :554  [32m17465862206235p1  [0;39m HikariPool-3 - Added connection com.mysql.cj.jdbc.ConnectionImpl@2f1edd7c
2025-05-07 10:50:20.648 INFO  com.zaxxer.hikari.HikariDataSource                :122  [32m17465862206235p1  [0;39m HikariPool-3 - Start completed.
2025-05-07 10:50:20.649 DEBUG c.j.t.member.mapper.MemberMapper.selectByExample  :135  [32m17465862206235p1  [0;39m ==>  Preparing: select id, mobile from member WHERE ( mobile = ? )
2025-05-07 10:50:20.649 DEBUG c.j.t.member.mapper.MemberMapper.selectByExample  :135  [32m17465862206235p1  [0;39m ==> Parameters: 123456677(String)
2025-05-07 10:50:20.651 TRACE c.j.t.member.mapper.MemberMapper.selectByExample  :141  [32m17465862206235p1  [0;39m <==    Columns: id, mobile
2025-05-07 10:50:20.651 TRACE c.j.t.member.mapper.MemberMapper.selectByExample  :141  [32m17465862206235p1  [0;39m <==        Row: 1746586139621, 123456677
2025-05-07 10:50:20.651 DEBUG c.j.t.member.mapper.MemberMapper.selectByExample  :135  [32m17465862206235p1  [0;39m <==      Total: 1
2025-05-07 10:50:20.653 ERROR c.j.t.common.controller.ControllerExceptionHandler:31   [32m17465862206235p1  [0;39m 系统异常：手机号已注册
2025-05-07 10:50:20.655 WARN  o.s.w.s.m.m.a.ExceptionHandlerExceptionResolver   :254  [32m17465862206235p1  [0;39m Resolved [com.jiawa.train.common.exception.BusinessException]
2025-05-07 10:57:52.955 INFO  o.s.b.d.a.LocalDevToolsAutoConfiguration$RestartingClassPathChangeChangedEventListener:211  [32m                  [0;39m Restarting due to 18 class path changes (0 additions, 0 deletions, 18 modifications)
2025-05-07 10:57:52.957 INFO  o.s.boot.web.embedded.tomcat.GracefulShutdown     :54   [32m                  [0;39m Commencing graceful shutdown. Waiting for active requests to complete
2025-05-07 10:57:52.957 INFO  org.apache.coyote.http11.Http11NioProtocol        :168  [32m                  [0;39m Pausing ProtocolHandler ["http-nio-8001"]
2025-05-07 10:57:52.973 INFO  o.s.boot.web.embedded.tomcat.GracefulShutdown     :76   [32m                  [0;39m Graceful shutdown complete
2025-05-07 10:57:52.974 INFO  org.apache.coyote.http11.Http11NioProtocol        :168  [32m                  [0;39m Stopping ProtocolHandler ["http-nio-8001"]
2025-05-07 10:57:52.977 INFO  com.zaxxer.hikari.HikariDataSource                :349  [32m                  [0;39m HikariPool-3 - Shutdown initiated...
2025-05-07 10:57:52.979 INFO  com.zaxxer.hikari.HikariDataSource                :351  [32m                  [0;39m HikariPool-3 - Shutdown completed.
2025-05-07 10:57:53.057 INFO  com.jiawa.train.member.config.MemberApplication   :53   [32m                  [0;39m Starting MemberApplication using Java 21.0.2 with PID 7820 (E:\12306-train\train\member\target\classes started by user in E:\12306-train\train)
2025-05-07 10:57:53.058 INFO  com.jiawa.train.member.config.MemberApplication   :652  [32m                  [0;39m No active profile set, falling back to 1 default profile: "default"
2025-05-07 10:57:53.194 INFO  o.springframework.cloud.context.scope.GenericScope:282  [32m                  [0;39m BeanFactory id=66c3d467-3fbb-3b17-aa84-5ccaedd30892
2025-05-07 10:57:53.270 INFO  o.s.boot.web.embedded.tomcat.TomcatWebServer      :111  [32m                  [0;39m Tomcat initialized with port 8001 (http)
2025-05-07 10:57:53.270 INFO  org.apache.coyote.http11.Http11NioProtocol        :168  [32m                  [0;39m Initializing ProtocolHandler ["http-nio-8001"]
2025-05-07 10:57:53.270 INFO  org.apache.catalina.core.StandardService          :168  [32m                  [0;39m Starting service [Tomcat]
2025-05-07 10:57:53.270 INFO  org.apache.catalina.core.StandardEngine           :168  [32m                  [0;39m Starting Servlet engine: [Apache Tomcat/10.1.40]
2025-05-07 10:57:53.292 INFO  o.a.c.c.C.[Tomcat].[localhost].[/member]          :168  [32m                  [0;39m Initializing Spring embedded WebApplicationContext
2025-05-07 10:57:53.293 INFO  o.s.b.w.s.c.ServletWebServerApplicationContext    :301  [32m                  [0;39m Root WebApplicationContext: initialization completed in 234 ms
2025-05-07 10:57:53.489 INFO  o.s.b.d.autoconfigure.OptionalLiveReloadServer    :59   [32m                  [0;39m LiveReload server is running on port 35729
2025-05-07 10:57:53.523 INFO  org.apache.coyote.http11.Http11NioProtocol        :168  [32m                  [0;39m Starting ProtocolHandler ["http-nio-8001"]
2025-05-07 10:57:53.526 INFO  o.s.boot.web.embedded.tomcat.TomcatWebServer      :243  [32m                  [0;39m Tomcat started on port 8001 (http) with context path '/member'
2025-05-07 10:57:53.537 INFO  com.jiawa.train.member.config.MemberApplication   :59   [32m                  [0;39m Started MemberApplication in 0.519 seconds (process running for 884.464)
2025-05-07 10:57:53.538 INFO  o.s.b.d.a.ConditionEvaluationDeltaLoggingListener :63   [32m                  [0;39m Condition evaluation unchanged
2025-05-07 10:57:53.538 INFO  com.jiawa.train.member.config.MemberApplication   :23   [32m                  [0;39m 启动成功!
2025-05-07 10:57:53.539 INFO  com.jiawa.train.member.config.MemberApplication   :24   [32m                  [0;39m 地址：	http://127.0.0.1:8001/test
2025-05-07 10:58:51.877 INFO  o.s.b.d.a.LocalDevToolsAutoConfiguration$RestartingClassPathChangeChangedEventListener:211  [32m                  [0;39m Restarting due to 1 class path change (0 additions, 0 deletions, 1 modification)
2025-05-07 10:58:51.878 INFO  o.s.boot.web.embedded.tomcat.GracefulShutdown     :54   [32m                  [0;39m Commencing graceful shutdown. Waiting for active requests to complete
2025-05-07 10:58:51.878 INFO  org.apache.coyote.http11.Http11NioProtocol        :168  [32m                  [0;39m Pausing ProtocolHandler ["http-nio-8001"]
2025-05-07 10:58:51.892 INFO  o.s.boot.web.embedded.tomcat.GracefulShutdown     :76   [32m                  [0;39m Graceful shutdown complete
2025-05-07 10:58:51.892 INFO  org.apache.coyote.http11.Http11NioProtocol        :168  [32m                  [0;39m Stopping ProtocolHandler ["http-nio-8001"]
2025-05-07 10:58:51.967 INFO  com.jiawa.train.member.config.MemberApplication   :53   [32m                  [0;39m Starting MemberApplication using Java 21.0.2 with PID 7820 (E:\12306-train\train\member\target\classes started by user in E:\12306-train\train)
2025-05-07 10:58:51.968 INFO  com.jiawa.train.member.config.MemberApplication   :652  [32m                  [0;39m No active profile set, falling back to 1 default profile: "default"
2025-05-07 10:58:52.083 INFO  o.springframework.cloud.context.scope.GenericScope:282  [32m                  [0;39m BeanFactory id=66c3d467-3fbb-3b17-aa84-5ccaedd30892
2025-05-07 10:58:52.167 INFO  o.s.boot.web.embedded.tomcat.TomcatWebServer      :111  [32m                  [0;39m Tomcat initialized with port 8001 (http)
2025-05-07 10:58:52.167 INFO  org.apache.coyote.http11.Http11NioProtocol        :168  [32m                  [0;39m Initializing ProtocolHandler ["http-nio-8001"]
2025-05-07 10:58:52.168 INFO  org.apache.catalina.core.StandardService          :168  [32m                  [0;39m Starting service [Tomcat]
2025-05-07 10:58:52.168 INFO  org.apache.catalina.core.StandardEngine           :168  [32m                  [0;39m Starting Servlet engine: [Apache Tomcat/10.1.40]
2025-05-07 10:58:52.194 INFO  o.a.c.c.C.[Tomcat].[localhost].[/member]          :168  [32m                  [0;39m Initializing Spring embedded WebApplicationContext
2025-05-07 10:58:52.194 INFO  o.s.b.w.s.c.ServletWebServerApplicationContext    :301  [32m                  [0;39m Root WebApplicationContext: initialization completed in 225 ms
2025-05-07 10:58:52.426 INFO  o.s.b.d.autoconfigure.OptionalLiveReloadServer    :59   [32m                  [0;39m LiveReload server is running on port 35729
2025-05-07 10:58:52.465 INFO  org.apache.coyote.http11.Http11NioProtocol        :168  [32m                  [0;39m Starting ProtocolHandler ["http-nio-8001"]
2025-05-07 10:58:52.469 INFO  o.s.boot.web.embedded.tomcat.TomcatWebServer      :243  [32m                  [0;39m Tomcat started on port 8001 (http) with context path '/member'
2025-05-07 10:58:52.479 INFO  com.jiawa.train.member.config.MemberApplication   :59   [32m                  [0;39m Started MemberApplication in 0.549 seconds (process running for 943.406)
2025-05-07 10:58:52.480 INFO  o.s.b.d.a.ConditionEvaluationDeltaLoggingListener :63   [32m                  [0;39m Condition evaluation unchanged
2025-05-07 10:58:52.480 INFO  com.jiawa.train.member.config.MemberApplication   :23   [32m                  [0;39m 启动成功!
2025-05-07 10:58:52.480 INFO  com.jiawa.train.member.config.MemberApplication   :24   [32m                  [0;39m 地址：	http://127.0.0.1:8001/test
2025-05-07 10:58:55.282 INFO  o.s.boot.web.embedded.tomcat.GracefulShutdown     :54   [32m                  [0;39m Commencing graceful shutdown. Waiting for active requests to complete
2025-05-07 10:58:55.305 INFO  o.s.boot.web.embedded.tomcat.GracefulShutdown     :76   [32m                  [0;39m Graceful shutdown complete
2025-05-07 11:03:38.922 INFO  org.hibernate.validator.internal.util.Version     :21   [32m                  [0;39m HV000001: Hibernate Validator 8.0.2.Final
2025-05-07 11:03:38.981 INFO  com.jiawa.train.member.config.MemberApplication   :53   [32m                  [0;39m Starting MemberApplication using Java 21.0.2 with PID 14204 (E:\12306-train\train\member\target\classes started by user in E:\12306-train\train)
2025-05-07 11:03:38.983 INFO  com.jiawa.train.member.config.MemberApplication   :652  [32m                  [0;39m No active profile set, falling back to 1 default profile: "default"
2025-05-07 11:03:39.041 INFO  o.s.b.d.env.DevToolsPropertyDefaultsPostProcessor :252  [32m                  [0;39m Devtools property defaults active! Set 'spring.devtools.add-properties' to 'false' to disable
2025-05-07 11:03:39.041 INFO  o.s.b.d.env.DevToolsPropertyDefaultsPostProcessor :252  [32m                  [0;39m For additional web related logging consider setting the 'logging.level.web' property to 'DEBUG'
2025-05-07 11:03:39.804 INFO  o.springframework.cloud.context.scope.GenericScope:282  [32m                  [0;39m BeanFactory id=4f982214-b4f4-3cb0-8e4f-2b16ca3677ba
2025-05-07 11:03:40.303 INFO  o.s.boot.web.embedded.tomcat.TomcatWebServer      :111  [32m                  [0;39m Tomcat initialized with port 8001 (http)
2025-05-07 11:03:40.316 INFO  org.apache.coyote.http11.Http11NioProtocol        :168  [32m                  [0;39m Initializing ProtocolHandler ["http-nio-8001"]
2025-05-07 11:03:40.317 INFO  org.apache.catalina.core.StandardService          :168  [32m                  [0;39m Starting service [Tomcat]
2025-05-07 11:03:40.317 INFO  org.apache.catalina.core.StandardEngine           :168  [32m                  [0;39m Starting Servlet engine: [Apache Tomcat/10.1.40]
2025-05-07 11:03:40.387 INFO  o.a.c.c.C.[Tomcat].[localhost].[/member]          :168  [32m                  [0;39m Initializing Spring embedded WebApplicationContext
2025-05-07 11:03:40.388 INFO  o.s.b.w.s.c.ServletWebServerApplicationContext    :301  [32m                  [0;39m Root WebApplicationContext: initialization completed in 1347 ms
2025-05-07 11:03:41.150 INFO  o.s.b.d.autoconfigure.OptionalLiveReloadServer    :59   [32m                  [0;39m LiveReload server is running on port 35729
2025-05-07 11:03:41.210 INFO  org.apache.coyote.http11.Http11NioProtocol        :168  [32m                  [0;39m Starting ProtocolHandler ["http-nio-8001"]
2025-05-07 11:03:41.229 INFO  o.s.boot.web.embedded.tomcat.TomcatWebServer      :243  [32m                  [0;39m Tomcat started on port 8001 (http) with context path '/member'
2025-05-07 11:03:41.247 INFO  com.jiawa.train.member.config.MemberApplication   :59   [32m                  [0;39m Started MemberApplication in 2.812 seconds (process running for 3.43)
2025-05-07 11:03:41.252 INFO  com.jiawa.train.member.config.MemberApplication   :23   [32m                  [0;39m 启动成功!
2025-05-07 11:03:41.252 INFO  com.jiawa.train.member.config.MemberApplication   :24   [32m                  [0;39m 地址：	http://127.0.0.1:8001/test
2025-05-07 11:04:01.701 INFO  o.a.c.c.C.[Tomcat].[localhost].[/member]          :168  [32m                  [0;39m Initializing Spring DispatcherServlet 'dispatcherServlet'
2025-05-07 11:04:01.701 INFO  org.springframework.web.servlet.DispatcherServlet :532  [32m                  [0;39m Initializing Servlet 'dispatcherServlet'
2025-05-07 11:04:01.702 INFO  org.springframework.web.servlet.DispatcherServlet :554  [32m                  [0;39m Completed initialization in 1 ms
2025-05-07 11:04:01.755 INFO  com.jiawa.train.common.aspect.LogAspect           :52   [32m1746587041752g4n  [0;39m ------------- 开始 -------------
2025-05-07 11:04:01.755 INFO  com.jiawa.train.common.aspect.LogAspect           :53   [32m1746587041752g4n  [0;39m 请求地址: http://127.0.0.1:8001/member/member/register POST
2025-05-07 11:04:01.755 INFO  com.jiawa.train.common.aspect.LogAspect           :54   [32m1746587041752g4n  [0;39m 类名方法: com.jiawa.train.member.controller.MemberController.register
2025-05-07 11:04:01.755 INFO  com.jiawa.train.common.aspect.LogAspect           :55   [32m1746587041752g4n  [0;39m 远程地址: 127.0.0.1
2025-05-07 11:04:01.843 INFO  com.jiawa.train.common.aspect.LogAspect           :83   [32m1746587041752g4n  [0;39m 请求参数: [{"mobile":"123456677"}]
2025-05-07 11:04:01.876 INFO  com.zaxxer.hikari.HikariDataSource                :109  [32m1746587041752g4n  [0;39m HikariPool-1 - Starting...
2025-05-07 11:04:02.146 INFO  com.zaxxer.hikari.pool.HikariPool                 :554  [32m1746587041752g4n  [0;39m HikariPool-1 - Added connection com.mysql.cj.jdbc.ConnectionImpl@24fd6ac4
2025-05-07 11:04:02.147 INFO  com.zaxxer.hikari.HikariDataSource                :122  [32m1746587041752g4n  [0;39m HikariPool-1 - Start completed.
2025-05-07 11:04:02.152 DEBUG c.j.t.member.mapper.MemberMapper.selectByExample  :135  [32m1746587041752g4n  [0;39m ==>  Preparing: select id, mobile from member WHERE ( mobile = ? )
2025-05-07 11:04:02.169 DEBUG c.j.t.member.mapper.MemberMapper.selectByExample  :135  [32m1746587041752g4n  [0;39m ==> Parameters: 123456677(String)
2025-05-07 11:04:02.183 TRACE c.j.t.member.mapper.MemberMapper.selectByExample  :141  [32m1746587041752g4n  [0;39m <==    Columns: id, mobile
2025-05-07 11:04:02.184 TRACE c.j.t.member.mapper.MemberMapper.selectByExample  :141  [32m1746587041752g4n  [0;39m <==        Row: 1746586139621, 123456677
2025-05-07 11:04:02.185 DEBUG c.j.t.member.mapper.MemberMapper.selectByExample  :135  [32m1746587041752g4n  [0;39m <==      Total: 1
2025-05-07 11:04:02.191 ERROR c.j.t.common.controller.ControllerExceptionHandler:31   [32m1746587041752g4n  [0;39m 系统异常：手机号已注册
2025-05-07 11:04:02.223 WARN  o.s.w.s.m.m.a.ExceptionHandlerExceptionResolver   :254  [32m1746587041752g4n  [0;39m Resolved [com.jiawa.train.common.exception.BusinessException]
2025-05-07 11:04:10.666 ERROR c.j.t.common.controller.ControllerExceptionHandler:51   [32m                  [0;39m 系统异常：
org.springframework.web.bind.MethodArgumentNotValidException: Validation failed for argument [0] in public com.jiawa.train.common.resp.CommonResp<java.lang.Long> com.jiawa.train.member.controller.MemberController.register(com.jiawa.train.member.req.MemberRegisterReq): [Field error in object 'memberRegisterReq' on field 'mobile': rejected value []; codes [NotBlank.memberRegisterReq.mobile,NotBlank.mobile,NotBlank.java.lang.String,NotBlank]; arguments [org.springframework.context.support.DefaultMessageSourceResolvable: codes [memberRegisterReq.mobile,mobile]; arguments []; default message [mobile]]; default message [[手机号]不能为空]] 
	at org.springframework.web.method.annotation.ModelAttributeMethodProcessor.resolveArgument(ModelAttributeMethodProcessor.java:158)
	at org.springframework.web.method.support.HandlerMethodArgumentResolverComposite.resolveArgument(HandlerMethodArgumentResolverComposite.java:122)
	at org.springframework.web.method.support.InvocableHandlerMethod.getMethodArgumentValues(InvocableHandlerMethod.java:227)
	at org.springframework.web.method.support.InvocableHandlerMethod.invokeForRequest(InvocableHandlerMethod.java:181)
	at org.springframework.web.servlet.mvc.method.annotation.ServletInvocableHandlerMethod.invokeAndHandle(ServletInvocableHandlerMethod.java:118)
	at org.springframework.web.servlet.mvc.method.annotation.RequestMappingHandlerAdapter.invokeHandlerMethod(RequestMappingHandlerAdapter.java:986)
	at org.springframework.web.servlet.mvc.method.annotation.RequestMappingHandlerAdapter.handleInternal(RequestMappingHandlerAdapter.java:891)
	at org.springframework.web.servlet.mvc.method.AbstractHandlerMethodAdapter.handle(AbstractHandlerMethodAdapter.java:87)
	at org.springframework.web.servlet.DispatcherServlet.doDispatch(DispatcherServlet.java:1089)
	at org.springframework.web.servlet.DispatcherServlet.doService(DispatcherServlet.java:979)
	at org.springframework.web.servlet.FrameworkServlet.processRequest(FrameworkServlet.java:1014)
	at org.springframework.web.servlet.FrameworkServlet.doPost(FrameworkServlet.java:914)
	at jakarta.servlet.http.HttpServlet.service(HttpServlet.java:590)
	at org.springframework.web.servlet.FrameworkServlet.service(FrameworkServlet.java:885)
	at jakarta.servlet.http.HttpServlet.service(HttpServlet.java:658)
	at org.apache.catalina.core.ApplicationFilterChain.internalDoFilter(ApplicationFilterChain.java:195)
	at org.apache.catalina.core.ApplicationFilterChain.doFilter(ApplicationFilterChain.java:140)
	at org.apache.tomcat.websocket.server.WsFilter.doFilter(WsFilter.java:51)
	at org.apache.catalina.core.ApplicationFilterChain.internalDoFilter(ApplicationFilterChain.java:164)
	at org.apache.catalina.core.ApplicationFilterChain.doFilter(ApplicationFilterChain.java:140)
	at org.springframework.web.filter.RequestContextFilter.doFilterInternal(RequestContextFilter.java:100)
	at org.springframework.web.filter.OncePerRequestFilter.doFilter(OncePerRequestFilter.java:116)
	at org.apache.catalina.core.ApplicationFilterChain.internalDoFilter(ApplicationFilterChain.java:164)
	at org.apache.catalina.core.ApplicationFilterChain.doFilter(ApplicationFilterChain.java:140)
	at org.springframework.web.filter.FormContentFilter.doFilterInternal(FormContentFilter.java:93)
	at org.springframework.web.filter.OncePerRequestFilter.doFilter(OncePerRequestFilter.java:116)
	at org.apache.catalina.core.ApplicationFilterChain.internalDoFilter(ApplicationFilterChain.java:164)
	at org.apache.catalina.core.ApplicationFilterChain.doFilter(ApplicationFilterChain.java:140)
	at org.springframework.web.filter.CharacterEncodingFilter.doFilterInternal(CharacterEncodingFilter.java:201)
	at org.springframework.web.filter.OncePerRequestFilter.doFilter(OncePerRequestFilter.java:116)
	at org.apache.catalina.core.ApplicationFilterChain.internalDoFilter(ApplicationFilterChain.java:164)
	at org.apache.catalina.core.ApplicationFilterChain.doFilter(ApplicationFilterChain.java:140)
	at org.apache.catalina.core.StandardWrapperValve.invoke(StandardWrapperValve.java:167)
	at org.apache.catalina.core.StandardContextValve.invoke(StandardContextValve.java:90)
	at org.apache.catalina.authenticator.AuthenticatorBase.invoke(AuthenticatorBase.java:483)
	at org.apache.catalina.core.StandardHostValve.invoke(StandardHostValve.java:116)
	at org.apache.catalina.valves.ErrorReportValve.invoke(ErrorReportValve.java:93)
	at org.apache.catalina.core.StandardEngineValve.invoke(StandardEngineValve.java:74)
	at org.apache.catalina.connector.CoyoteAdapter.service(CoyoteAdapter.java:344)
	at org.apache.coyote.http11.Http11Processor.service(Http11Processor.java:398)
	at org.apache.coyote.AbstractProcessorLight.process(AbstractProcessorLight.java:63)
	at org.apache.coyote.AbstractProtocol$ConnectionHandler.process(AbstractProtocol.java:903)
	at org.apache.tomcat.util.net.NioEndpoint$SocketProcessor.doRun(NioEndpoint.java:1740)
	at org.apache.tomcat.util.net.SocketProcessorBase.run(SocketProcessorBase.java:52)
	at org.apache.tomcat.util.threads.ThreadPoolExecutor.runWorker(ThreadPoolExecutor.java:1189)
	at org.apache.tomcat.util.threads.ThreadPoolExecutor$Worker.run(ThreadPoolExecutor.java:658)
	at org.apache.tomcat.util.threads.TaskThread$WrappingRunnable.run(TaskThread.java:63)
	at java.base/java.lang.Thread.run(Thread.java:1583)
2025-05-07 11:04:10.670 WARN  o.s.w.s.m.m.a.ExceptionHandlerExceptionResolver   :254  [32m                  [0;39m Resolved [org.springframework.web.bind.MethodArgumentNotValidException: Validation failed for argument [0] in public com.jiawa.train.common.resp.CommonResp<java.lang.Long> com.jiawa.train.member.controller.MemberController.register(com.jiawa.train.member.req.MemberRegisterReq): [Field error in object 'memberRegisterReq' on field 'mobile': rejected value []; codes [NotBlank.memberRegisterReq.mobile,NotBlank.mobile,NotBlank.java.lang.String,NotBlank]; arguments [org.springframework.context.support.DefaultMessageSourceResolvable: codes [memberRegisterReq.mobile,mobile]; arguments []; default message [mobile]]; default message [[手机号]不能为空]] ]
2025-05-07 11:11:10.305 INFO  o.s.b.d.a.LocalDevToolsAutoConfiguration$RestartingClassPathChangeChangedEventListener:211  [32m                  [0;39m Restarting due to 1 class path change (0 additions, 1 deletion, 0 modifications)
2025-05-07 11:11:10.309 INFO  o.s.boot.web.embedded.tomcat.GracefulShutdown     :54   [32m                  [0;39m Commencing graceful shutdown. Waiting for active requests to complete
2025-05-07 11:11:10.310 INFO  org.apache.coyote.http11.Http11NioProtocol        :168  [32m                  [0;39m Pausing ProtocolHandler ["http-nio-8001"]
2025-05-07 11:11:10.326 INFO  o.s.boot.web.embedded.tomcat.GracefulShutdown     :76   [32m                  [0;39m Graceful shutdown complete
2025-05-07 11:11:10.326 INFO  org.apache.coyote.http11.Http11NioProtocol        :168  [32m                  [0;39m Stopping ProtocolHandler ["http-nio-8001"]
2025-05-07 11:11:10.333 INFO  com.zaxxer.hikari.HikariDataSource                :349  [32m                  [0;39m HikariPool-1 - Shutdown initiated...
2025-05-07 11:11:10.340 INFO  com.zaxxer.hikari.HikariDataSource                :351  [32m                  [0;39m HikariPool-1 - Shutdown completed.
2025-05-07 11:11:10.454 INFO  com.jiawa.train.member.config.MemberApplication   :53   [32m                  [0;39m Starting MemberApplication using Java 21.0.2 with PID 14204 (E:\12306-train\train\member\target\classes started by user in E:\12306-train\train)
2025-05-07 11:11:10.454 INFO  com.jiawa.train.member.config.MemberApplication   :652  [32m                  [0;39m No active profile set, falling back to 1 default profile: "default"
2025-05-07 11:11:10.612 INFO  o.springframework.cloud.context.scope.GenericScope:282  [32m                  [0;39m BeanFactory id=4f982214-b4f4-3cb0-8e4f-2b16ca3677ba
2025-05-07 11:11:10.688 INFO  o.s.boot.web.embedded.tomcat.TomcatWebServer      :111  [32m                  [0;39m Tomcat initialized with port 8001 (http)
2025-05-07 11:11:10.688 INFO  org.apache.coyote.http11.Http11NioProtocol        :168  [32m                  [0;39m Initializing ProtocolHandler ["http-nio-8001"]
2025-05-07 11:11:10.689 INFO  org.apache.catalina.core.StandardService          :168  [32m                  [0;39m Starting service [Tomcat]
2025-05-07 11:11:10.689 INFO  org.apache.catalina.core.StandardEngine           :168  [32m                  [0;39m Starting Servlet engine: [Apache Tomcat/10.1.40]
2025-05-07 11:11:10.714 INFO  o.a.c.c.C.[Tomcat].[localhost].[/member]          :168  [32m                  [0;39m Initializing Spring embedded WebApplicationContext
2025-05-07 11:11:10.714 INFO  o.s.b.w.s.c.ServletWebServerApplicationContext    :301  [32m                  [0;39m Root WebApplicationContext: initialization completed in 259 ms
2025-05-07 11:11:10.948 INFO  o.s.b.d.autoconfigure.OptionalLiveReloadServer    :59   [32m                  [0;39m LiveReload server is running on port 35729
2025-05-07 11:11:10.987 INFO  org.apache.coyote.http11.Http11NioProtocol        :168  [32m                  [0;39m Starting ProtocolHandler ["http-nio-8001"]
2025-05-07 11:11:10.993 INFO  o.s.boot.web.embedded.tomcat.TomcatWebServer      :243  [32m                  [0;39m Tomcat started on port 8001 (http) with context path '/member'
2025-05-07 11:11:11.007 INFO  com.jiawa.train.member.config.MemberApplication   :59   [32m                  [0;39m Started MemberApplication in 0.607 seconds (process running for 453.19)
2025-05-07 11:11:11.008 INFO  o.s.b.d.a.ConditionEvaluationDeltaLoggingListener :63   [32m                  [0;39m Condition evaluation unchanged
2025-05-07 11:11:11.009 INFO  com.jiawa.train.member.config.MemberApplication   :23   [32m                  [0;39m 启动成功!
2025-05-07 11:11:11.010 INFO  com.jiawa.train.member.config.MemberApplication   :24   [32m                  [0;39m 地址：	http://127.0.0.1:8001/test
2025-05-07 11:11:12.385 INFO  o.s.b.d.a.LocalDevToolsAutoConfiguration$RestartingClassPathChangeChangedEventListener:211  [32m                  [0;39m Restarting due to 1 class path change (1 addition, 0 deletions, 0 modifications)
2025-05-07 11:11:12.388 INFO  o.s.boot.web.embedded.tomcat.GracefulShutdown     :54   [32m                  [0;39m Commencing graceful shutdown. Waiting for active requests to complete
2025-05-07 11:11:12.389 INFO  org.apache.coyote.http11.Http11NioProtocol        :168  [32m                  [0;39m Pausing ProtocolHandler ["http-nio-8001"]
2025-05-07 11:11:12.402 INFO  o.s.boot.web.embedded.tomcat.GracefulShutdown     :76   [32m                  [0;39m Graceful shutdown complete
2025-05-07 11:11:12.403 INFO  org.apache.coyote.http11.Http11NioProtocol        :168  [32m                  [0;39m Stopping ProtocolHandler ["http-nio-8001"]
2025-05-07 11:11:12.472 INFO  com.jiawa.train.member.config.MemberApplication   :53   [32m                  [0;39m Starting MemberApplication using Java 21.0.2 with PID 14204 (E:\12306-train\train\member\target\classes started by user in E:\12306-train\train)
2025-05-07 11:11:12.472 INFO  com.jiawa.train.member.config.MemberApplication   :652  [32m                  [0;39m No active profile set, falling back to 1 default profile: "default"
2025-05-07 11:11:12.585 INFO  o.springframework.cloud.context.scope.GenericScope:282  [32m                  [0;39m BeanFactory id=4f982214-b4f4-3cb0-8e4f-2b16ca3677ba
2025-05-07 11:11:12.640 INFO  o.s.boot.web.embedded.tomcat.TomcatWebServer      :111  [32m                  [0;39m Tomcat initialized with port 8001 (http)
2025-05-07 11:11:12.641 INFO  org.apache.coyote.http11.Http11NioProtocol        :168  [32m                  [0;39m Initializing ProtocolHandler ["http-nio-8001"]
2025-05-07 11:11:12.641 INFO  org.apache.catalina.core.StandardService          :168  [32m                  [0;39m Starting service [Tomcat]
2025-05-07 11:11:12.641 INFO  org.apache.catalina.core.StandardEngine           :168  [32m                  [0;39m Starting Servlet engine: [Apache Tomcat/10.1.40]
2025-05-07 11:11:12.663 INFO  o.a.c.c.C.[Tomcat].[localhost].[/member]          :168  [32m                  [0;39m Initializing Spring embedded WebApplicationContext
2025-05-07 11:11:12.663 INFO  o.s.b.w.s.c.ServletWebServerApplicationContext    :301  [32m                  [0;39m Root WebApplicationContext: initialization completed in 190 ms
2025-05-07 11:11:12.850 INFO  o.s.b.d.autoconfigure.OptionalLiveReloadServer    :59   [32m                  [0;39m LiveReload server is running on port 35729
2025-05-07 11:11:12.880 INFO  org.apache.coyote.http11.Http11NioProtocol        :168  [32m                  [0;39m Starting ProtocolHandler ["http-nio-8001"]
2025-05-07 11:11:12.882 INFO  o.s.boot.web.embedded.tomcat.TomcatWebServer      :243  [32m                  [0;39m Tomcat started on port 8001 (http) with context path '/member'
2025-05-07 11:11:12.892 INFO  com.jiawa.train.member.config.MemberApplication   :59   [32m                  [0;39m Started MemberApplication in 0.451 seconds (process running for 455.076)
2025-05-07 11:11:12.893 INFO  o.s.b.d.a.ConditionEvaluationDeltaLoggingListener :63   [32m                  [0;39m Condition evaluation unchanged
2025-05-07 11:11:12.893 INFO  com.jiawa.train.member.config.MemberApplication   :23   [32m                  [0;39m 启动成功!
2025-05-07 11:11:12.893 INFO  com.jiawa.train.member.config.MemberApplication   :24   [32m                  [0;39m 地址：	http://127.0.0.1:8001/test
2025-05-07 11:11:15.142 INFO  o.s.boot.web.embedded.tomcat.GracefulShutdown     :54   [32m                  [0;39m Commencing graceful shutdown. Waiting for active requests to complete
2025-05-07 11:11:15.161 INFO  o.s.boot.web.embedded.tomcat.GracefulShutdown     :76   [32m                  [0;39m Graceful shutdown complete
2025-05-07 11:13:52.193 INFO  org.hibernate.validator.internal.util.Version     :21   [32m                  [0;39m HV000001: Hibernate Validator 8.0.2.Final
2025-05-07 11:13:52.229 INFO  com.jiawa.train.member.config.MemberApplication   :53   [32m                  [0;39m Starting MemberApplication using Java 21.0.2 with PID 14792 (E:\12306-train\train\member\target\classes started by user in E:\12306-train\train)
2025-05-07 11:13:52.230 INFO  com.jiawa.train.member.config.MemberApplication   :652  [32m                  [0;39m No active profile set, falling back to 1 default profile: "default"
2025-05-07 11:13:52.268 INFO  o.s.b.d.env.DevToolsPropertyDefaultsPostProcessor :252  [32m                  [0;39m Devtools property defaults active! Set 'spring.devtools.add-properties' to 'false' to disable
2025-05-07 11:13:52.269 INFO  o.s.b.d.env.DevToolsPropertyDefaultsPostProcessor :252  [32m                  [0;39m For additional web related logging consider setting the 'logging.level.web' property to 'DEBUG'
2025-05-07 11:13:52.892 INFO  o.springframework.cloud.context.scope.GenericScope:282  [32m                  [0;39m BeanFactory id=4f982214-b4f4-3cb0-8e4f-2b16ca3677ba
2025-05-07 11:13:53.381 INFO  o.s.boot.web.embedded.tomcat.TomcatWebServer      :111  [32m                  [0;39m Tomcat initialized with port 8001 (http)
2025-05-07 11:13:53.393 INFO  org.apache.coyote.http11.Http11NioProtocol        :168  [32m                  [0;39m Initializing ProtocolHandler ["http-nio-8001"]
2025-05-07 11:13:53.394 INFO  org.apache.catalina.core.StandardService          :168  [32m                  [0;39m Starting service [Tomcat]
2025-05-07 11:13:53.394 INFO  org.apache.catalina.core.StandardEngine           :168  [32m                  [0;39m Starting Servlet engine: [Apache Tomcat/10.1.40]
2025-05-07 11:13:53.441 INFO  o.a.c.c.C.[Tomcat].[localhost].[/member]          :168  [32m                  [0;39m Initializing Spring embedded WebApplicationContext
2025-05-07 11:13:53.442 INFO  o.s.b.w.s.c.ServletWebServerApplicationContext    :301  [32m                  [0;39m Root WebApplicationContext: initialization completed in 1173 ms
2025-05-07 11:13:54.122 INFO  o.s.b.d.autoconfigure.OptionalLiveReloadServer    :59   [32m                  [0;39m LiveReload server is running on port 35729
2025-05-07 11:13:54.178 INFO  org.apache.coyote.http11.Http11NioProtocol        :168  [32m                  [0;39m Starting ProtocolHandler ["http-nio-8001"]
2025-05-07 11:13:54.193 INFO  o.s.boot.web.embedded.tomcat.TomcatWebServer      :243  [32m                  [0;39m Tomcat started on port 8001 (http) with context path '/member'
2025-05-07 11:13:54.208 INFO  com.jiawa.train.member.config.MemberApplication   :59   [32m                  [0;39m Started MemberApplication in 2.374 seconds (process running for 3.167)
2025-05-07 11:13:54.210 INFO  com.jiawa.train.member.config.MemberApplication   :23   [32m                  [0;39m 启动成功!
2025-05-07 11:13:54.210 INFO  com.jiawa.train.member.config.MemberApplication   :24   [32m                  [0;39m 地址：	http://127.0.0.1:8001/test
2025-05-07 11:13:58.921 INFO  o.a.c.c.C.[Tomcat].[localhost].[/member]          :168  [32m                  [0;39m Initializing Spring DispatcherServlet 'dispatcherServlet'
2025-05-07 11:13:58.921 INFO  org.springframework.web.servlet.DispatcherServlet :532  [32m                  [0;39m Initializing Servlet 'dispatcherServlet'
2025-05-07 11:13:58.922 INFO  org.springframework.web.servlet.DispatcherServlet :554  [32m                  [0;39m Completed initialization in 1 ms
2025-05-07 17:08:01.755 ERROR c.j.t.common.controller.ControllerExceptionHandler:51   [32m                  [0;39m 系统异常：Validation failed for argument [0] in public com.jiawa.train.common.resp.CommonResp<java.lang.Long> com.jiawa.train.member.controller.MemberController.register(com.jiawa.train.member.req.MemberRegisterReq): [Field error in object 'memberRegisterReq' on field 'mobile': rejected value []; codes [NotBlank.memberRegisterReq.mobile,NotBlank.mobile,NotBlank.java.lang.String,NotBlank]; arguments [org.springframework.context.support.DefaultMessageSourceResolvable: codes [memberRegisterReq.mobile,mobile]; arguments []; default message [mobile]]; default message [[手机号]不能为空]] 
2025-05-07 17:08:01.827 INFO  o.s.boot.web.embedded.tomcat.GracefulShutdown     :54   [32m                  [0;39m Commencing graceful shutdown. Waiting for active requests to complete
2025-05-07 17:08:01.933 WARN  o.s.w.s.m.m.a.ExceptionHandlerExceptionResolver   :254  [32m                  [0;39m Resolved [org.springframework.web.bind.MethodArgumentNotValidException: Validation failed for argument [0] in public com.jiawa.train.common.resp.CommonResp<java.lang.Long> com.jiawa.train.member.controller.MemberController.register(com.jiawa.train.member.req.MemberRegisterReq): [Field error in object 'memberRegisterReq' on field 'mobile': rejected value []; codes [NotBlank.memberRegisterReq.mobile,NotBlank.mobile,NotBlank.java.lang.String,NotBlank]; arguments [org.springframework.context.support.DefaultMessageSourceResolvable: codes [memberRegisterReq.mobile,mobile]; arguments []; default message [mobile]]; default message [[手机号]不能为空]] ]
2025-05-07 17:08:01.971 INFO  o.s.boot.web.embedded.tomcat.GracefulShutdown     :76   [32m                  [0;39m Graceful shutdown complete
2025-05-07 17:08:17.741 INFO  org.hibernate.validator.internal.util.Version     :21   [32m                  [0;39m HV000001: Hibernate Validator 8.0.2.Final
2025-05-07 17:08:17.771 INFO  com.jiawa.train.member.config.MemberApplication   :53   [32m                  [0;39m Starting MemberApplication using Java 21.0.2 with PID 30256 (E:\12306-train\train\member\target\classes started by user in E:\12306-train\train)
2025-05-07 17:08:17.772 INFO  com.jiawa.train.member.config.MemberApplication   :652  [32m                  [0;39m No active profile set, falling back to 1 default profile: "default"
2025-05-07 17:08:17.819 INFO  o.s.b.d.env.DevToolsPropertyDefaultsPostProcessor :252  [32m                  [0;39m Devtools property defaults active! Set 'spring.devtools.add-properties' to 'false' to disable
2025-05-07 17:08:17.819 INFO  o.s.b.d.env.DevToolsPropertyDefaultsPostProcessor :252  [32m                  [0;39m For additional web related logging consider setting the 'logging.level.web' property to 'DEBUG'
2025-05-07 17:08:18.352 INFO  o.springframework.cloud.context.scope.GenericScope:282  [32m                  [0;39m BeanFactory id=4f982214-b4f4-3cb0-8e4f-2b16ca3677ba
2025-05-07 17:08:18.807 INFO  o.s.boot.web.embedded.tomcat.TomcatWebServer      :111  [32m                  [0;39m Tomcat initialized with port 8001 (http)
2025-05-07 17:08:18.925 INFO  org.apache.coyote.http11.Http11NioProtocol        :168  [32m                  [0;39m Initializing ProtocolHandler ["http-nio-8001"]
2025-05-07 17:08:18.926 INFO  org.apache.catalina.core.StandardService          :168  [32m                  [0;39m Starting service [Tomcat]
2025-05-07 17:08:18.926 INFO  org.apache.catalina.core.StandardEngine           :168  [32m                  [0;39m Starting Servlet engine: [Apache Tomcat/10.1.40]
2025-05-07 17:08:18.969 INFO  o.a.c.c.C.[Tomcat].[localhost].[/member]          :168  [32m                  [0;39m Initializing Spring embedded WebApplicationContext
2025-05-07 17:08:18.970 INFO  o.s.b.w.s.c.ServletWebServerApplicationContext    :301  [32m                  [0;39m Root WebApplicationContext: initialization completed in 1151 ms
2025-05-07 17:08:19.649 INFO  o.s.b.d.autoconfigure.OptionalLiveReloadServer    :59   [32m                  [0;39m LiveReload server is running on port 35729
2025-05-07 17:08:19.711 INFO  org.apache.coyote.http11.Http11NioProtocol        :168  [32m                  [0;39m Starting ProtocolHandler ["http-nio-8001"]
2025-05-07 17:08:19.726 INFO  o.s.boot.web.embedded.tomcat.TomcatWebServer      :243  [32m                  [0;39m Tomcat started on port 8001 (http) with context path '/member'
2025-05-07 17:08:19.741 INFO  com.jiawa.train.member.config.MemberApplication   :59   [32m                  [0;39m Started MemberApplication in 2.389 seconds (process running for 3.03)
2025-05-07 17:08:19.744 INFO  com.jiawa.train.member.config.MemberApplication   :23   [32m                  [0;39m 启动成功!
2025-05-07 17:08:19.744 INFO  com.jiawa.train.member.config.MemberApplication   :24   [32m                  [0;39m 地址：	http://127.0.0.1:8001/test
2025-05-07 17:08:25.569 INFO  o.a.c.c.C.[Tomcat].[localhost].[/member]          :168  [32m                  [0;39m Initializing Spring DispatcherServlet 'dispatcherServlet'
2025-05-07 17:08:25.569 INFO  org.springframework.web.servlet.DispatcherServlet :532  [32m                  [0;39m Initializing Servlet 'dispatcherServlet'
2025-05-07 17:08:25.570 INFO  org.springframework.web.servlet.DispatcherServlet :554  [32m                  [0;39m Completed initialization in 1 ms
2025-05-07 17:08:25.625 ERROR c.j.t.common.controller.ControllerExceptionHandler:51   [32m                  [0;39m 系统异常：[手机号]不能为空
2025-05-07 17:08:25.654 WARN  o.s.w.s.m.m.a.ExceptionHandlerExceptionResolver   :254  [32m                  [0;39m Resolved [org.springframework.web.bind.MethodArgumentNotValidException: Validation failed for argument [0] in public com.jiawa.train.common.resp.CommonResp<java.lang.Long> com.jiawa.train.member.controller.MemberController.register(com.jiawa.train.member.req.MemberRegisterReq): [Field error in object 'memberRegisterReq' on field 'mobile': rejected value []; codes [NotBlank.memberRegisterReq.mobile,NotBlank.mobile,NotBlank.java.lang.String,NotBlank]; arguments [org.springframework.context.support.DefaultMessageSourceResolvable: codes [memberRegisterReq.mobile,mobile]; arguments []; default message [mobile]]; default message [[手机号]不能为空]] ]
2025-05-07 17:09:36.367 INFO  o.s.boot.web.embedded.tomcat.GracefulShutdown     :54   [32m                  [0;39m Commencing graceful shutdown. Waiting for active requests to complete
2025-05-07 17:09:36.387 INFO  o.s.boot.web.embedded.tomcat.GracefulShutdown     :76   [32m                  [0;39m Graceful shutdown complete
2025-05-07 17:09:41.493 INFO  org.hibernate.validator.internal.util.Version     :21   [32m                  [0;39m HV000001: Hibernate Validator 8.0.2.Final
2025-05-07 17:09:41.530 INFO  com.jiawa.train.member.config.MemberApplication   :53   [32m                  [0;39m Starting MemberApplication using Java 21.0.2 with PID 12976 (E:\12306-train\train\member\target\classes started by user in E:\12306-train\train)
2025-05-07 17:09:41.531 INFO  com.jiawa.train.member.config.MemberApplication   :652  [32m                  [0;39m No active profile set, falling back to 1 default profile: "default"
2025-05-07 17:09:41.568 INFO  o.s.b.d.env.DevToolsPropertyDefaultsPostProcessor :252  [32m                  [0;39m Devtools property defaults active! Set 'spring.devtools.add-properties' to 'false' to disable
2025-05-07 17:09:41.568 INFO  o.s.b.d.env.DevToolsPropertyDefaultsPostProcessor :252  [32m                  [0;39m For additional web related logging consider setting the 'logging.level.web' property to 'DEBUG'
2025-05-07 17:09:42.096 INFO  o.springframework.cloud.context.scope.GenericScope:282  [32m                  [0;39m BeanFactory id=4f982214-b4f4-3cb0-8e4f-2b16ca3677ba
2025-05-07 17:09:42.532 INFO  o.s.boot.web.embedded.tomcat.TomcatWebServer      :111  [32m                  [0;39m Tomcat initialized with port 8001 (http)
2025-05-07 17:09:42.544 INFO  org.apache.coyote.http11.Http11NioProtocol        :168  [32m                  [0;39m Initializing ProtocolHandler ["http-nio-8001"]
2025-05-07 17:09:42.545 INFO  org.apache.catalina.core.StandardService          :168  [32m                  [0;39m Starting service [Tomcat]
2025-05-07 17:09:42.545 INFO  org.apache.catalina.core.StandardEngine           :168  [32m                  [0;39m Starting Servlet engine: [Apache Tomcat/10.1.40]
2025-05-07 17:09:42.590 INFO  o.a.c.c.C.[Tomcat].[localhost].[/member]          :168  [32m                  [0;39m Initializing Spring embedded WebApplicationContext
2025-05-07 17:09:42.591 INFO  o.s.b.w.s.c.ServletWebServerApplicationContext    :301  [32m                  [0;39m Root WebApplicationContext: initialization completed in 1022 ms
2025-05-07 17:09:43.195 INFO  o.s.b.d.autoconfigure.OptionalLiveReloadServer    :59   [32m                  [0;39m LiveReload server is running on port 35729
2025-05-07 17:09:43.251 INFO  org.apache.coyote.http11.Http11NioProtocol        :168  [32m                  [0;39m Starting ProtocolHandler ["http-nio-8001"]
2025-05-07 17:09:43.263 INFO  o.s.boot.web.embedded.tomcat.TomcatWebServer      :243  [32m                  [0;39m Tomcat started on port 8001 (http) with context path '/member'
2025-05-07 17:09:43.278 INFO  com.jiawa.train.member.config.MemberApplication   :59   [32m                  [0;39m Started MemberApplication in 2.209 seconds (process running for 2.881)
2025-05-07 17:09:43.280 INFO  com.jiawa.train.member.config.MemberApplication   :23   [32m                  [0;39m 启动成功!
2025-05-07 17:09:43.280 INFO  com.jiawa.train.member.config.MemberApplication   :24   [32m                  [0;39m 地址：	http://127.0.0.1:8001/test
2025-05-07 17:09:47.938 INFO  o.a.c.c.C.[Tomcat].[localhost].[/member]          :168  [32m                  [0;39m Initializing Spring DispatcherServlet 'dispatcherServlet'
2025-05-07 17:09:47.939 INFO  org.springframework.web.servlet.DispatcherServlet :532  [32m                  [0;39m Initializing Servlet 'dispatcherServlet'
2025-05-07 17:09:47.941 INFO  org.springframework.web.servlet.DispatcherServlet :554  [32m                  [0;39m Completed initialization in 2 ms
2025-05-07 17:09:48.006 ERROR c.j.t.common.controller.ControllerExceptionHandler:51   [32m                  [0;39m 系统异常：[手机号]不能为空
2025-05-07 17:09:48.044 WARN  o.s.w.s.m.m.a.ExceptionHandlerExceptionResolver   :254  [32m                  [0;39m Resolved [org.springframework.web.bind.MethodArgumentNotValidException: Validation failed for argument [0] in public com.jiawa.train.common.resp.CommonResp<java.lang.Long> com.jiawa.train.member.controller.MemberController.register(com.jiawa.train.member.req.MemberRegisterReq): [Field error in object 'memberRegisterReq' on field 'mobile': rejected value []; codes [NotBlank.memberRegisterReq.mobile,NotBlank.mobile,NotBlank.java.lang.String,NotBlank]; arguments [org.springframework.context.support.DefaultMessageSourceResolvable: codes [memberRegisterReq.mobile,mobile]; arguments []; default message [mobile]]; default message [[手机号]不能为空]] ]
2025-05-07 17:23:50.198 INFO  o.s.b.d.a.LocalDevToolsAutoConfiguration$RestartingClassPathChangeChangedEventListener:211  [32m                  [0;39m Restarting due to 1 class path change (1 addition, 0 deletions, 0 modifications)
2025-05-07 17:23:50.203 INFO  o.s.boot.web.embedded.tomcat.GracefulShutdown     :54   [32m                  [0;39m Commencing graceful shutdown. Waiting for active requests to complete
2025-05-07 17:23:50.204 INFO  org.apache.coyote.http11.Http11NioProtocol        :168  [32m                  [0;39m Pausing ProtocolHandler ["http-nio-8001"]
2025-05-07 17:23:50.217 INFO  o.s.boot.web.embedded.tomcat.GracefulShutdown     :76   [32m                  [0;39m Graceful shutdown complete
2025-05-07 17:23:50.217 INFO  org.apache.coyote.http11.Http11NioProtocol        :168  [32m                  [0;39m Stopping ProtocolHandler ["http-nio-8001"]
2025-05-07 17:23:50.304 INFO  com.jiawa.train.member.config.MemberApplication   :53   [32m                  [0;39m Starting MemberApplication using Java 21.0.2 with PID 12976 (E:\12306-train\train\member\target\classes started by user in E:\12306-train\train)
2025-05-07 17:23:50.304 INFO  com.jiawa.train.member.config.MemberApplication   :652  [32m                  [0;39m No active profile set, falling back to 1 default profile: "default"
2025-05-07 17:23:50.433 INFO  o.springframework.cloud.context.scope.GenericScope:282  [32m                  [0;39m BeanFactory id=4f982214-b4f4-3cb0-8e4f-2b16ca3677ba
2025-05-07 17:23:50.487 INFO  o.s.boot.web.embedded.tomcat.TomcatWebServer      :111  [32m                  [0;39m Tomcat initialized with port 8001 (http)
2025-05-07 17:23:50.488 INFO  org.apache.coyote.http11.Http11NioProtocol        :168  [32m                  [0;39m Initializing ProtocolHandler ["http-nio-8001"]
2025-05-07 17:23:50.489 INFO  org.apache.catalina.core.StandardService          :168  [32m                  [0;39m Starting service [Tomcat]
2025-05-07 17:23:50.489 INFO  org.apache.catalina.core.StandardEngine           :168  [32m                  [0;39m Starting Servlet engine: [Apache Tomcat/10.1.40]
2025-05-07 17:23:50.508 INFO  o.a.c.c.C.[Tomcat].[localhost].[/member]          :168  [32m                  [0;39m Initializing Spring embedded WebApplicationContext
2025-05-07 17:23:50.508 INFO  o.s.b.w.s.c.ServletWebServerApplicationContext    :301  [32m                  [0;39m Root WebApplicationContext: initialization completed in 202 ms
2025-05-07 17:23:50.734 INFO  o.s.b.d.autoconfigure.OptionalLiveReloadServer    :59   [32m                  [0;39m LiveReload server is running on port 35729
2025-05-07 17:23:50.782 INFO  org.apache.coyote.http11.Http11NioProtocol        :168  [32m                  [0;39m Starting ProtocolHandler ["http-nio-8001"]
2025-05-07 17:23:50.790 INFO  o.s.boot.web.embedded.tomcat.TomcatWebServer      :243  [32m                  [0;39m Tomcat started on port 8001 (http) with context path '/member'
2025-05-07 17:23:50.806 INFO  com.jiawa.train.member.config.MemberApplication   :59   [32m                  [0;39m Started MemberApplication in 0.539 seconds (process running for 850.409)
2025-05-07 17:23:50.811 INFO  o.s.b.d.a.ConditionEvaluationDeltaLoggingListener :63   [32m                  [0;39m Condition evaluation unchanged
2025-05-07 17:23:50.812 INFO  com.jiawa.train.member.config.MemberApplication   :23   [32m                  [0;39m 启动成功!
2025-05-07 17:23:50.812 INFO  com.jiawa.train.member.config.MemberApplication   :24   [32m                  [0;39m 地址：	http://127.0.0.1:8001/test
2025-05-07 17:23:56.213 INFO  o.s.b.d.a.LocalDevToolsAutoConfiguration$RestartingClassPathChangeChangedEventListener:211  [32m                  [0;39m Restarting due to 1 class path change (0 additions, 1 deletion, 0 modifications)
2025-05-07 17:23:56.215 INFO  o.s.boot.web.embedded.tomcat.GracefulShutdown     :54   [32m                  [0;39m Commencing graceful shutdown. Waiting for active requests to complete
2025-05-07 17:23:56.216 INFO  org.apache.coyote.http11.Http11NioProtocol        :168  [32m                  [0;39m Pausing ProtocolHandler ["http-nio-8001"]
2025-05-07 17:23:56.233 INFO  o.s.boot.web.embedded.tomcat.GracefulShutdown     :76   [32m                  [0;39m Graceful shutdown complete
2025-05-07 17:23:56.234 INFO  org.apache.coyote.http11.Http11NioProtocol        :168  [32m                  [0;39m Stopping ProtocolHandler ["http-nio-8001"]
2025-05-07 17:23:56.347 INFO  com.jiawa.train.member.config.MemberApplication   :53   [32m                  [0;39m Starting MemberApplication using Java 21.0.2 with PID 12976 (E:\12306-train\train\member\target\classes started by user in E:\12306-train\train)
2025-05-07 17:23:56.347 INFO  com.jiawa.train.member.config.MemberApplication   :652  [32m                  [0;39m No active profile set, falling back to 1 default profile: "default"
2025-05-07 17:23:56.487 INFO  o.springframework.cloud.context.scope.GenericScope:282  [32m                  [0;39m BeanFactory id=4f982214-b4f4-3cb0-8e4f-2b16ca3677ba
2025-05-07 17:23:56.549 INFO  o.s.boot.web.embedded.tomcat.TomcatWebServer      :111  [32m                  [0;39m Tomcat initialized with port 8001 (http)
2025-05-07 17:23:56.551 INFO  org.apache.coyote.http11.Http11NioProtocol        :168  [32m                  [0;39m Initializing ProtocolHandler ["http-nio-8001"]
2025-05-07 17:23:56.551 INFO  org.apache.catalina.core.StandardService          :168  [32m                  [0;39m Starting service [Tomcat]
2025-05-07 17:23:56.551 INFO  org.apache.catalina.core.StandardEngine           :168  [32m                  [0;39m Starting Servlet engine: [Apache Tomcat/10.1.40]
2025-05-07 17:23:56.573 INFO  o.a.c.c.C.[Tomcat].[localhost].[/member]          :168  [32m                  [0;39m Initializing Spring embedded WebApplicationContext
2025-05-07 17:23:56.574 INFO  o.s.b.w.s.c.ServletWebServerApplicationContext    :301  [32m                  [0;39m Root WebApplicationContext: initialization completed in 223 ms
2025-05-07 17:23:56.822 INFO  o.s.b.d.autoconfigure.OptionalLiveReloadServer    :59   [32m                  [0;39m LiveReload server is running on port 35729
2025-05-07 17:23:56.874 INFO  org.apache.coyote.http11.Http11NioProtocol        :168  [32m                  [0;39m Starting ProtocolHandler ["http-nio-8001"]
2025-05-07 17:23:56.876 INFO  o.s.boot.web.embedded.tomcat.TomcatWebServer      :243  [32m                  [0;39m Tomcat started on port 8001 (http) with context path '/member'
2025-05-07 17:23:56.891 INFO  com.jiawa.train.member.config.MemberApplication   :59   [32m                  [0;39m Started MemberApplication in 0.592 seconds (process running for 856.494)
2025-05-07 17:23:56.895 INFO  o.s.b.d.a.ConditionEvaluationDeltaLoggingListener :63   [32m                  [0;39m Condition evaluation unchanged
2025-05-07 17:23:56.895 INFO  com.jiawa.train.member.config.MemberApplication   :23   [32m                  [0;39m 启动成功!
2025-05-07 17:23:56.896 INFO  com.jiawa.train.member.config.MemberApplication   :24   [32m                  [0;39m 地址：	http://127.0.0.1:8001/test
2025-05-07 17:23:58.263 INFO  o.s.b.d.a.LocalDevToolsAutoConfiguration$RestartingClassPathChangeChangedEventListener:211  [32m                  [0;39m Restarting due to 1 class path change (1 addition, 0 deletions, 0 modifications)
2025-05-07 17:23:58.265 INFO  o.s.boot.web.embedded.tomcat.GracefulShutdown     :54   [32m                  [0;39m Commencing graceful shutdown. Waiting for active requests to complete
2025-05-07 17:23:58.267 INFO  org.apache.coyote.http11.Http11NioProtocol        :168  [32m                  [0;39m Pausing ProtocolHandler ["http-nio-8001"]
2025-05-07 17:23:58.282 INFO  o.s.boot.web.embedded.tomcat.GracefulShutdown     :76   [32m                  [0;39m Graceful shutdown complete
2025-05-07 17:23:58.282 INFO  org.apache.coyote.http11.Http11NioProtocol        :168  [32m                  [0;39m Stopping ProtocolHandler ["http-nio-8001"]
2025-05-07 17:23:58.350 INFO  com.jiawa.train.member.config.MemberApplication   :53   [32m                  [0;39m Starting MemberApplication using Java 21.0.2 with PID 12976 (E:\12306-train\train\member\target\classes started by user in E:\12306-train\train)
2025-05-07 17:23:58.350 INFO  com.jiawa.train.member.config.MemberApplication   :652  [32m                  [0;39m No active profile set, falling back to 1 default profile: "default"
2025-05-07 17:23:58.462 INFO  o.springframework.cloud.context.scope.GenericScope:282  [32m                  [0;39m BeanFactory id=4f982214-b4f4-3cb0-8e4f-2b16ca3677ba
2025-05-07 17:23:58.521 INFO  o.s.boot.web.embedded.tomcat.TomcatWebServer      :111  [32m                  [0;39m Tomcat initialized with port 8001 (http)
2025-05-07 17:23:58.522 INFO  org.apache.coyote.http11.Http11NioProtocol        :168  [32m                  [0;39m Initializing ProtocolHandler ["http-nio-8001"]
2025-05-07 17:23:58.523 INFO  org.apache.catalina.core.StandardService          :168  [32m                  [0;39m Starting service [Tomcat]
2025-05-07 17:23:58.523 INFO  org.apache.catalina.core.StandardEngine           :168  [32m                  [0;39m Starting Servlet engine: [Apache Tomcat/10.1.40]
2025-05-07 17:23:58.542 INFO  o.a.c.c.C.[Tomcat].[localhost].[/member]          :168  [32m                  [0;39m Initializing Spring embedded WebApplicationContext
2025-05-07 17:23:58.543 INFO  o.s.b.w.s.c.ServletWebServerApplicationContext    :301  [32m                  [0;39m Root WebApplicationContext: initialization completed in 192 ms
2025-05-07 17:23:58.725 INFO  o.s.b.d.autoconfigure.OptionalLiveReloadServer    :59   [32m                  [0;39m LiveReload server is running on port 35729
2025-05-07 17:23:58.752 INFO  org.apache.coyote.http11.Http11NioProtocol        :168  [32m                  [0;39m Starting ProtocolHandler ["http-nio-8001"]
2025-05-07 17:23:58.754 INFO  o.s.boot.web.embedded.tomcat.TomcatWebServer      :243  [32m                  [0;39m Tomcat started on port 8001 (http) with context path '/member'
2025-05-07 17:23:58.766 INFO  com.jiawa.train.member.config.MemberApplication   :59   [32m                  [0;39m Started MemberApplication in 0.45 seconds (process running for 858.368)
2025-05-07 17:23:58.766 INFO  o.s.b.d.a.ConditionEvaluationDeltaLoggingListener :63   [32m                  [0;39m Condition evaluation unchanged
2025-05-07 17:23:58.767 INFO  com.jiawa.train.member.config.MemberApplication   :23   [32m                  [0;39m 启动成功!
2025-05-07 17:23:58.767 INFO  com.jiawa.train.member.config.MemberApplication   :24   [32m                  [0;39m 地址：	http://127.0.0.1:8001/test
2025-05-07 17:25:17.574 INFO  o.s.b.d.a.LocalDevToolsAutoConfiguration$RestartingClassPathChangeChangedEventListener:211  [32m                  [0;39m Restarting due to 1 class path change (0 additions, 1 deletion, 0 modifications)
2025-05-07 17:25:17.575 INFO  o.s.boot.web.embedded.tomcat.GracefulShutdown     :54   [32m                  [0;39m Commencing graceful shutdown. Waiting for active requests to complete
2025-05-07 17:25:17.580 INFO  org.apache.coyote.http11.Http11NioProtocol        :168  [32m                  [0;39m Pausing ProtocolHandler ["http-nio-8001"]
2025-05-07 17:25:17.593 INFO  o.s.boot.web.embedded.tomcat.GracefulShutdown     :76   [32m                  [0;39m Graceful shutdown complete
2025-05-07 17:25:17.594 INFO  org.apache.coyote.http11.Http11NioProtocol        :168  [32m                  [0;39m Stopping ProtocolHandler ["http-nio-8001"]
2025-05-07 17:25:17.688 INFO  com.jiawa.train.member.config.MemberApplication   :53   [32m                  [0;39m Starting MemberApplication using Java 21.0.2 with PID 12976 (E:\12306-train\train\member\target\classes started by user in E:\12306-train\train)
2025-05-07 17:25:17.688 INFO  com.jiawa.train.member.config.MemberApplication   :652  [32m                  [0;39m No active profile set, falling back to 1 default profile: "default"
2025-05-07 17:25:17.848 INFO  o.springframework.cloud.context.scope.GenericScope:282  [32m                  [0;39m BeanFactory id=4f982214-b4f4-3cb0-8e4f-2b16ca3677ba
2025-05-07 17:25:17.924 INFO  o.s.boot.web.embedded.tomcat.TomcatWebServer      :111  [32m                  [0;39m Tomcat initialized with port 8001 (http)
2025-05-07 17:25:17.925 INFO  org.apache.coyote.http11.Http11NioProtocol        :168  [32m                  [0;39m Initializing ProtocolHandler ["http-nio-8001"]
2025-05-07 17:25:17.925 INFO  org.apache.catalina.core.StandardService          :168  [32m                  [0;39m Starting service [Tomcat]
2025-05-07 17:25:17.926 INFO  org.apache.catalina.core.StandardEngine           :168  [32m                  [0;39m Starting Servlet engine: [Apache Tomcat/10.1.40]
2025-05-07 17:25:17.951 INFO  o.a.c.c.C.[Tomcat].[localhost].[/member]          :168  [32m                  [0;39m Initializing Spring embedded WebApplicationContext
2025-05-07 17:25:17.952 INFO  o.s.b.w.s.c.ServletWebServerApplicationContext    :301  [32m                  [0;39m Root WebApplicationContext: initialization completed in 263 ms
2025-05-07 17:25:18.178 INFO  o.s.b.d.autoconfigure.OptionalLiveReloadServer    :59   [32m                  [0;39m LiveReload server is running on port 35729
2025-05-07 17:25:18.210 INFO  org.apache.coyote.http11.Http11NioProtocol        :168  [32m                  [0;39m Starting ProtocolHandler ["http-nio-8001"]
2025-05-07 17:25:18.212 INFO  o.s.boot.web.embedded.tomcat.TomcatWebServer      :243  [32m                  [0;39m Tomcat started on port 8001 (http) with context path '/member'
2025-05-07 17:25:18.224 INFO  com.jiawa.train.member.config.MemberApplication   :59   [32m                  [0;39m Started MemberApplication in 0.576 seconds (process running for 937.826)
2025-05-07 17:25:18.224 INFO  o.s.b.d.a.ConditionEvaluationDeltaLoggingListener :63   [32m                  [0;39m Condition evaluation unchanged
2025-05-07 17:25:18.225 INFO  com.jiawa.train.member.config.MemberApplication   :23   [32m                  [0;39m 启动成功!
2025-05-07 17:25:18.225 INFO  com.jiawa.train.member.config.MemberApplication   :24   [32m                  [0;39m 地址：	http://127.0.0.1:8001/test
2025-05-07 17:25:19.597 INFO  o.s.b.d.a.LocalDevToolsAutoConfiguration$RestartingClassPathChangeChangedEventListener:211  [32m                  [0;39m Restarting due to 1 class path change (1 addition, 0 deletions, 0 modifications)
2025-05-07 17:25:19.598 INFO  o.s.boot.web.embedded.tomcat.GracefulShutdown     :54   [32m                  [0;39m Commencing graceful shutdown. Waiting for active requests to complete
2025-05-07 17:25:19.599 INFO  org.apache.coyote.http11.Http11NioProtocol        :168  [32m                  [0;39m Pausing ProtocolHandler ["http-nio-8001"]
2025-05-07 17:25:19.613 INFO  o.s.boot.web.embedded.tomcat.GracefulShutdown     :76   [32m                  [0;39m Graceful shutdown complete
2025-05-07 17:25:19.613 INFO  org.apache.coyote.http11.Http11NioProtocol        :168  [32m                  [0;39m Stopping ProtocolHandler ["http-nio-8001"]
2025-05-07 17:25:19.679 INFO  com.jiawa.train.member.config.MemberApplication   :53   [32m                  [0;39m Starting MemberApplication using Java 21.0.2 with PID 12976 (E:\12306-train\train\member\target\classes started by user in E:\12306-train\train)
2025-05-07 17:25:19.679 INFO  com.jiawa.train.member.config.MemberApplication   :652  [32m                  [0;39m No active profile set, falling back to 1 default profile: "default"
2025-05-07 17:25:19.793 INFO  o.springframework.cloud.context.scope.GenericScope:282  [32m                  [0;39m BeanFactory id=4f982214-b4f4-3cb0-8e4f-2b16ca3677ba
2025-05-07 17:25:19.846 INFO  o.s.boot.web.embedded.tomcat.TomcatWebServer      :111  [32m                  [0;39m Tomcat initialized with port 8001 (http)
2025-05-07 17:25:19.846 INFO  org.apache.coyote.http11.Http11NioProtocol        :168  [32m                  [0;39m Initializing ProtocolHandler ["http-nio-8001"]
2025-05-07 17:25:19.846 INFO  org.apache.catalina.core.StandardService          :168  [32m                  [0;39m Starting service [Tomcat]
2025-05-07 17:25:19.847 INFO  org.apache.catalina.core.StandardEngine           :168  [32m                  [0;39m Starting Servlet engine: [Apache Tomcat/10.1.40]
2025-05-07 17:25:19.865 INFO  o.a.c.c.C.[Tomcat].[localhost].[/member]          :168  [32m                  [0;39m Initializing Spring embedded WebApplicationContext
2025-05-07 17:25:19.865 INFO  o.s.b.w.s.c.ServletWebServerApplicationContext    :301  [32m                  [0;39m Root WebApplicationContext: initialization completed in 184 ms
2025-05-07 17:25:20.055 INFO  o.s.b.d.autoconfigure.OptionalLiveReloadServer    :59   [32m                  [0;39m LiveReload server is running on port 35729
2025-05-07 17:25:20.081 INFO  org.apache.coyote.http11.Http11NioProtocol        :168  [32m                  [0;39m Starting ProtocolHandler ["http-nio-8001"]
2025-05-07 17:25:20.085 INFO  o.s.boot.web.embedded.tomcat.TomcatWebServer      :243  [32m                  [0;39m Tomcat started on port 8001 (http) with context path '/member'
2025-05-07 17:25:20.095 INFO  com.jiawa.train.member.config.MemberApplication   :59   [32m                  [0;39m Started MemberApplication in 0.448 seconds (process running for 939.698)
2025-05-07 17:25:20.097 INFO  o.s.b.d.a.ConditionEvaluationDeltaLoggingListener :63   [32m                  [0;39m Condition evaluation unchanged
2025-05-07 17:25:20.098 INFO  com.jiawa.train.member.config.MemberApplication   :23   [32m                  [0;39m 启动成功!
2025-05-07 17:25:20.098 INFO  com.jiawa.train.member.config.MemberApplication   :24   [32m                  [0;39m 地址：	http://127.0.0.1:8001/test
2025-05-07 17:25:40.859 INFO  o.a.c.c.C.[Tomcat].[localhost].[/member]          :168  [32m                  [0;39m Initializing Spring DispatcherServlet 'dispatcherServlet'
2025-05-07 17:25:40.859 INFO  org.springframework.web.servlet.DispatcherServlet :532  [32m                  [0;39m Initializing Servlet 'dispatcherServlet'
2025-05-07 17:25:40.859 INFO  org.springframework.web.servlet.DispatcherServlet :554  [32m                  [0;39m Completed initialization in 0 ms
2025-05-07 17:25:40.874 INFO  com.jiawa.train.common.aspect.LogAspect           :52   [32m1746609940868sot  [0;39m ------------- 开始 -------------
2025-05-07 17:25:40.876 INFO  com.jiawa.train.common.aspect.LogAspect           :53   [32m1746609940868sot  [0;39m 请求地址: http://127.0.0.1:8001/member/member/register POST
2025-05-07 17:25:40.877 INFO  com.jiawa.train.common.aspect.LogAspect           :54   [32m1746609940868sot  [0;39m 类名方法: com.jiawa.train.member.controller.MemberController.register
2025-05-07 17:25:40.877 INFO  com.jiawa.train.common.aspect.LogAspect           :55   [32m1746609940868sot  [0;39m 远程地址: 127.0.0.1
2025-05-07 17:25:41.018 INFO  com.jiawa.train.common.aspect.LogAspect           :83   [32m1746609940868sot  [0;39m 请求参数: [{"mobile":"1221"}]
2025-05-07 17:25:41.058 INFO  com.zaxxer.hikari.HikariDataSource                :109  [32m1746609940868sot  [0;39m HikariPool-1 - Starting...
2025-05-07 17:25:41.414 INFO  com.zaxxer.hikari.pool.HikariPool                 :554  [32m1746609940868sot  [0;39m HikariPool-1 - Added connection com.mysql.cj.jdbc.ConnectionImpl@63267e94
2025-05-07 17:25:41.415 INFO  com.zaxxer.hikari.HikariDataSource                :122  [32m1746609940868sot  [0;39m HikariPool-1 - Start completed.
2025-05-07 17:25:41.419 DEBUG c.j.t.member.mapper.MemberMapper.selectByExample  :135  [32m1746609940868sot  [0;39m ==>  Preparing: select id, mobile from member WHERE ( mobile = ? )
2025-05-07 17:25:41.441 DEBUG c.j.t.member.mapper.MemberMapper.selectByExample  :135  [32m1746609940868sot  [0;39m ==> Parameters: 1221(String)
2025-05-07 17:25:41.459 DEBUG c.j.t.member.mapper.MemberMapper.selectByExample  :135  [32m1746609940868sot  [0;39m <==      Total: 0
2025-05-07 17:25:41.475 DEBUG com.jiawa.train.member.mapper.MemberMapper.insert :135  [32m1746609940868sot  [0;39m ==>  Preparing: insert into member (id, mobile) values (?, ?)
2025-05-07 17:25:41.477 DEBUG com.jiawa.train.member.mapper.MemberMapper.insert :135  [32m1746609940868sot  [0;39m ==> Parameters: 1920047374420545536(Long), 1221(String)
2025-05-07 17:25:41.493 DEBUG com.jiawa.train.member.mapper.MemberMapper.insert :135  [32m1746609940868sot  [0;39m <==    Updates: 1
2025-05-07 17:25:41.499 INFO  com.jiawa.train.common.aspect.LogAspect           :107  [32m1746609940868sot  [0;39m 返回结果: {"content":1920047374420545536,"success":true}
2025-05-07 17:25:41.499 INFO  com.jiawa.train.common.aspect.LogAspect           :108  [32m1746609940868sot  [0;39m ------------- 结束 耗时：631 ms -------------
2025-05-07 17:25:49.897 INFO  com.jiawa.train.common.aspect.LogAspect           :52   [32m1746609949897gyw  [0;39m ------------- 开始 -------------
2025-05-07 17:25:49.898 INFO  com.jiawa.train.common.aspect.LogAspect           :53   [32m1746609949897gyw  [0;39m 请求地址: http://127.0.0.1:8001/member/member/register POST
2025-05-07 17:25:49.898 INFO  com.jiawa.train.common.aspect.LogAspect           :54   [32m1746609949897gyw  [0;39m 类名方法: com.jiawa.train.member.controller.MemberController.register
2025-05-07 17:25:49.898 INFO  com.jiawa.train.common.aspect.LogAspect           :55   [32m1746609949897gyw  [0;39m 远程地址: 127.0.0.1
2025-05-07 17:25:49.898 INFO  com.jiawa.train.common.aspect.LogAspect           :83   [32m1746609949897gyw  [0;39m 请求参数: [{"mobile":"122121"}]
2025-05-07 17:25:49.900 DEBUG c.j.t.member.mapper.MemberMapper.selectByExample  :135  [32m1746609949897gyw  [0;39m ==>  Preparing: select id, mobile from member WHERE ( mobile = ? )
2025-05-07 17:25:49.901 DEBUG c.j.t.member.mapper.MemberMapper.selectByExample  :135  [32m1746609949897gyw  [0;39m ==> Parameters: 122121(String)
2025-05-07 17:25:49.903 DEBUG c.j.t.member.mapper.MemberMapper.selectByExample  :135  [32m1746609949897gyw  [0;39m <==      Total: 0
2025-05-07 17:25:49.903 DEBUG com.jiawa.train.member.mapper.MemberMapper.insert :135  [32m1746609949897gyw  [0;39m ==>  Preparing: insert into member (id, mobile) values (?, ?)
2025-05-07 17:25:49.903 DEBUG com.jiawa.train.member.mapper.MemberMapper.insert :135  [32m1746609949897gyw  [0;39m ==> Parameters: 1920047409774333952(Long), 122121(String)
2025-05-07 17:25:49.910 DEBUG com.jiawa.train.member.mapper.MemberMapper.insert :135  [32m1746609949897gyw  [0;39m <==    Updates: 1
2025-05-07 17:25:49.911 INFO  com.jiawa.train.common.aspect.LogAspect           :107  [32m1746609949897gyw  [0;39m 返回结果: {"content":1920047409774333952,"success":true}
2025-05-07 17:25:49.911 INFO  com.jiawa.train.common.aspect.LogAspect           :108  [32m1746609949897gyw  [0;39m ------------- 结束 耗时：14 ms -------------
2025-05-07 17:28:07.045 INFO  o.s.boot.web.embedded.tomcat.GracefulShutdown     :54   [32m                  [0;39m Commencing graceful shutdown. Waiting for active requests to complete
2025-05-07 17:28:07.058 INFO  o.s.boot.web.embedded.tomcat.GracefulShutdown     :76   [32m                  [0;39m Graceful shutdown complete
2025-05-07 17:28:07.061 INFO  com.zaxxer.hikari.HikariDataSource                :349  [32m                  [0;39m HikariPool-1 - Shutdown initiated...
2025-05-07 17:28:07.072 INFO  com.zaxxer.hikari.HikariDataSource                :351  [32m                  [0;39m HikariPool-1 - Shutdown completed.
2025-05-07 21:58:15.699 INFO  org.hibernate.validator.internal.util.Version     :21   [32m                  [0;39m HV000001: Hibernate Validator 8.0.2.Final
2025-05-07 21:58:15.734 INFO  com.jiawa.train.member.config.MemberApplication   :53   [32m                  [0;39m Starting MemberApplication using Java 21.0.2 with PID 26880 (E:\12306-train\train\member\target\classes started by user in E:\12306-train\train)
2025-05-07 21:58:15.735 INFO  com.jiawa.train.member.config.MemberApplication   :652  [32m                  [0;39m No active profile set, falling back to 1 default profile: "default"
2025-05-07 21:58:15.779 INFO  o.s.b.d.env.DevToolsPropertyDefaultsPostProcessor :252  [32m                  [0;39m Devtools property defaults active! Set 'spring.devtools.add-properties' to 'false' to disable
2025-05-07 21:58:15.779 INFO  o.s.b.d.env.DevToolsPropertyDefaultsPostProcessor :252  [32m                  [0;39m For additional web related logging consider setting the 'logging.level.web' property to 'DEBUG'
2025-05-07 21:58:16.407 INFO  o.springframework.cloud.context.scope.GenericScope:282  [32m                  [0;39m BeanFactory id=4f982214-b4f4-3cb0-8e4f-2b16ca3677ba
2025-05-07 21:58:16.867 INFO  o.s.boot.web.embedded.tomcat.TomcatWebServer      :111  [32m                  [0;39m Tomcat initialized with port 8001 (http)
2025-05-07 21:58:16.879 INFO  org.apache.coyote.http11.Http11NioProtocol        :168  [32m                  [0;39m Initializing ProtocolHandler ["http-nio-8001"]
2025-05-07 21:58:16.880 INFO  org.apache.catalina.core.StandardService          :168  [32m                  [0;39m Starting service [Tomcat]
2025-05-07 21:58:16.880 INFO  org.apache.catalina.core.StandardEngine           :168  [32m                  [0;39m Starting Servlet engine: [Apache Tomcat/10.1.40]
2025-05-07 21:58:16.927 INFO  o.a.c.c.C.[Tomcat].[localhost].[/member]          :168  [32m                  [0;39m Initializing Spring embedded WebApplicationContext
2025-05-07 21:58:16.927 INFO  o.s.b.w.s.c.ServletWebServerApplicationContext    :301  [32m                  [0;39m Root WebApplicationContext: initialization completed in 1148 ms
2025-05-07 21:58:17.656 INFO  o.s.b.d.autoconfigure.OptionalLiveReloadServer    :59   [32m                  [0;39m LiveReload server is running on port 35729
2025-05-07 21:58:17.712 INFO  org.apache.coyote.http11.Http11NioProtocol        :168  [32m                  [0;39m Starting ProtocolHandler ["http-nio-8001"]
2025-05-07 21:58:17.727 INFO  o.s.boot.web.embedded.tomcat.TomcatWebServer      :243  [32m                  [0;39m Tomcat started on port 8001 (http) with context path '/member'
2025-05-07 21:58:17.742 INFO  com.jiawa.train.member.config.MemberApplication   :59   [32m                  [0;39m Started MemberApplication in 2.383 seconds (process running for 3.016)
2025-05-07 21:58:17.744 INFO  com.jiawa.train.member.config.MemberApplication   :23   [32m                  [0;39m 启动成功!
2025-05-07 21:58:17.744 INFO  com.jiawa.train.member.config.MemberApplication   :24   [32m                  [0;39m 地址：	http://127.0.0.1:8001/test
2025-05-07 21:58:31.717 INFO  o.a.c.c.C.[Tomcat].[localhost].[/member]          :168  [32m                  [0;39m Initializing Spring DispatcherServlet 'dispatcherServlet'
2025-05-07 21:58:31.719 INFO  org.springframework.web.servlet.DispatcherServlet :532  [32m                  [0;39m Initializing Servlet 'dispatcherServlet'
2025-05-07 21:58:31.721 INFO  org.springframework.web.servlet.DispatcherServlet :554  [32m                  [0;39m Completed initialization in 1 ms
2025-05-07 21:58:31.792 ERROR c.j.t.common.controller.ControllerExceptionHandler:51   [32m                  [0;39m 系统异常：手机号码格式错误
2025-05-07 21:58:31.824 WARN  o.s.w.s.m.m.a.ExceptionHandlerExceptionResolver   :254  [32m                  [0;39m Resolved [org.springframework.web.bind.MethodArgumentNotValidException: Validation failed for argument [0] in public com.jiawa.train.common.resp.CommonResp<java.lang.Long> com.jiawa.train.member.controller.MemberController.sendCode(com.jiawa.train.member.req.MemberSendCodeReq): [Field error in object 'memberSendCodeReq' on field 'mobile': rejected value [122121]; codes [Pattern.memberSendCodeReq.mobile,Pattern.mobile,Pattern.java.lang.String,Pattern]; arguments [org.springframework.context.support.DefaultMessageSourceResolvable: codes [memberSendCodeReq.mobile,mobile]; arguments []; default message [mobile],[Ljakarta.validation.constraints.Pattern$Flag;@247e710,^1\d{10}$]; default message [手机号码格式错误]] ]
2025-05-07 21:58:56.855 ERROR c.j.t.common.controller.ControllerExceptionHandler:51   [32m                  [0;39m 系统异常：手机号码格式错误
2025-05-07 21:58:56.857 WARN  o.s.w.s.m.m.a.ExceptionHandlerExceptionResolver   :254  [32m                  [0;39m Resolved [org.springframework.web.bind.MethodArgumentNotValidException: Validation failed for argument [0] in public com.jiawa.train.common.resp.CommonResp<java.lang.Long> com.jiawa.train.member.controller.MemberController.sendCode(com.jiawa.train.member.req.MemberSendCodeReq): [Field error in object 'memberSendCodeReq' on field 'mobile': rejected value [1230123456789]; codes [Pattern.memberSendCodeReq.mobile,Pattern.mobile,Pattern.java.lang.String,Pattern]; arguments [org.springframework.context.support.DefaultMessageSourceResolvable: codes [memberSendCodeReq.mobile,mobile]; arguments []; default message [mobile],[Ljakarta.validation.constraints.Pattern$Flag;@247e710,^1\d{10}$]; default message [手机号码格式错误]] ]
2025-05-07 21:59:12.120 INFO  com.jiawa.train.common.aspect.LogAspect           :52   [32m1746626352113xdi  [0;39m ------------- 开始 -------------
2025-05-07 21:59:12.121 INFO  com.jiawa.train.common.aspect.LogAspect           :53   [32m1746626352113xdi  [0;39m 请求地址: http://127.0.0.1:8001/member/member/send-code POST
2025-05-07 21:59:12.121 INFO  com.jiawa.train.common.aspect.LogAspect           :54   [32m1746626352113xdi  [0;39m 类名方法: com.jiawa.train.member.controller.MemberController.sendCode
2025-05-07 21:59:12.121 INFO  com.jiawa.train.common.aspect.LogAspect           :55   [32m1746626352113xdi  [0;39m 远程地址: 127.0.0.1
2025-05-07 21:59:12.239 INFO  com.jiawa.train.common.aspect.LogAspect           :83   [32m1746626352113xdi  [0;39m 请求参数: [{"mobile":"12301234567"}]
2025-05-07 21:59:12.271 INFO  com.zaxxer.hikari.HikariDataSource                :109  [32m1746626352113xdi  [0;39m HikariPool-1 - Starting...
2025-05-07 21:59:12.591 INFO  com.zaxxer.hikari.pool.HikariPool                 :554  [32m1746626352113xdi  [0;39m HikariPool-1 - Added connection com.mysql.cj.jdbc.ConnectionImpl@2f8b2d4f
2025-05-07 21:59:12.592 INFO  com.zaxxer.hikari.HikariDataSource                :122  [32m1746626352113xdi  [0;39m HikariPool-1 - Start completed.
2025-05-07 21:59:12.598 DEBUG c.j.t.member.mapper.MemberMapper.selectByExample  :135  [32m1746626352113xdi  [0;39m ==>  Preparing: select id, mobile from member WHERE ( mobile = ? )
2025-05-07 21:59:12.616 DEBUG c.j.t.member.mapper.MemberMapper.selectByExample  :135  [32m1746626352113xdi  [0;39m ==> Parameters: 12301234567(String)
2025-05-07 21:59:12.637 DEBUG c.j.t.member.mapper.MemberMapper.selectByExample  :135  [32m1746626352113xdi  [0;39m <==      Total: 0
2025-05-07 21:59:12.645 INFO  com.jiawa.train.common.aspect.LogAspect           :107  [32m1746626352113xdi  [0;39m 返回结果: {"success":true}
2025-05-07 21:59:12.645 INFO  com.jiawa.train.common.aspect.LogAspect           :108  [32m1746626352113xdi  [0;39m ------------- 结束 耗时：533 ms -------------
2025-05-07 22:00:36.139 INFO  com.jiawa.train.common.aspect.LogAspect           :52   [32m17466264361391cw  [0;39m ------------- 开始 -------------
2025-05-07 22:00:36.139 INFO  com.jiawa.train.common.aspect.LogAspect           :53   [32m17466264361391cw  [0;39m 请求地址: http://127.0.0.1:8001/member/member/send-code POST
2025-05-07 22:00:36.139 INFO  com.jiawa.train.common.aspect.LogAspect           :54   [32m17466264361391cw  [0;39m 类名方法: com.jiawa.train.member.controller.MemberController.sendCode
2025-05-07 22:00:36.139 INFO  com.jiawa.train.common.aspect.LogAspect           :55   [32m17466264361391cw  [0;39m 远程地址: 127.0.0.1
2025-05-07 22:00:36.139 INFO  com.jiawa.train.common.aspect.LogAspect           :83   [32m17466264361391cw  [0;39m 请求参数: [{"mobile":"12301234567"}]
2025-05-07 22:00:36.141 DEBUG c.j.t.member.mapper.MemberMapper.selectByExample  :135  [32m17466264361391cw  [0;39m ==>  Preparing: select id, mobile from member WHERE ( mobile = ? )
2025-05-07 22:00:36.142 DEBUG c.j.t.member.mapper.MemberMapper.selectByExample  :135  [32m17466264361391cw  [0;39m ==> Parameters: 12301234567(String)
2025-05-07 22:00:36.143 DEBUG c.j.t.member.mapper.MemberMapper.selectByExample  :135  [32m17466264361391cw  [0;39m <==      Total: 0
2025-05-07 22:00:36.144 INFO  com.jiawa.train.common.aspect.LogAspect           :107  [32m17466264361391cw  [0;39m 返回结果: {"success":true}
2025-05-07 22:00:36.144 INFO  com.jiawa.train.common.aspect.LogAspect           :108  [32m17466264361391cw  [0;39m ------------- 结束 耗时：5 ms -------------
2025-05-07 22:00:57.811 ERROR c.j.t.common.controller.ControllerExceptionHandler:72   [32m                  [0;39m 系统异常：
org.springframework.web.HttpRequestMethodNotSupportedException: Request method 'GET' is not supported
	at org.springframework.web.servlet.mvc.method.RequestMappingInfoHandlerMapping.handleNoMatch(RequestMappingInfoHandlerMapping.java:267)
	at org.springframework.web.servlet.handler.AbstractHandlerMethodMapping.lookupHandlerMethod(AbstractHandlerMethodMapping.java:441)
	at org.springframework.web.servlet.handler.AbstractHandlerMethodMapping.getHandlerInternal(AbstractHandlerMethodMapping.java:382)
	at org.springframework.web.servlet.mvc.method.RequestMappingInfoHandlerMapping.getHandlerInternal(RequestMappingInfoHandlerMapping.java:127)
	at org.springframework.web.servlet.mvc.method.RequestMappingInfoHandlerMapping.getHandlerInternal(RequestMappingInfoHandlerMapping.java:68)
	at org.springframework.web.servlet.handler.AbstractHandlerMapping.getHandler(AbstractHandlerMapping.java:509)
	at org.springframework.web.servlet.DispatcherServlet.getHandler(DispatcherServlet.java:1284)
	at org.springframework.web.servlet.DispatcherServlet.doDispatch(DispatcherServlet.java:1065)
	at org.springframework.web.servlet.DispatcherServlet.doService(DispatcherServlet.java:979)
	at org.springframework.web.servlet.FrameworkServlet.processRequest(FrameworkServlet.java:1014)
	at org.springframework.web.servlet.FrameworkServlet.doGet(FrameworkServlet.java:903)
	at jakarta.servlet.http.HttpServlet.service(HttpServlet.java:564)
	at org.springframework.web.servlet.FrameworkServlet.service(FrameworkServlet.java:885)
	at jakarta.servlet.http.HttpServlet.service(HttpServlet.java:658)
	at org.apache.catalina.core.ApplicationFilterChain.internalDoFilter(ApplicationFilterChain.java:195)
	at org.apache.catalina.core.ApplicationFilterChain.doFilter(ApplicationFilterChain.java:140)
	at org.apache.tomcat.websocket.server.WsFilter.doFilter(WsFilter.java:51)
	at org.apache.catalina.core.ApplicationFilterChain.internalDoFilter(ApplicationFilterChain.java:164)
	at org.apache.catalina.core.ApplicationFilterChain.doFilter(ApplicationFilterChain.java:140)
	at org.springframework.web.filter.RequestContextFilter.doFilterInternal(RequestContextFilter.java:100)
	at org.springframework.web.filter.OncePerRequestFilter.doFilter(OncePerRequestFilter.java:116)
	at org.apache.catalina.core.ApplicationFilterChain.internalDoFilter(ApplicationFilterChain.java:164)
	at org.apache.catalina.core.ApplicationFilterChain.doFilter(ApplicationFilterChain.java:140)
	at org.springframework.web.filter.FormContentFilter.doFilterInternal(FormContentFilter.java:93)
	at org.springframework.web.filter.OncePerRequestFilter.doFilter(OncePerRequestFilter.java:116)
	at org.apache.catalina.core.ApplicationFilterChain.internalDoFilter(ApplicationFilterChain.java:164)
	at org.apache.catalina.core.ApplicationFilterChain.doFilter(ApplicationFilterChain.java:140)
	at org.springframework.web.filter.CharacterEncodingFilter.doFilterInternal(CharacterEncodingFilter.java:201)
	at org.springframework.web.filter.OncePerRequestFilter.doFilter(OncePerRequestFilter.java:116)
	at org.apache.catalina.core.ApplicationFilterChain.internalDoFilter(ApplicationFilterChain.java:164)
	at org.apache.catalina.core.ApplicationFilterChain.doFilter(ApplicationFilterChain.java:140)
	at org.apache.catalina.core.StandardWrapperValve.invoke(StandardWrapperValve.java:167)
	at org.apache.catalina.core.StandardContextValve.invoke(StandardContextValve.java:90)
	at org.apache.catalina.authenticator.AuthenticatorBase.invoke(AuthenticatorBase.java:483)
	at org.apache.catalina.core.StandardHostValve.invoke(StandardHostValve.java:116)
	at org.apache.catalina.valves.ErrorReportValve.invoke(ErrorReportValve.java:93)
	at org.apache.catalina.core.StandardEngineValve.invoke(StandardEngineValve.java:74)
	at org.apache.catalina.connector.CoyoteAdapter.service(CoyoteAdapter.java:344)
	at org.apache.coyote.http11.Http11Processor.service(Http11Processor.java:398)
	at org.apache.coyote.AbstractProcessorLight.process(AbstractProcessorLight.java:63)
	at org.apache.coyote.AbstractProtocol$ConnectionHandler.process(AbstractProtocol.java:903)
	at org.apache.tomcat.util.net.NioEndpoint$SocketProcessor.doRun(NioEndpoint.java:1740)
	at org.apache.tomcat.util.net.SocketProcessorBase.run(SocketProcessorBase.java:52)
	at org.apache.tomcat.util.threads.ThreadPoolExecutor.runWorker(ThreadPoolExecutor.java:1189)
	at org.apache.tomcat.util.threads.ThreadPoolExecutor$Worker.run(ThreadPoolExecutor.java:658)
	at org.apache.tomcat.util.threads.TaskThread$WrappingRunnable.run(TaskThread.java:63)
	at java.base/java.lang.Thread.run(Thread.java:1583)
2025-05-07 22:00:57.820 WARN  o.s.w.s.m.m.a.ExceptionHandlerExceptionResolver   :254  [32m                  [0;39m Resolved [org.springframework.web.HttpRequestMethodNotSupportedException: Request method 'GET' is not supported]
2025-05-07 22:01:08.203 INFO  com.jiawa.train.common.aspect.LogAspect           :52   [32m1746626468203vnb  [0;39m ------------- 开始 -------------
2025-05-07 22:01:08.203 INFO  com.jiawa.train.common.aspect.LogAspect           :53   [32m1746626468203vnb  [0;39m 请求地址: http://127.0.0.1:8001/member/member/send-code POST
2025-05-07 22:01:08.203 INFO  com.jiawa.train.common.aspect.LogAspect           :54   [32m1746626468203vnb  [0;39m 类名方法: com.jiawa.train.member.controller.MemberController.sendCode
2025-05-07 22:01:08.203 INFO  com.jiawa.train.common.aspect.LogAspect           :55   [32m1746626468203vnb  [0;39m 远程地址: 127.0.0.1
2025-05-07 22:01:08.203 INFO  com.jiawa.train.common.aspect.LogAspect           :83   [32m1746626468203vnb  [0;39m 请求参数: [{"mobile":"12301234567"}]
2025-05-07 22:01:08.205 DEBUG c.j.t.member.mapper.MemberMapper.selectByExample  :135  [32m1746626468203vnb  [0;39m ==>  Preparing: select id, mobile from member WHERE ( mobile = ? )
2025-05-07 22:01:08.206 DEBUG c.j.t.member.mapper.MemberMapper.selectByExample  :135  [32m1746626468203vnb  [0;39m ==> Parameters: 12301234567(String)
2025-05-07 22:01:08.207 DEBUG c.j.t.member.mapper.MemberMapper.selectByExample  :135  [32m1746626468203vnb  [0;39m <==      Total: 0
2025-05-07 22:01:08.207 INFO  com.jiawa.train.common.aspect.LogAspect           :107  [32m1746626468203vnb  [0;39m 返回结果: {"success":true}
2025-05-07 22:01:08.208 INFO  com.jiawa.train.common.aspect.LogAspect           :108  [32m1746626468203vnb  [0;39m ------------- 结束 耗时：5 ms -------------
2025-05-07 22:03:17.506 INFO  com.jiawa.train.common.aspect.LogAspect           :52   [32m174662659750635j  [0;39m ------------- 开始 -------------
2025-05-07 22:03:17.506 INFO  com.jiawa.train.common.aspect.LogAspect           :53   [32m174662659750635j  [0;39m 请求地址: http://127.0.0.1:8001/member/member/send-code POST
2025-05-07 22:03:17.507 INFO  com.jiawa.train.common.aspect.LogAspect           :54   [32m174662659750635j  [0;39m 类名方法: com.jiawa.train.member.controller.MemberController.sendCode
2025-05-07 22:03:17.507 INFO  com.jiawa.train.common.aspect.LogAspect           :55   [32m174662659750635j  [0;39m 远程地址: 127.0.0.1
2025-05-07 22:03:17.507 INFO  com.jiawa.train.common.aspect.LogAspect           :83   [32m174662659750635j  [0;39m 请求参数: [{"mobile":"12301234567"}]
2025-05-07 22:03:17.509 DEBUG c.j.t.member.mapper.MemberMapper.selectByExample  :135  [32m174662659750635j  [0;39m ==>  Preparing: select id, mobile from member WHERE ( mobile = ? )
2025-05-07 22:03:17.510 DEBUG c.j.t.member.mapper.MemberMapper.selectByExample  :135  [32m174662659750635j  [0;39m ==> Parameters: 12301234567(String)
2025-05-07 22:03:17.511 DEBUG c.j.t.member.mapper.MemberMapper.selectByExample  :135  [32m174662659750635j  [0;39m <==      Total: 0
2025-05-07 22:03:17.511 INFO  com.jiawa.train.common.aspect.LogAspect           :107  [32m174662659750635j  [0;39m 返回结果: {"success":true}
2025-05-07 22:03:17.511 INFO  com.jiawa.train.common.aspect.LogAspect           :108  [32m174662659750635j  [0;39m ------------- 结束 耗时：5 ms -------------
2025-05-07 22:05:27.915 INFO  o.s.boot.web.embedded.tomcat.GracefulShutdown     :54   [32m                  [0;39m Commencing graceful shutdown. Waiting for active requests to complete
2025-05-07 22:05:27.933 INFO  o.s.boot.web.embedded.tomcat.GracefulShutdown     :76   [32m                  [0;39m Graceful shutdown complete
2025-05-07 22:05:27.945 INFO  com.zaxxer.hikari.HikariDataSource                :349  [32m                  [0;39m HikariPool-1 - Shutdown initiated...
2025-05-07 22:05:27.955 INFO  com.zaxxer.hikari.HikariDataSource                :351  [32m                  [0;39m HikariPool-1 - Shutdown completed.
2025-05-07 22:05:30.585 INFO  org.hibernate.validator.internal.util.Version     :21   [32m                  [0;39m HV000001: Hibernate Validator 8.0.2.Final
2025-05-07 22:05:30.617 INFO  com.jiawa.train.member.config.MemberApplication   :53   [32m                  [0;39m Starting MemberApplication using Java 21.0.2 with PID 26460 (E:\12306-train\train\member\target\classes started by user in E:\12306-train\train)
2025-05-07 22:05:30.617 INFO  com.jiawa.train.member.config.MemberApplication   :652  [32m                  [0;39m No active profile set, falling back to 1 default profile: "default"
2025-05-07 22:05:30.651 INFO  o.s.b.d.env.DevToolsPropertyDefaultsPostProcessor :252  [32m                  [0;39m Devtools property defaults active! Set 'spring.devtools.add-properties' to 'false' to disable
2025-05-07 22:05:30.651 INFO  o.s.b.d.env.DevToolsPropertyDefaultsPostProcessor :252  [32m                  [0;39m For additional web related logging consider setting the 'logging.level.web' property to 'DEBUG'
2025-05-07 22:05:31.158 INFO  o.springframework.cloud.context.scope.GenericScope:282  [32m                  [0;39m BeanFactory id=4f982214-b4f4-3cb0-8e4f-2b16ca3677ba
2025-05-07 22:05:31.559 INFO  o.s.boot.web.embedded.tomcat.TomcatWebServer      :111  [32m                  [0;39m Tomcat initialized with port 8001 (http)
2025-05-07 22:05:31.567 INFO  org.apache.coyote.http11.Http11NioProtocol        :168  [32m                  [0;39m Initializing ProtocolHandler ["http-nio-8001"]
2025-05-07 22:05:31.570 INFO  org.apache.catalina.core.StandardService          :168  [32m                  [0;39m Starting service [Tomcat]
2025-05-07 22:05:31.570 INFO  org.apache.catalina.core.StandardEngine           :168  [32m                  [0;39m Starting Servlet engine: [Apache Tomcat/10.1.40]
2025-05-07 22:05:31.615 INFO  o.a.c.c.C.[Tomcat].[localhost].[/member]          :168  [32m                  [0;39m Initializing Spring embedded WebApplicationContext
2025-05-07 22:05:31.616 INFO  o.s.b.w.s.c.ServletWebServerApplicationContext    :301  [32m                  [0;39m Root WebApplicationContext: initialization completed in 964 ms
2025-05-07 22:05:32.199 INFO  o.s.b.d.autoconfigure.OptionalLiveReloadServer    :59   [32m                  [0;39m LiveReload server is running on port 35729
2025-05-07 22:05:32.252 INFO  org.apache.coyote.http11.Http11NioProtocol        :168  [32m                  [0;39m Starting ProtocolHandler ["http-nio-8001"]
2025-05-07 22:05:32.263 INFO  o.s.boot.web.embedded.tomcat.TomcatWebServer      :243  [32m                  [0;39m Tomcat started on port 8001 (http) with context path '/member'
2025-05-07 22:05:32.278 INFO  com.jiawa.train.member.config.MemberApplication   :59   [32m                  [0;39m Started MemberApplication in 2.025 seconds (process running for 2.599)
2025-05-07 22:05:32.280 INFO  com.jiawa.train.member.config.MemberApplication   :23   [32m                  [0;39m 启动成功!
2025-05-07 22:05:32.280 INFO  com.jiawa.train.member.config.MemberApplication   :24   [32m                  [0;39m 地址：	http://127.0.0.1:8001/test
2025-05-07 22:05:36.174 INFO  o.a.c.c.C.[Tomcat].[localhost].[/member]          :168  [32m                  [0;39m Initializing Spring DispatcherServlet 'dispatcherServlet'
2025-05-07 22:05:36.174 INFO  org.springframework.web.servlet.DispatcherServlet :532  [32m                  [0;39m Initializing Servlet 'dispatcherServlet'
2025-05-07 22:05:36.175 INFO  org.springframework.web.servlet.DispatcherServlet :554  [32m                  [0;39m Completed initialization in 1 ms
2025-05-07 22:05:36.230 INFO  com.jiawa.train.common.aspect.LogAspect           :52   [32m1746626736226mvt  [0;39m ------------- 开始 -------------
2025-05-07 22:05:36.231 INFO  com.jiawa.train.common.aspect.LogAspect           :53   [32m1746626736226mvt  [0;39m 请求地址: http://127.0.0.1:8001/member/member/send-code POST
2025-05-07 22:05:36.231 INFO  com.jiawa.train.common.aspect.LogAspect           :54   [32m1746626736226mvt  [0;39m 类名方法: com.jiawa.train.member.controller.MemberController.sendCode
2025-05-07 22:05:36.231 INFO  com.jiawa.train.common.aspect.LogAspect           :55   [32m1746626736226mvt  [0;39m 远程地址: 127.0.0.1
2025-05-07 22:05:36.319 INFO  com.jiawa.train.common.aspect.LogAspect           :83   [32m1746626736226mvt  [0;39m 请求参数: [{"mobile":"12301234567"}]
2025-05-07 22:05:36.348 INFO  com.zaxxer.hikari.HikariDataSource                :109  [32m1746626736226mvt  [0;39m HikariPool-1 - Starting...
2025-05-07 22:05:36.548 INFO  com.zaxxer.hikari.pool.HikariPool                 :554  [32m1746626736226mvt  [0;39m HikariPool-1 - Added connection com.mysql.cj.jdbc.ConnectionImpl@8db06bb
2025-05-07 22:05:36.550 INFO  com.zaxxer.hikari.HikariDataSource                :122  [32m1746626736226mvt  [0;39m HikariPool-1 - Start completed.
2025-05-07 22:05:36.557 DEBUG c.j.t.member.mapper.MemberMapper.selectByExample  :135  [32m1746626736226mvt  [0;39m ==>  Preparing: select id, mobile from member WHERE ( mobile = ? )
2025-05-07 22:05:36.578 DEBUG c.j.t.member.mapper.MemberMapper.selectByExample  :135  [32m1746626736226mvt  [0;39m ==> Parameters: 12301234567(String)
2025-05-07 22:05:36.596 DEBUG c.j.t.member.mapper.MemberMapper.selectByExample  :135  [32m1746626736226mvt  [0;39m <==      Total: 0
2025-05-07 22:05:36.616 DEBUG com.jiawa.train.member.mapper.MemberMapper.insert :135  [32m1746626736226mvt  [0;39m ==>  Preparing: insert into member (id, mobile) values (?, ?)
2025-05-07 22:05:36.617 DEBUG com.jiawa.train.member.mapper.MemberMapper.insert :135  [32m1746626736226mvt  [0;39m ==> Parameters: 1920117818347622400(Long), 12301234567(String)
2025-05-07 22:05:36.628 DEBUG com.jiawa.train.member.mapper.MemberMapper.insert :135  [32m1746626736226mvt  [0;39m <==    Updates: 1
2025-05-07 22:05:36.634 INFO  com.jiawa.train.common.aspect.LogAspect           :107  [32m1746626736226mvt  [0;39m 返回结果: {"success":true}
2025-05-07 22:05:36.634 INFO  com.jiawa.train.common.aspect.LogAspect           :108  [32m1746626736226mvt  [0;39m ------------- 结束 耗时：408 ms -------------
2025-05-07 22:05:49.307 INFO  com.jiawa.train.common.aspect.LogAspect           :52   [32m1746626749307hxg  [0;39m ------------- 开始 -------------
2025-05-07 22:05:49.308 INFO  com.jiawa.train.common.aspect.LogAspect           :53   [32m1746626749307hxg  [0;39m 请求地址: http://127.0.0.1:8001/member/member/send-code POST
2025-05-07 22:05:49.308 INFO  com.jiawa.train.common.aspect.LogAspect           :54   [32m1746626749307hxg  [0;39m 类名方法: com.jiawa.train.member.controller.MemberController.sendCode
2025-05-07 22:05:49.308 INFO  com.jiawa.train.common.aspect.LogAspect           :55   [32m1746626749307hxg  [0;39m 远程地址: 127.0.0.1
2025-05-07 22:05:49.308 INFO  com.jiawa.train.common.aspect.LogAspect           :83   [32m1746626749307hxg  [0;39m 请求参数: [{"mobile":"12301234567"}]
2025-05-07 22:05:49.310 DEBUG c.j.t.member.mapper.MemberMapper.selectByExample  :135  [32m1746626749307hxg  [0;39m ==>  Preparing: select id, mobile from member WHERE ( mobile = ? )
2025-05-07 22:05:49.310 DEBUG c.j.t.member.mapper.MemberMapper.selectByExample  :135  [32m1746626749307hxg  [0;39m ==> Parameters: 12301234567(String)
2025-05-07 22:05:49.312 TRACE c.j.t.member.mapper.MemberMapper.selectByExample  :141  [32m1746626749307hxg  [0;39m <==    Columns: id, mobile
2025-05-07 22:05:49.312 TRACE c.j.t.member.mapper.MemberMapper.selectByExample  :141  [32m1746626749307hxg  [0;39m <==        Row: 1920117818347622400, 12301234567
2025-05-07 22:05:49.315 DEBUG c.j.t.member.mapper.MemberMapper.selectByExample  :135  [32m1746626749307hxg  [0;39m <==      Total: 1
2025-05-07 22:05:49.316 INFO  com.jiawa.train.common.aspect.LogAspect           :107  [32m1746626749307hxg  [0;39m 返回结果: {"success":true}
2025-05-07 22:05:49.316 INFO  com.jiawa.train.common.aspect.LogAspect           :108  [32m1746626749307hxg  [0;39m ------------- 结束 耗时：9 ms -------------
2025-05-07 22:05:52.674 INFO  com.jiawa.train.common.aspect.LogAspect           :52   [32m1746626752674sl8  [0;39m ------------- 开始 -------------
2025-05-07 22:05:52.675 INFO  com.jiawa.train.common.aspect.LogAspect           :53   [32m1746626752674sl8  [0;39m 请求地址: http://127.0.0.1:8001/member/member/send-code POST
2025-05-07 22:05:52.675 INFO  com.jiawa.train.common.aspect.LogAspect           :54   [32m1746626752674sl8  [0;39m 类名方法: com.jiawa.train.member.controller.MemberController.sendCode
2025-05-07 22:05:52.675 INFO  com.jiawa.train.common.aspect.LogAspect           :55   [32m1746626752674sl8  [0;39m 远程地址: 127.0.0.1
2025-05-07 22:05:52.675 INFO  com.jiawa.train.common.aspect.LogAspect           :83   [32m1746626752674sl8  [0;39m 请求参数: [{"mobile":"12301234567"}]
2025-05-07 22:05:52.678 DEBUG c.j.t.member.mapper.MemberMapper.selectByExample  :135  [32m1746626752674sl8  [0;39m ==>  Preparing: select id, mobile from member WHERE ( mobile = ? )
2025-05-07 22:05:52.678 DEBUG c.j.t.member.mapper.MemberMapper.selectByExample  :135  [32m1746626752674sl8  [0;39m ==> Parameters: 12301234567(String)
2025-05-07 22:05:52.680 TRACE c.j.t.member.mapper.MemberMapper.selectByExample  :141  [32m1746626752674sl8  [0;39m <==    Columns: id, mobile
2025-05-07 22:05:52.680 TRACE c.j.t.member.mapper.MemberMapper.selectByExample  :141  [32m1746626752674sl8  [0;39m <==        Row: 1920117818347622400, 12301234567
2025-05-07 22:05:52.681 DEBUG c.j.t.member.mapper.MemberMapper.selectByExample  :135  [32m1746626752674sl8  [0;39m <==      Total: 1
2025-05-07 22:05:52.681 INFO  com.jiawa.train.common.aspect.LogAspect           :107  [32m1746626752674sl8  [0;39m 返回结果: {"success":true}
2025-05-07 22:05:52.681 INFO  com.jiawa.train.common.aspect.LogAspect           :108  [32m1746626752674sl8  [0;39m ------------- 结束 耗时：7 ms -------------
2025-05-07 22:06:32.409 INFO  com.jiawa.train.common.aspect.LogAspect           :52   [32m17466267924099u5  [0;39m ------------- 开始 -------------
2025-05-07 22:06:32.409 INFO  com.jiawa.train.common.aspect.LogAspect           :53   [32m17466267924099u5  [0;39m 请求地址: http://127.0.0.1:8001/member/member/send-code POST
2025-05-07 22:06:32.409 INFO  com.jiawa.train.common.aspect.LogAspect           :54   [32m17466267924099u5  [0;39m 类名方法: com.jiawa.train.member.controller.MemberController.sendCode
2025-05-07 22:06:32.410 INFO  com.jiawa.train.common.aspect.LogAspect           :55   [32m17466267924099u5  [0;39m 远程地址: 127.0.0.1
2025-05-07 22:06:32.410 INFO  com.jiawa.train.common.aspect.LogAspect           :83   [32m17466267924099u5  [0;39m 请求参数: [{"mobile":"12301234568"}]
2025-05-07 22:06:32.414 DEBUG c.j.t.member.mapper.MemberMapper.selectByExample  :135  [32m17466267924099u5  [0;39m ==>  Preparing: select id, mobile from member WHERE ( mobile = ? )
2025-05-07 22:06:32.415 DEBUG c.j.t.member.mapper.MemberMapper.selectByExample  :135  [32m17466267924099u5  [0;39m ==> Parameters: 12301234568(String)
2025-05-07 22:06:32.416 DEBUG c.j.t.member.mapper.MemberMapper.selectByExample  :135  [32m17466267924099u5  [0;39m <==      Total: 0
2025-05-07 22:06:32.417 DEBUG com.jiawa.train.member.mapper.MemberMapper.insert :135  [32m17466267924099u5  [0;39m ==>  Preparing: insert into member (id, mobile) values (?, ?)
2025-05-07 22:06:32.417 DEBUG com.jiawa.train.member.mapper.MemberMapper.insert :135  [32m17466267924099u5  [0;39m ==> Parameters: 1920118052398174208(Long), 12301234568(String)
2025-05-07 22:06:32.421 DEBUG com.jiawa.train.member.mapper.MemberMapper.insert :135  [32m17466267924099u5  [0;39m <==    Updates: 1
2025-05-07 22:06:32.421 INFO  com.jiawa.train.common.aspect.LogAspect           :107  [32m17466267924099u5  [0;39m 返回结果: {"success":true}
2025-05-07 22:06:32.421 INFO  com.jiawa.train.common.aspect.LogAspect           :108  [32m17466267924099u5  [0;39m ------------- 结束 耗时：12 ms -------------
2025-05-07 22:14:30.671 INFO  o.s.b.d.a.LocalDevToolsAutoConfiguration$RestartingClassPathChangeChangedEventListener:211  [32m                  [0;39m Restarting due to 1 class path change (0 additions, 1 deletion, 0 modifications)
2025-05-07 22:14:30.677 INFO  o.s.boot.web.embedded.tomcat.GracefulShutdown     :54   [32m                  [0;39m Commencing graceful shutdown. Waiting for active requests to complete
2025-05-07 22:14:30.678 INFO  org.apache.coyote.http11.Http11NioProtocol        :168  [32m                  [0;39m Pausing ProtocolHandler ["http-nio-8001"]
2025-05-07 22:14:30.695 INFO  o.s.boot.web.embedded.tomcat.GracefulShutdown     :76   [32m                  [0;39m Graceful shutdown complete
2025-05-07 22:14:30.696 INFO  org.apache.coyote.http11.Http11NioProtocol        :168  [32m                  [0;39m Stopping ProtocolHandler ["http-nio-8001"]
2025-05-07 22:14:30.702 INFO  com.zaxxer.hikari.HikariDataSource                :349  [32m                  [0;39m HikariPool-1 - Shutdown initiated...
2025-05-07 22:14:30.710 INFO  com.zaxxer.hikari.HikariDataSource                :351  [32m                  [0;39m HikariPool-1 - Shutdown completed.
2025-05-07 22:14:30.822 INFO  com.jiawa.train.member.config.MemberApplication   :53   [32m                  [0;39m Starting MemberApplication using Java 21.0.2 with PID 26460 (E:\12306-train\train\member\target\classes started by user in E:\12306-train\train)
2025-05-07 22:14:30.823 INFO  com.jiawa.train.member.config.MemberApplication   :652  [32m                  [0;39m No active profile set, falling back to 1 default profile: "default"
2025-05-07 22:14:30.982 INFO  o.springframework.cloud.context.scope.GenericScope:282  [32m                  [0;39m BeanFactory id=8edcd35b-ee02-31bf-8673-dc1dc1ef8801
2025-05-07 22:14:31.038 INFO  o.s.boot.web.embedded.tomcat.TomcatWebServer      :111  [32m                  [0;39m Tomcat initialized with port 8001 (http)
2025-05-07 22:14:31.039 INFO  org.apache.coyote.http11.Http11NioProtocol        :168  [32m                  [0;39m Initializing ProtocolHandler ["http-nio-8001"]
2025-05-07 22:14:31.039 INFO  org.apache.catalina.core.StandardService          :168  [32m                  [0;39m Starting service [Tomcat]
2025-05-07 22:14:31.040 INFO  org.apache.catalina.core.StandardEngine           :168  [32m                  [0;39m Starting Servlet engine: [Apache Tomcat/10.1.40]
2025-05-07 22:14:31.060 INFO  o.a.c.c.C.[Tomcat].[localhost].[/member]          :168  [32m                  [0;39m Initializing Spring embedded WebApplicationContext
2025-05-07 22:14:31.060 INFO  o.s.b.w.s.c.ServletWebServerApplicationContext    :301  [32m                  [0;39m Root WebApplicationContext: initialization completed in 236 ms
2025-05-07 22:14:31.070 WARN  o.s.b.w.s.c.AnnotationConfigServletWebServerApplicationContext:635  [32m                  [0;39m Exception encountered during context initialization - cancelling refresh attempt: org.springframework.beans.factory.BeanCreationException: Error creating bean with name 'memberController' defined in file [E:\12306-train\train\member\target\classes\com\jiawa\train\member\controller\MemberController.class]: Post-processing of merged bean definition failed
2025-05-07 22:14:31.071 INFO  org.apache.catalina.core.StandardService          :168  [32m                  [0;39m Stopping service [Tomcat]
2025-05-07 22:14:31.074 INFO  o.s.b.a.logging.ConditionEvaluationReportLogger   :82   [32m                  [0;39m 

Error starting ApplicationContext. To display the condition evaluation report re-run your application with 'debug' enabled.
2025-05-07 22:14:31.087 ERROR org.springframework.boot.SpringApplication        :858  [32m                  [0;39m Application run failed
org.springframework.beans.factory.BeanCreationException: Error creating bean with name 'memberController' defined in file [E:\12306-train\train\member\target\classes\com\jiawa\train\member\controller\MemberController.class]: Post-processing of merged bean definition failed
	at org.springframework.beans.factory.support.AbstractAutowireCapableBeanFactory.doCreateBean(AbstractAutowireCapableBeanFactory.java:584)
	at org.springframework.beans.factory.support.AbstractAutowireCapableBeanFactory.createBean(AbstractAutowireCapableBeanFactory.java:529)
	at org.springframework.beans.factory.support.AbstractBeanFactory.lambda$doGetBean$0(AbstractBeanFactory.java:339)
	at org.springframework.beans.factory.support.DefaultSingletonBeanRegistry.getSingleton(DefaultSingletonBeanRegistry.java:371)
	at org.springframework.beans.factory.support.AbstractBeanFactory.doGetBean(AbstractBeanFactory.java:337)
	at org.springframework.beans.factory.support.AbstractBeanFactory.getBean(AbstractBeanFactory.java:202)
	at org.springframework.beans.factory.support.DefaultListableBeanFactory.instantiateSingleton(DefaultListableBeanFactory.java:1221)
	at org.springframework.beans.factory.support.DefaultListableBeanFactory.preInstantiateSingleton(DefaultListableBeanFactory.java:1187)
	at org.springframework.beans.factory.support.DefaultListableBeanFactory.preInstantiateSingletons(DefaultListableBeanFactory.java:1122)
	at org.springframework.context.support.AbstractApplicationContext.finishBeanFactoryInitialization(AbstractApplicationContext.java:987)
	at org.springframework.context.support.AbstractApplicationContext.refresh(AbstractApplicationContext.java:627)
	at org.springframework.boot.web.servlet.context.ServletWebServerApplicationContext.refresh(ServletWebServerApplicationContext.java:146)
	at org.springframework.boot.SpringApplication.refresh(SpringApplication.java:753)
	at org.springframework.boot.SpringApplication.refreshContext(SpringApplication.java:439)
	at org.springframework.boot.SpringApplication.run(SpringApplication.java:318)
	at com.jiawa.train.member.config.MemberApplication.main(MemberApplication.java:22)
	at java.base/jdk.internal.reflect.DirectMethodHandleAccessor.invoke(DirectMethodHandleAccessor.java:103)
	at java.base/java.lang.reflect.Method.invoke(Method.java:580)
	at org.springframework.boot.devtools.restart.RestartLauncher.run(RestartLauncher.java:50)
Caused by: java.lang.IllegalStateException: Failed to introspect Class [com.jiawa.train.member.controller.MemberController] from ClassLoader [org.springframework.boot.devtools.restart.classloader.RestartClassLoader@4e07cefa]
	at org.springframework.util.ReflectionUtils.getDeclaredFields(ReflectionUtils.java:756)
	at org.springframework.util.ReflectionUtils.doWithLocalFields(ReflectionUtils.java:689)
	at org.springframework.context.annotation.CommonAnnotationBeanPostProcessor.buildResourceMetadata(CommonAnnotationBeanPostProcessor.java:432)
	at org.springframework.context.annotation.CommonAnnotationBeanPostProcessor.findResourceMetadata(CommonAnnotationBeanPostProcessor.java:413)
	at org.springframework.context.annotation.CommonAnnotationBeanPostProcessor.postProcessMergedBeanDefinition(CommonAnnotationBeanPostProcessor.java:313)
	at org.springframework.beans.factory.support.AbstractAutowireCapableBeanFactory.applyMergedBeanDefinitionPostProcessors(AbstractAutowireCapableBeanFactory.java:1115)
	at org.springframework.beans.factory.support.AbstractAutowireCapableBeanFactory.doCreateBean(AbstractAutowireCapableBeanFactory.java:581)
	... 18 common frames omitted
Caused by: java.lang.NoClassDefFoundError: com/jiawa/train/member/service/MemberService
	at java.base/java.lang.Class.getDeclaredFields0(Native Method)
	at java.base/java.lang.Class.privateGetDeclaredFields(Class.java:3473)
	at java.base/java.lang.Class.getDeclaredFields(Class.java:2542)
	at org.springframework.util.ReflectionUtils.getDeclaredFields(ReflectionUtils.java:751)
	... 24 common frames omitted
Caused by: java.lang.ClassNotFoundException: com.jiawa.train.member.service.MemberService
	at java.base/jdk.internal.loader.BuiltinClassLoader.loadClass(BuiltinClassLoader.java:641)
	at java.base/jdk.internal.loader.ClassLoaders$AppClassLoader.loadClass(ClassLoaders.java:188)
	at java.base/java.lang.ClassLoader.loadClass(ClassLoader.java:526)
	at java.base/java.lang.Class.forName0(Native Method)
	at java.base/java.lang.Class.forName(Class.java:534)
	at java.base/java.lang.Class.forName(Class.java:513)
	at org.springframework.boot.devtools.restart.classloader.RestartClassLoader.loadClass(RestartClassLoader.java:121)
	at java.base/java.lang.ClassLoader.loadClass(ClassLoader.java:526)
	... 28 common frames omitted
2025-05-07 22:20:15.834 INFO  org.hibernate.validator.internal.util.Version     :21   [32m                  [0;39m HV000001: Hibernate Validator 8.0.2.Final
2025-05-07 22:20:15.866 INFO  com.jiawa.train.member.config.MemberApplication   :53   [32m                  [0;39m Starting MemberApplication using Java 21.0.2 with PID 28872 (E:\12306-train\train\member\target\classes started by user in E:\12306-train\train)
2025-05-07 22:20:15.867 INFO  com.jiawa.train.member.config.MemberApplication   :652  [32m                  [0;39m No active profile set, falling back to 1 default profile: "default"
2025-05-07 22:20:15.908 INFO  o.s.b.d.env.DevToolsPropertyDefaultsPostProcessor :252  [32m                  [0;39m Devtools property defaults active! Set 'spring.devtools.add-properties' to 'false' to disable
2025-05-07 22:20:15.908 INFO  o.s.b.d.env.DevToolsPropertyDefaultsPostProcessor :252  [32m                  [0;39m For additional web related logging consider setting the 'logging.level.web' property to 'DEBUG'
2025-05-07 22:20:16.442 INFO  o.springframework.cloud.context.scope.GenericScope:282  [32m                  [0;39m BeanFactory id=4f982214-b4f4-3cb0-8e4f-2b16ca3677ba
2025-05-07 22:20:16.876 INFO  o.s.boot.web.embedded.tomcat.TomcatWebServer      :111  [32m                  [0;39m Tomcat initialized with port 8001 (http)
2025-05-07 22:20:16.887 INFO  org.apache.coyote.http11.Http11NioProtocol        :168  [32m                  [0;39m Initializing ProtocolHandler ["http-nio-8001"]
2025-05-07 22:20:16.889 INFO  org.apache.catalina.core.StandardService          :168  [32m                  [0;39m Starting service [Tomcat]
2025-05-07 22:20:16.889 INFO  org.apache.catalina.core.StandardEngine           :168  [32m                  [0;39m Starting Servlet engine: [Apache Tomcat/10.1.40]
2025-05-07 22:20:16.935 INFO  o.a.c.c.C.[Tomcat].[localhost].[/member]          :168  [32m                  [0;39m Initializing Spring embedded WebApplicationContext
2025-05-07 22:20:16.935 INFO  o.s.b.w.s.c.ServletWebServerApplicationContext    :301  [32m                  [0;39m Root WebApplicationContext: initialization completed in 1027 ms
2025-05-07 22:20:17.588 INFO  o.s.b.d.autoconfigure.OptionalLiveReloadServer    :59   [32m                  [0;39m LiveReload server is running on port 35729
2025-05-07 22:20:17.645 INFO  org.apache.coyote.http11.Http11NioProtocol        :168  [32m                  [0;39m Starting ProtocolHandler ["http-nio-8001"]
2025-05-07 22:20:17.659 INFO  o.s.boot.web.embedded.tomcat.TomcatWebServer      :243  [32m                  [0;39m Tomcat started on port 8001 (http) with context path '/member'
2025-05-07 22:20:17.674 INFO  com.jiawa.train.member.config.MemberApplication   :59   [32m                  [0;39m Started MemberApplication in 2.203 seconds (process running for 2.831)
2025-05-07 22:20:17.681 INFO  com.jiawa.train.member.config.MemberApplication   :23   [32m                  [0;39m 启动成功!
2025-05-07 22:20:17.681 INFO  com.jiawa.train.member.config.MemberApplication   :24   [32m                  [0;39m 地址：	http://127.0.0.1:8001/test
2025-05-07 22:20:32.969 INFO  o.a.c.c.C.[Tomcat].[localhost].[/member]          :168  [32m                  [0;39m Initializing Spring DispatcherServlet 'dispatcherServlet'
2025-05-07 22:20:32.970 INFO  org.springframework.web.servlet.DispatcherServlet :532  [32m                  [0;39m Initializing Servlet 'dispatcherServlet'
2025-05-07 22:20:32.971 INFO  org.springframework.web.servlet.DispatcherServlet :554  [32m                  [0;39m Completed initialization in 0 ms
2025-05-07 22:20:33.032 INFO  com.jiawa.train.common.aspect.LogAspect           :52   [32m1746627633028fih  [0;39m ------------- 开始 -------------
2025-05-07 22:20:33.033 INFO  com.jiawa.train.common.aspect.LogAspect           :53   [32m1746627633028fih  [0;39m 请求地址: http://127.0.0.1:8001/member/member/send-code POST
2025-05-07 22:20:33.033 INFO  com.jiawa.train.common.aspect.LogAspect           :54   [32m1746627633028fih  [0;39m 类名方法: com.jiawa.train.member.controller.MemberController.sendCode
2025-05-07 22:20:33.033 INFO  com.jiawa.train.common.aspect.LogAspect           :55   [32m1746627633028fih  [0;39m 远程地址: 127.0.0.1
2025-05-07 22:20:33.139 INFO  com.jiawa.train.common.aspect.LogAspect           :83   [32m1746627633028fih  [0;39m 请求参数: [{"mobile":"12301234568"}]
2025-05-07 22:20:33.176 INFO  com.zaxxer.hikari.HikariDataSource                :109  [32m1746627633028fih  [0;39m HikariPool-1 - Starting...
2025-05-07 22:20:33.442 INFO  com.zaxxer.hikari.pool.HikariPool                 :554  [32m1746627633028fih  [0;39m HikariPool-1 - Added connection com.mysql.cj.jdbc.ConnectionImpl@3cd872cb
2025-05-07 22:20:33.443 INFO  com.zaxxer.hikari.HikariDataSource                :122  [32m1746627633028fih  [0;39m HikariPool-1 - Start completed.
2025-05-07 22:20:33.448 DEBUG c.j.t.member.mapper.MemberMapper.selectByExample  :135  [32m1746627633028fih  [0;39m ==>  Preparing: select id, mobile from member WHERE ( mobile = ? )
2025-05-07 22:20:33.468 DEBUG c.j.t.member.mapper.MemberMapper.selectByExample  :135  [32m1746627633028fih  [0;39m ==> Parameters: 12301234568(String)
2025-05-07 22:20:33.484 TRACE c.j.t.member.mapper.MemberMapper.selectByExample  :141  [32m1746627633028fih  [0;39m <==    Columns: id, mobile
2025-05-07 22:20:33.484 TRACE c.j.t.member.mapper.MemberMapper.selectByExample  :141  [32m1746627633028fih  [0;39m <==        Row: 1920118052398174208, 12301234568
2025-05-07 22:20:33.485 DEBUG c.j.t.member.mapper.MemberMapper.selectByExample  :135  [32m1746627633028fih  [0;39m <==      Total: 1
2025-05-07 22:20:33.490 INFO  com.jiawa.train.member.service.MemberService      :65   [32m1746627633028fih  [0;39m 手机号存在，不插入
2025-05-07 22:20:33.490 INFO  com.jiawa.train.member.service.MemberService      :70   [32m1746627633028fih  [0;39m 生成短信验证码:6vbu
2025-05-07 22:20:33.495 INFO  com.jiawa.train.common.aspect.LogAspect           :107  [32m1746627633028fih  [0;39m 返回结果: {"success":true}
2025-05-07 22:20:33.496 INFO  com.jiawa.train.common.aspect.LogAspect           :108  [32m1746627633028fih  [0;39m ------------- 结束 耗时：468 ms -------------
2025-05-07 22:21:59.614 INFO  o.s.b.d.a.LocalDevToolsAutoConfiguration$RestartingClassPathChangeChangedEventListener:211  [32m                  [0;39m Restarting due to 1 class path change (0 additions, 1 deletion, 0 modifications)
2025-05-07 22:21:59.617 INFO  o.s.boot.web.embedded.tomcat.GracefulShutdown     :54   [32m                  [0;39m Commencing graceful shutdown. Waiting for active requests to complete
2025-05-07 22:21:59.618 INFO  org.apache.coyote.http11.Http11NioProtocol        :168  [32m                  [0;39m Pausing ProtocolHandler ["http-nio-8001"]
2025-05-07 22:21:59.636 INFO  o.s.boot.web.embedded.tomcat.GracefulShutdown     :76   [32m                  [0;39m Graceful shutdown complete
2025-05-07 22:21:59.637 INFO  org.apache.coyote.http11.Http11NioProtocol        :168  [32m                  [0;39m Stopping ProtocolHandler ["http-nio-8001"]
2025-05-07 22:21:59.642 INFO  com.zaxxer.hikari.HikariDataSource                :349  [32m                  [0;39m HikariPool-1 - Shutdown initiated...
2025-05-07 22:21:59.649 INFO  com.zaxxer.hikari.HikariDataSource                :351  [32m                  [0;39m HikariPool-1 - Shutdown completed.
2025-05-07 22:21:59.748 INFO  com.jiawa.train.member.config.MemberApplication   :53   [32m                  [0;39m Starting MemberApplication using Java 21.0.2 with PID 28872 (E:\12306-train\train\member\target\classes started by user in E:\12306-train\train)
2025-05-07 22:21:59.748 INFO  com.jiawa.train.member.config.MemberApplication   :652  [32m                  [0;39m No active profile set, falling back to 1 default profile: "default"
2025-05-07 22:21:59.923 INFO  o.springframework.cloud.context.scope.GenericScope:282  [32m                  [0;39m BeanFactory id=4f982214-b4f4-3cb0-8e4f-2b16ca3677ba
2025-05-07 22:21:59.984 INFO  o.s.boot.web.embedded.tomcat.TomcatWebServer      :111  [32m                  [0;39m Tomcat initialized with port 8001 (http)
2025-05-07 22:21:59.985 INFO  org.apache.coyote.http11.Http11NioProtocol        :168  [32m                  [0;39m Initializing ProtocolHandler ["http-nio-8001"]
2025-05-07 22:21:59.985 INFO  org.apache.catalina.core.StandardService          :168  [32m                  [0;39m Starting service [Tomcat]
2025-05-07 22:21:59.985 INFO  org.apache.catalina.core.StandardEngine           :168  [32m                  [0;39m Starting Servlet engine: [Apache Tomcat/10.1.40]
2025-05-07 22:22:00.007 INFO  o.a.c.c.C.[Tomcat].[localhost].[/member]          :168  [32m                  [0;39m Initializing Spring embedded WebApplicationContext
2025-05-07 22:22:00.008 INFO  o.s.b.w.s.c.ServletWebServerApplicationContext    :301  [32m                  [0;39m Root WebApplicationContext: initialization completed in 258 ms
2025-05-07 22:22:00.253 INFO  o.s.b.d.autoconfigure.OptionalLiveReloadServer    :59   [32m                  [0;39m LiveReload server is running on port 35729
2025-05-07 22:22:00.291 INFO  org.apache.coyote.http11.Http11NioProtocol        :168  [32m                  [0;39m Starting ProtocolHandler ["http-nio-8001"]
2025-05-07 22:22:00.293 INFO  o.s.boot.web.embedded.tomcat.TomcatWebServer      :243  [32m                  [0;39m Tomcat started on port 8001 (http) with context path '/member'
2025-05-07 22:22:00.304 INFO  com.jiawa.train.member.config.MemberApplication   :59   [32m                  [0;39m Started MemberApplication in 0.598 seconds (process running for 105.462)
2025-05-07 22:22:00.306 INFO  o.s.b.d.a.ConditionEvaluationDeltaLoggingListener :63   [32m                  [0;39m Condition evaluation unchanged
2025-05-07 22:22:00.306 INFO  com.jiawa.train.member.config.MemberApplication   :23   [32m                  [0;39m 启动成功!
2025-05-07 22:22:00.306 INFO  com.jiawa.train.member.config.MemberApplication   :24   [32m                  [0;39m 地址：	http://127.0.0.1:8001/test
2025-05-07 22:22:01.679 INFO  o.s.b.d.a.LocalDevToolsAutoConfiguration$RestartingClassPathChangeChangedEventListener:211  [32m                  [0;39m Restarting due to 1 class path change (1 addition, 0 deletions, 0 modifications)
2025-05-07 22:22:01.681 INFO  o.s.boot.web.embedded.tomcat.GracefulShutdown     :54   [32m                  [0;39m Commencing graceful shutdown. Waiting for active requests to complete
2025-05-07 22:22:01.681 INFO  org.apache.coyote.http11.Http11NioProtocol        :168  [32m                  [0;39m Pausing ProtocolHandler ["http-nio-8001"]
2025-05-07 22:22:01.695 INFO  o.s.boot.web.embedded.tomcat.GracefulShutdown     :76   [32m                  [0;39m Graceful shutdown complete
2025-05-07 22:22:01.695 INFO  org.apache.coyote.http11.Http11NioProtocol        :168  [32m                  [0;39m Stopping ProtocolHandler ["http-nio-8001"]
2025-05-07 22:22:01.771 INFO  com.jiawa.train.member.config.MemberApplication   :53   [32m                  [0;39m Starting MemberApplication using Java 21.0.2 with PID 28872 (E:\12306-train\train\member\target\classes started by user in E:\12306-train\train)
2025-05-07 22:22:01.771 INFO  com.jiawa.train.member.config.MemberApplication   :652  [32m                  [0;39m No active profile set, falling back to 1 default profile: "default"
2025-05-07 22:22:01.885 INFO  o.springframework.cloud.context.scope.GenericScope:282  [32m                  [0;39m BeanFactory id=4f982214-b4f4-3cb0-8e4f-2b16ca3677ba
2025-05-07 22:22:01.948 INFO  o.s.boot.web.embedded.tomcat.TomcatWebServer      :111  [32m                  [0;39m Tomcat initialized with port 8001 (http)
2025-05-07 22:22:01.949 INFO  org.apache.coyote.http11.Http11NioProtocol        :168  [32m                  [0;39m Initializing ProtocolHandler ["http-nio-8001"]
2025-05-07 22:22:01.949 INFO  org.apache.catalina.core.StandardService          :168  [32m                  [0;39m Starting service [Tomcat]
2025-05-07 22:22:01.949 INFO  org.apache.catalina.core.StandardEngine           :168  [32m                  [0;39m Starting Servlet engine: [Apache Tomcat/10.1.40]
2025-05-07 22:22:01.971 INFO  o.a.c.c.C.[Tomcat].[localhost].[/member]          :168  [32m                  [0;39m Initializing Spring embedded WebApplicationContext
2025-05-07 22:22:01.971 INFO  o.s.b.w.s.c.ServletWebServerApplicationContext    :301  [32m                  [0;39m Root WebApplicationContext: initialization completed in 199 ms
2025-05-07 22:22:02.192 INFO  o.s.b.d.autoconfigure.OptionalLiveReloadServer    :59   [32m                  [0;39m LiveReload server is running on port 35729
2025-05-07 22:22:02.226 INFO  org.apache.coyote.http11.Http11NioProtocol        :168  [32m                  [0;39m Starting ProtocolHandler ["http-nio-8001"]
2025-05-07 22:22:02.228 INFO  o.s.boot.web.embedded.tomcat.TomcatWebServer      :243  [32m                  [0;39m Tomcat started on port 8001 (http) with context path '/member'
2025-05-07 22:22:02.241 INFO  com.jiawa.train.member.config.MemberApplication   :59   [32m                  [0;39m Started MemberApplication in 0.503 seconds (process running for 107.398)
2025-05-07 22:22:02.242 INFO  o.s.b.d.a.ConditionEvaluationDeltaLoggingListener :63   [32m                  [0;39m Condition evaluation unchanged
2025-05-07 22:22:02.243 INFO  com.jiawa.train.member.config.MemberApplication   :23   [32m                  [0;39m 启动成功!
2025-05-07 22:22:02.243 INFO  com.jiawa.train.member.config.MemberApplication   :24   [32m                  [0;39m 地址：	http://127.0.0.1:8001/test
2025-05-07 22:22:22.918 INFO  o.a.c.c.C.[Tomcat].[localhost].[/member]          :168  [32m                  [0;39m Initializing Spring DispatcherServlet 'dispatcherServlet'
2025-05-07 22:22:22.918 INFO  org.springframework.web.servlet.DispatcherServlet :532  [32m                  [0;39m Initializing Servlet 'dispatcherServlet'
2025-05-07 22:22:22.918 INFO  org.springframework.web.servlet.DispatcherServlet :554  [32m                  [0;39m Completed initialization in 0 ms
2025-05-07 22:22:22.926 INFO  com.jiawa.train.common.aspect.LogAspect           :52   [32m1746627742925vqa  [0;39m ------------- 开始 -------------
2025-05-07 22:22:22.926 INFO  com.jiawa.train.common.aspect.LogAspect           :53   [32m1746627742925vqa  [0;39m 请求地址: http://127.0.0.1:8001/member/member/send-code POST
2025-05-07 22:22:22.927 INFO  com.jiawa.train.common.aspect.LogAspect           :54   [32m1746627742925vqa  [0;39m 类名方法: com.jiawa.train.member.controller.MemberController.sendCode
2025-05-07 22:22:22.927 INFO  com.jiawa.train.common.aspect.LogAspect           :55   [32m1746627742925vqa  [0;39m 远程地址: 127.0.0.1
2025-05-07 22:22:22.929 INFO  com.jiawa.train.common.aspect.LogAspect           :83   [32m1746627742925vqa  [0;39m 请求参数: [{"mobile":"12301234568"}]
2025-05-07 22:22:22.932 INFO  com.zaxxer.hikari.HikariDataSource                :109  [32m1746627742925vqa  [0;39m HikariPool-2 - Starting...
2025-05-07 22:22:22.960 INFO  com.zaxxer.hikari.pool.HikariPool                 :554  [32m1746627742925vqa  [0;39m HikariPool-2 - Added connection com.mysql.cj.jdbc.ConnectionImpl@4a0eee66
2025-05-07 22:22:22.962 INFO  com.zaxxer.hikari.HikariDataSource                :122  [32m1746627742925vqa  [0;39m HikariPool-2 - Start completed.
2025-05-07 22:22:22.962 DEBUG c.j.t.member.mapper.MemberMapper.selectByExample  :135  [32m1746627742925vqa  [0;39m ==>  Preparing: select id, mobile from member WHERE ( mobile = ? )
2025-05-07 22:22:22.963 DEBUG c.j.t.member.mapper.MemberMapper.selectByExample  :135  [32m1746627742925vqa  [0;39m ==> Parameters: 12301234568(String)
2025-05-07 22:22:22.967 TRACE c.j.t.member.mapper.MemberMapper.selectByExample  :141  [32m1746627742925vqa  [0;39m <==    Columns: id, mobile
2025-05-07 22:22:22.968 TRACE c.j.t.member.mapper.MemberMapper.selectByExample  :141  [32m1746627742925vqa  [0;39m <==        Row: 1920118052398174208, 12301234568
2025-05-07 22:22:22.968 DEBUG c.j.t.member.mapper.MemberMapper.selectByExample  :135  [32m1746627742925vqa  [0;39m <==      Total: 1
2025-05-07 22:22:22.968 INFO  com.jiawa.train.member.service.MemberService      :65   [32m1746627742925vqa  [0;39m 手机号存在，不插入
2025-05-07 22:22:22.968 INFO  com.jiawa.train.member.service.MemberService      :70   [32m1746627742925vqa  [0;39m 生成短信验证码:l55q
2025-05-07 22:22:22.968 INFO  com.jiawa.train.member.service.MemberService      :72   [32m1746627742925vqa  [0;39m 保存短信记录表
2025-05-07 22:22:22.973 INFO  com.jiawa.train.common.aspect.LogAspect           :107  [32m1746627742925vqa  [0;39m 返回结果: {"success":true}
2025-05-07 22:22:22.973 INFO  com.jiawa.train.common.aspect.LogAspect           :108  [32m1746627742925vqa  [0;39m ------------- 结束 耗时：48 ms -------------
2025-05-07 22:22:32.737 INFO  o.s.boot.web.embedded.tomcat.GracefulShutdown     :54   [32m                  [0;39m Commencing graceful shutdown. Waiting for active requests to complete
2025-05-07 22:22:32.754 INFO  o.s.boot.web.embedded.tomcat.GracefulShutdown     :76   [32m                  [0;39m Graceful shutdown complete
2025-05-07 22:22:32.757 INFO  com.zaxxer.hikari.HikariDataSource                :349  [32m                  [0;39m HikariPool-2 - Shutdown initiated...
2025-05-07 22:22:32.768 INFO  com.zaxxer.hikari.HikariDataSource                :351  [32m                  [0;39m HikariPool-2 - Shutdown completed.
2025-05-07 22:22:36.486 INFO  org.hibernate.validator.internal.util.Version     :21   [32m                  [0;39m HV000001: Hibernate Validator 8.0.2.Final
2025-05-07 22:22:36.520 INFO  com.jiawa.train.member.config.MemberApplication   :53   [32m                  [0;39m Starting MemberApplication using Java 21.0.2 with PID 8228 (E:\12306-train\train\member\target\classes started by user in E:\12306-train\train)
2025-05-07 22:22:36.521 INFO  com.jiawa.train.member.config.MemberApplication   :652  [32m                  [0;39m No active profile set, falling back to 1 default profile: "default"
2025-05-07 22:22:36.560 INFO  o.s.b.d.env.DevToolsPropertyDefaultsPostProcessor :252  [32m                  [0;39m Devtools property defaults active! Set 'spring.devtools.add-properties' to 'false' to disable
2025-05-07 22:22:36.561 INFO  o.s.b.d.env.DevToolsPropertyDefaultsPostProcessor :252  [32m                  [0;39m For additional web related logging consider setting the 'logging.level.web' property to 'DEBUG'
2025-05-07 22:22:37.345 INFO  o.springframework.cloud.context.scope.GenericScope:282  [32m                  [0;39m BeanFactory id=4f982214-b4f4-3cb0-8e4f-2b16ca3677ba
2025-05-07 22:22:37.942 INFO  o.s.boot.web.embedded.tomcat.TomcatWebServer      :111  [32m                  [0;39m Tomcat initialized with port 8001 (http)
2025-05-07 22:22:37.950 INFO  org.apache.coyote.http11.Http11NioProtocol        :168  [32m                  [0;39m Initializing ProtocolHandler ["http-nio-8001"]
2025-05-07 22:22:37.952 INFO  org.apache.catalina.core.StandardService          :168  [32m                  [0;39m Starting service [Tomcat]
2025-05-07 22:22:37.953 INFO  org.apache.catalina.core.StandardEngine           :168  [32m                  [0;39m Starting Servlet engine: [Apache Tomcat/10.1.40]
2025-05-07 22:22:38.000 INFO  o.a.c.c.C.[Tomcat].[localhost].[/member]          :168  [32m                  [0;39m Initializing Spring embedded WebApplicationContext
2025-05-07 22:22:38.000 INFO  o.s.b.w.s.c.ServletWebServerApplicationContext    :301  [32m                  [0;39m Root WebApplicationContext: initialization completed in 1439 ms
2025-05-07 22:22:38.768 INFO  o.s.b.d.autoconfigure.OptionalLiveReloadServer    :59   [32m                  [0;39m LiveReload server is running on port 35729
2025-05-07 22:22:38.837 INFO  org.apache.coyote.http11.Http11NioProtocol        :168  [32m                  [0;39m Starting ProtocolHandler ["http-nio-8001"]
2025-05-07 22:22:38.854 INFO  o.s.boot.web.embedded.tomcat.TomcatWebServer      :243  [32m                  [0;39m Tomcat started on port 8001 (http) with context path '/member'
2025-05-07 22:22:38.869 INFO  com.jiawa.train.member.config.MemberApplication   :59   [32m                  [0;39m Started MemberApplication in 2.842 seconds (process running for 3.64)
2025-05-07 22:22:38.871 INFO  com.jiawa.train.member.config.MemberApplication   :23   [32m                  [0;39m 启动成功!
2025-05-07 22:22:38.872 INFO  com.jiawa.train.member.config.MemberApplication   :24   [32m                  [0;39m 地址：	http://127.0.0.1:8001/test
2025-05-07 22:22:46.648 INFO  o.a.c.c.C.[Tomcat].[localhost].[/member]          :168  [32m                  [0;39m Initializing Spring DispatcherServlet 'dispatcherServlet'
2025-05-07 22:22:46.649 INFO  org.springframework.web.servlet.DispatcherServlet :532  [32m                  [0;39m Initializing Servlet 'dispatcherServlet'
2025-05-07 22:22:46.650 INFO  org.springframework.web.servlet.DispatcherServlet :554  [32m                  [0;39m Completed initialization in 1 ms
2025-05-07 22:22:46.713 INFO  com.jiawa.train.common.aspect.LogAspect           :52   [32m1746627766710gca  [0;39m ------------- 开始 -------------
2025-05-07 22:22:46.714 INFO  com.jiawa.train.common.aspect.LogAspect           :53   [32m1746627766710gca  [0;39m 请求地址: http://127.0.0.1:8001/member/member/send-code POST
2025-05-07 22:22:46.714 INFO  com.jiawa.train.common.aspect.LogAspect           :54   [32m1746627766710gca  [0;39m 类名方法: com.jiawa.train.member.controller.MemberController.sendCode
2025-05-07 22:22:46.714 INFO  com.jiawa.train.common.aspect.LogAspect           :55   [32m1746627766710gca  [0;39m 远程地址: 127.0.0.1
2025-05-07 22:22:46.819 INFO  com.jiawa.train.common.aspect.LogAspect           :83   [32m1746627766710gca  [0;39m 请求参数: [{"mobile":"12301234568"}]
2025-05-07 22:22:46.856 INFO  com.zaxxer.hikari.HikariDataSource                :109  [32m1746627766710gca  [0;39m HikariPool-1 - Starting...
2025-05-07 22:22:47.061 INFO  com.zaxxer.hikari.pool.HikariPool                 :554  [32m1746627766710gca  [0;39m HikariPool-1 - Added connection com.mysql.cj.jdbc.ConnectionImpl@8db06bb
2025-05-07 22:22:47.063 INFO  com.zaxxer.hikari.HikariDataSource                :122  [32m1746627766710gca  [0;39m HikariPool-1 - Start completed.
2025-05-07 22:22:47.069 DEBUG c.j.t.member.mapper.MemberMapper.selectByExample  :135  [32m1746627766710gca  [0;39m ==>  Preparing: select id, mobile from member WHERE ( mobile = ? )
2025-05-07 22:22:47.087 DEBUG c.j.t.member.mapper.MemberMapper.selectByExample  :135  [32m1746627766710gca  [0;39m ==> Parameters: 12301234568(String)
2025-05-07 22:22:47.103 TRACE c.j.t.member.mapper.MemberMapper.selectByExample  :141  [32m1746627766710gca  [0;39m <==    Columns: id, mobile
2025-05-07 22:22:47.104 TRACE c.j.t.member.mapper.MemberMapper.selectByExample  :141  [32m1746627766710gca  [0;39m <==        Row: 1920118052398174208, 12301234568
2025-05-07 22:22:47.105 DEBUG c.j.t.member.mapper.MemberMapper.selectByExample  :135  [32m1746627766710gca  [0;39m <==      Total: 1
2025-05-07 22:22:47.110 INFO  com.jiawa.train.member.service.MemberService      :65   [32m1746627766710gca  [0;39m 手机号存在，不插入
2025-05-07 22:22:47.110 INFO  com.jiawa.train.member.service.MemberService      :70   [32m1746627766710gca  [0;39m 生成短信验证码:5p14
2025-05-07 22:22:47.110 INFO  com.jiawa.train.member.service.MemberService      :72   [32m1746627766710gca  [0;39m 保存短信记录表
2025-05-07 22:22:47.110 INFO  com.jiawa.train.member.service.MemberService      :75   [32m1746627766710gca  [0;39m 对接短信通道
2025-05-07 22:22:47.113 INFO  com.jiawa.train.common.aspect.LogAspect           :107  [32m1746627766710gca  [0;39m 返回结果: {"success":true}
2025-05-07 22:22:47.113 INFO  com.jiawa.train.common.aspect.LogAspect           :108  [32m1746627766710gca  [0;39m ------------- 结束 耗时：403 ms -------------
2025-05-07 22:22:55.674 INFO  com.jiawa.train.common.aspect.LogAspect           :52   [32m1746627775674r5h  [0;39m ------------- 开始 -------------
2025-05-07 22:22:55.675 INFO  com.jiawa.train.common.aspect.LogAspect           :53   [32m1746627775674r5h  [0;39m 请求地址: http://127.0.0.1:8001/member/member/send-code POST
2025-05-07 22:22:55.675 INFO  com.jiawa.train.common.aspect.LogAspect           :54   [32m1746627775674r5h  [0;39m 类名方法: com.jiawa.train.member.controller.MemberController.sendCode
2025-05-07 22:22:55.675 INFO  com.jiawa.train.common.aspect.LogAspect           :55   [32m1746627775674r5h  [0;39m 远程地址: 127.0.0.1
2025-05-07 22:22:55.675 INFO  com.jiawa.train.common.aspect.LogAspect           :83   [32m1746627775674r5h  [0;39m 请求参数: [{"mobile":"12301234568"}]
2025-05-07 22:22:55.676 DEBUG c.j.t.member.mapper.MemberMapper.selectByExample  :135  [32m1746627775674r5h  [0;39m ==>  Preparing: select id, mobile from member WHERE ( mobile = ? )
2025-05-07 22:22:55.677 DEBUG c.j.t.member.mapper.MemberMapper.selectByExample  :135  [32m1746627775674r5h  [0;39m ==> Parameters: 12301234568(String)
2025-05-07 22:22:55.678 TRACE c.j.t.member.mapper.MemberMapper.selectByExample  :141  [32m1746627775674r5h  [0;39m <==    Columns: id, mobile
2025-05-07 22:22:55.679 TRACE c.j.t.member.mapper.MemberMapper.selectByExample  :141  [32m1746627775674r5h  [0;39m <==        Row: 1920118052398174208, 12301234568
2025-05-07 22:22:55.680 DEBUG c.j.t.member.mapper.MemberMapper.selectByExample  :135  [32m1746627775674r5h  [0;39m <==      Total: 1
2025-05-07 22:22:55.681 INFO  com.jiawa.train.member.service.MemberService      :65   [32m1746627775674r5h  [0;39m 手机号存在，不插入
2025-05-07 22:22:55.681 INFO  com.jiawa.train.member.service.MemberService      :70   [32m1746627775674r5h  [0;39m 生成短信验证码:6ipm
2025-05-07 22:22:55.681 INFO  com.jiawa.train.member.service.MemberService      :72   [32m1746627775674r5h  [0;39m 保存短信记录表
2025-05-07 22:22:55.681 INFO  com.jiawa.train.member.service.MemberService      :75   [32m1746627775674r5h  [0;39m 对接短信通道
2025-05-07 22:22:55.681 INFO  com.jiawa.train.common.aspect.LogAspect           :107  [32m1746627775674r5h  [0;39m 返回结果: {"success":true}
2025-05-07 22:22:55.682 INFO  com.jiawa.train.common.aspect.LogAspect           :108  [32m1746627775674r5h  [0;39m ------------- 结束 耗时：8 ms -------------
2025-05-07 22:23:07.823 INFO  com.jiawa.train.common.aspect.LogAspect           :52   [32m1746627787823cw6  [0;39m ------------- 开始 -------------
2025-05-07 22:23:07.823 INFO  com.jiawa.train.common.aspect.LogAspect           :53   [32m1746627787823cw6  [0;39m 请求地址: http://127.0.0.1:8001/member/member/send-code POST
2025-05-07 22:23:07.823 INFO  com.jiawa.train.common.aspect.LogAspect           :54   [32m1746627787823cw6  [0;39m 类名方法: com.jiawa.train.member.controller.MemberController.sendCode
2025-05-07 22:23:07.823 INFO  com.jiawa.train.common.aspect.LogAspect           :55   [32m1746627787823cw6  [0;39m 远程地址: 127.0.0.1
2025-05-07 22:23:07.823 INFO  com.jiawa.train.common.aspect.LogAspect           :83   [32m1746627787823cw6  [0;39m 请求参数: [{"mobile":"12301234568"}]
2025-05-07 22:23:07.825 DEBUG c.j.t.member.mapper.MemberMapper.selectByExample  :135  [32m1746627787823cw6  [0;39m ==>  Preparing: select id, mobile from member WHERE ( mobile = ? )
2025-05-07 22:23:07.825 DEBUG c.j.t.member.mapper.MemberMapper.selectByExample  :135  [32m1746627787823cw6  [0;39m ==> Parameters: 12301234568(String)
2025-05-07 22:23:07.826 TRACE c.j.t.member.mapper.MemberMapper.selectByExample  :141  [32m1746627787823cw6  [0;39m <==    Columns: id, mobile
2025-05-07 22:23:07.826 TRACE c.j.t.member.mapper.MemberMapper.selectByExample  :141  [32m1746627787823cw6  [0;39m <==        Row: 1920118052398174208, 12301234568
2025-05-07 22:23:07.827 DEBUG c.j.t.member.mapper.MemberMapper.selectByExample  :135  [32m1746627787823cw6  [0;39m <==      Total: 1
2025-05-07 22:23:07.827 INFO  com.jiawa.train.member.service.MemberService      :65   [32m1746627787823cw6  [0;39m 手机号存在，不插入
2025-05-07 22:23:07.827 INFO  com.jiawa.train.member.service.MemberService      :70   [32m1746627787823cw6  [0;39m 生成短信验证码:44ek
2025-05-07 22:23:07.827 INFO  com.jiawa.train.member.service.MemberService      :72   [32m1746627787823cw6  [0;39m 保存短信记录表
2025-05-07 22:23:07.828 INFO  com.jiawa.train.member.service.MemberService      :75   [32m1746627787823cw6  [0;39m 对接短信通道
2025-05-07 22:23:07.828 INFO  com.jiawa.train.common.aspect.LogAspect           :107  [32m1746627787823cw6  [0;39m 返回结果: {"success":true}
2025-05-07 22:23:07.828 INFO  com.jiawa.train.common.aspect.LogAspect           :108  [32m1746627787823cw6  [0;39m ------------- 结束 耗时：5 ms -------------
2025-05-07 22:23:14.087 INFO  o.s.boot.web.embedded.tomcat.GracefulShutdown     :54   [32m                  [0;39m Commencing graceful shutdown. Waiting for active requests to complete
2025-05-07 22:23:14.102 INFO  o.s.boot.web.embedded.tomcat.GracefulShutdown     :76   [32m                  [0;39m Graceful shutdown complete
2025-05-07 22:23:14.106 INFO  com.zaxxer.hikari.HikariDataSource                :349  [32m                  [0;39m HikariPool-1 - Shutdown initiated...
2025-05-07 22:23:14.112 INFO  com.zaxxer.hikari.HikariDataSource                :351  [32m                  [0;39m HikariPool-1 - Shutdown completed.
