2025-05-06 10:33:29.083 INFO  com.jiawa.train.member.config.MemberApplication   :53   [32m                  [0;39m Starting MemberApplication using Java 21.0.2 with PID 12252 (E:\12306-train\train\member\target\classes started by user in E:\12306-train\train)
2025-05-06 10:33:29.086 INFO  com.jiawa.train.member.config.MemberApplication   :652  [32m                  [0;39m No active profile set, falling back to 1 default profile: "default"
2025-05-06 10:33:29.130 INFO  o.s.b.d.env.DevToolsPropertyDefaultsPostProcessor :252  [32m                  [0;39m Devtools property defaults active! Set 'spring.devtools.add-properties' to 'false' to disable
2025-05-06 10:33:29.130 INFO  o.s.b.d.env.DevToolsPropertyDefaultsPostProcessor :252  [32m                  [0;39m For additional web related logging consider setting the 'logging.level.web' property to 'DEBUG'
2025-05-06 10:33:29.649 INFO  o.springframework.cloud.context.scope.GenericScope:282  [32m                  [0;39m BeanFactory id=fc5705d2-840d-334f-b643-8688bc564d3f
2025-05-06 10:33:30.088 INFO  o.s.boot.web.embedded.tomcat.TomcatWebServer      :111  [32m                  [0;39m Tomcat initialized with port 8002 (http)
2025-05-06 10:33:30.098 INFO  org.apache.coyote.http11.Http11NioProtocol        :168  [32m                  [0;39m Initializing ProtocolHandler ["http-nio-8002"]
2025-05-06 10:33:30.100 INFO  org.apache.catalina.core.StandardService          :168  [32m                  [0;39m Starting service [Tomcat]
2025-05-06 10:33:30.100 INFO  org.apache.catalina.core.StandardEngine           :168  [32m                  [0;39m Starting Servlet engine: [Apache Tomcat/10.1.40]
2025-05-06 10:33:30.138 INFO  o.a.c.c.C.[Tomcat].[localhost].[/member]          :168  [32m                  [0;39m Initializing Spring embedded WebApplicationContext
2025-05-06 10:33:30.138 INFO  o.s.b.w.s.c.ServletWebServerApplicationContext    :301  [32m                  [0;39m Root WebApplicationContext: initialization completed in 1007 ms
2025-05-06 10:33:30.562 INFO  o.s.b.d.autoconfigure.OptionalLiveReloadServer    :59   [32m                  [0;39m LiveReload server is running on port 35729
2025-05-06 10:33:30.611 INFO  org.apache.coyote.http11.Http11NioProtocol        :168  [32m                  [0;39m Starting ProtocolHandler ["http-nio-8002"]
2025-05-06 10:33:30.622 INFO  o.s.boot.web.embedded.tomcat.TomcatWebServer      :243  [32m                  [0;39m Tomcat started on port 8002 (http) with context path '/member'
2025-05-06 10:33:30.637 INFO  com.jiawa.train.member.config.MemberApplication   :59   [32m                  [0;39m Started MemberApplication in 2.093 seconds (process running for 3.105)
2025-05-06 10:33:30.639 INFO  com.jiawa.train.member.config.MemberApplication   :21   [32m                  [0;39m 启动成功!
2025-05-06 10:33:30.639 INFO  com.jiawa.train.member.config.MemberApplication   :22   [32m                  [0;39m 地址：	http://127.0.0.1:8002/test
2025-05-06 10:35:35.000 INFO  o.s.b.d.a.LocalDevToolsAutoConfiguration$RestartingClassPathChangeChangedEventListener:211  [32m                  [0;39m Restarting due to 1 class path change (0 additions, 0 deletions, 1 modification)
2025-05-06 10:35:35.003 INFO  o.s.boot.web.embedded.tomcat.GracefulShutdown     :54   [32m                  [0;39m Commencing graceful shutdown. Waiting for active requests to complete
2025-05-06 10:35:35.003 INFO  org.apache.coyote.http11.Http11NioProtocol        :168  [32m                  [0;39m Pausing ProtocolHandler ["http-nio-8002"]
2025-05-06 10:35:35.017 INFO  o.s.boot.web.embedded.tomcat.GracefulShutdown     :76   [32m                  [0;39m Graceful shutdown complete
2025-05-06 10:35:35.017 INFO  org.apache.coyote.http11.Http11NioProtocol        :168  [32m                  [0;39m Stopping ProtocolHandler ["http-nio-8002"]
2025-05-06 10:35:35.093 INFO  com.jiawa.train.member.config.MemberApplication   :53   [32m                  [0;39m Starting MemberApplication using Java 21.0.2 with PID 12252 (E:\12306-train\train\member\target\classes started by user in E:\12306-train\train)
2025-05-06 10:35:35.093 INFO  com.jiawa.train.member.config.MemberApplication   :652  [32m                  [0;39m No active profile set, falling back to 1 default profile: "default"
2025-05-06 10:35:35.191 INFO  o.springframework.cloud.context.scope.GenericScope:282  [32m                  [0;39m BeanFactory id=fc5705d2-840d-334f-b643-8688bc564d3f
2025-05-06 10:35:35.251 INFO  o.s.boot.web.embedded.tomcat.TomcatWebServer      :111  [32m                  [0;39m Tomcat initialized with port 8001 (http)
2025-05-06 10:35:35.252 INFO  org.apache.coyote.http11.Http11NioProtocol        :168  [32m                  [0;39m Initializing ProtocolHandler ["http-nio-8001"]
2025-05-06 10:35:35.252 INFO  org.apache.catalina.core.StandardService          :168  [32m                  [0;39m Starting service [Tomcat]
2025-05-06 10:35:35.252 INFO  org.apache.catalina.core.StandardEngine           :168  [32m                  [0;39m Starting Servlet engine: [Apache Tomcat/10.1.40]
2025-05-06 10:35:35.273 INFO  o.a.c.c.C.[Tomcat].[localhost].[/member]          :168  [32m                  [0;39m Initializing Spring embedded WebApplicationContext
2025-05-06 10:35:35.273 INFO  o.s.b.w.s.c.ServletWebServerApplicationContext    :301  [32m                  [0;39m Root WebApplicationContext: initialization completed in 179 ms
2025-05-06 10:35:35.386 INFO  o.s.b.d.autoconfigure.OptionalLiveReloadServer    :59   [32m                  [0;39m LiveReload server is running on port 35729
2025-05-06 10:35:35.413 INFO  org.apache.coyote.http11.Http11NioProtocol        :168  [32m                  [0;39m Starting ProtocolHandler ["http-nio-8001"]
2025-05-06 10:35:35.416 INFO  o.s.boot.web.embedded.tomcat.TomcatWebServer      :243  [32m                  [0;39m Tomcat started on port 8001 (http) with context path '/member'
2025-05-06 10:35:35.427 INFO  com.jiawa.train.member.config.MemberApplication   :59   [32m                  [0;39m Started MemberApplication in 0.368 seconds (process running for 127.895)
2025-05-06 10:35:35.428 INFO  o.s.b.d.a.ConditionEvaluationDeltaLoggingListener :63   [32m                  [0;39m Condition evaluation unchanged
2025-05-06 10:35:35.428 INFO  com.jiawa.train.member.config.MemberApplication   :21   [32m                  [0;39m 启动成功!
2025-05-06 10:35:35.429 INFO  com.jiawa.train.member.config.MemberApplication   :22   [32m                  [0;39m 地址：	http://127.0.0.1:8001/test
2025-05-06 10:35:38.861 INFO  o.s.boot.web.embedded.tomcat.GracefulShutdown     :54   [32m                  [0;39m Commencing graceful shutdown. Waiting for active requests to complete
2025-05-06 10:35:38.874 INFO  o.s.boot.web.embedded.tomcat.GracefulShutdown     :76   [32m                  [0;39m Graceful shutdown complete
2025-05-06 10:53:59.958 INFO  org.hibernate.validator.internal.util.Version     :21   [32m                  [0;39m HV000001: Hibernate Validator 8.0.2.Final
2025-05-06 10:53:59.990 INFO  com.jiawa.train.gateway.config.GatewayApplication :53   [32m                  [0;39m Starting GatewayApplication using Java 21.0.2 with PID 19088 (E:\12306-train\train\gateway\target\classes started by user in E:\12306-train\train)
2025-05-06 10:53:59.992 INFO  com.jiawa.train.gateway.config.GatewayApplication :652  [32m                  [0;39m No active profile set, falling back to 1 default profile: "default"
2025-05-06 10:54:00.452 INFO  o.springframework.cloud.context.scope.GenericScope:282  [32m                  [0;39m BeanFactory id=e54710c9-ed8e-36b9-ab80-eef2323aaa28
2025-05-06 10:54:00.895 INFO  o.s.c.gateway.route.RouteDefinitionRouteLocator   :89   [32m                  [0;39m Loaded RoutePredicateFactory [After]
2025-05-06 10:54:00.896 INFO  o.s.c.gateway.route.RouteDefinitionRouteLocator   :89   [32m                  [0;39m Loaded RoutePredicateFactory [Before]
2025-05-06 10:54:00.896 INFO  o.s.c.gateway.route.RouteDefinitionRouteLocator   :89   [32m                  [0;39m Loaded RoutePredicateFactory [Between]
2025-05-06 10:54:00.896 INFO  o.s.c.gateway.route.RouteDefinitionRouteLocator   :89   [32m                  [0;39m Loaded RoutePredicateFactory [Cookie]
2025-05-06 10:54:00.896 INFO  o.s.c.gateway.route.RouteDefinitionRouteLocator   :89   [32m                  [0;39m Loaded RoutePredicateFactory [Header]
2025-05-06 10:54:00.896 INFO  o.s.c.gateway.route.RouteDefinitionRouteLocator   :89   [32m                  [0;39m Loaded RoutePredicateFactory [Host]
2025-05-06 10:54:00.896 INFO  o.s.c.gateway.route.RouteDefinitionRouteLocator   :89   [32m                  [0;39m Loaded RoutePredicateFactory [Method]
2025-05-06 10:54:00.896 INFO  o.s.c.gateway.route.RouteDefinitionRouteLocator   :89   [32m                  [0;39m Loaded RoutePredicateFactory [Path]
2025-05-06 10:54:00.896 INFO  o.s.c.gateway.route.RouteDefinitionRouteLocator   :89   [32m                  [0;39m Loaded RoutePredicateFactory [Query]
2025-05-06 10:54:00.896 INFO  o.s.c.gateway.route.RouteDefinitionRouteLocator   :89   [32m                  [0;39m Loaded RoutePredicateFactory [ReadBody]
2025-05-06 10:54:00.896 INFO  o.s.c.gateway.route.RouteDefinitionRouteLocator   :89   [32m                  [0;39m Loaded RoutePredicateFactory [RemoteAddr]
2025-05-06 10:54:00.897 INFO  o.s.c.gateway.route.RouteDefinitionRouteLocator   :89   [32m                  [0;39m Loaded RoutePredicateFactory [XForwardedRemoteAddr]
2025-05-06 10:54:00.897 INFO  o.s.c.gateway.route.RouteDefinitionRouteLocator   :89   [32m                  [0;39m Loaded RoutePredicateFactory [Weight]
2025-05-06 10:54:00.897 INFO  o.s.c.gateway.route.RouteDefinitionRouteLocator   :89   [32m                  [0;39m Loaded RoutePredicateFactory [CloudFoundryRouteService]
2025-05-06 10:54:01.167 INFO  o.s.boot.web.embedded.netty.NettyWebServer        :126  [32m                  [0;39m Netty started on port 8000 (http)
2025-05-06 10:54:01.203 INFO  com.jiawa.train.gateway.config.GatewayApplication :59   [32m                  [0;39m Started GatewayApplication in 1.648 seconds (process running for 2.452)
2025-05-06 10:54:01.206 INFO  com.jiawa.train.gateway.config.GatewayApplication :20   [32m                  [0;39m 启动成功!
2025-05-06 10:54:01.206 INFO  com.jiawa.train.gateway.config.GatewayApplication :21   [32m                  [0;39m 网关地址：	http://127.0.0.1:8000/test
2025-05-06 10:54:21.925 INFO  com.jiawa.train.member.config.MemberApplication   :53   [32m                  [0;39m Starting MemberApplication using Java 21.0.2 with PID 16656 (E:\12306-train\train\member\target\classes started by user in E:\12306-train\train)
2025-05-06 10:54:21.926 INFO  com.jiawa.train.member.config.MemberApplication   :652  [32m                  [0;39m No active profile set, falling back to 1 default profile: "default"
2025-05-06 10:54:21.958 INFO  o.s.b.d.env.DevToolsPropertyDefaultsPostProcessor :252  [32m                  [0;39m Devtools property defaults active! Set 'spring.devtools.add-properties' to 'false' to disable
2025-05-06 10:54:21.958 INFO  o.s.b.d.env.DevToolsPropertyDefaultsPostProcessor :252  [32m                  [0;39m For additional web related logging consider setting the 'logging.level.web' property to 'DEBUG'
2025-05-06 10:54:22.386 INFO  o.springframework.cloud.context.scope.GenericScope:282  [32m                  [0;39m BeanFactory id=fc5705d2-840d-334f-b643-8688bc564d3f
2025-05-06 10:54:22.812 INFO  o.s.boot.web.embedded.tomcat.TomcatWebServer      :111  [32m                  [0;39m Tomcat initialized with port 8001 (http)
2025-05-06 10:54:22.824 INFO  org.apache.coyote.http11.Http11NioProtocol        :168  [32m                  [0;39m Initializing ProtocolHandler ["http-nio-8001"]
2025-05-06 10:54:22.825 INFO  org.apache.catalina.core.StandardService          :168  [32m                  [0;39m Starting service [Tomcat]
2025-05-06 10:54:22.825 INFO  org.apache.catalina.core.StandardEngine           :168  [32m                  [0;39m Starting Servlet engine: [Apache Tomcat/10.1.40]
2025-05-06 10:54:22.867 INFO  o.a.c.c.C.[Tomcat].[localhost].[/member]          :168  [32m                  [0;39m Initializing Spring embedded WebApplicationContext
2025-05-06 10:54:22.867 INFO  o.s.b.w.s.c.ServletWebServerApplicationContext    :301  [32m                  [0;39m Root WebApplicationContext: initialization completed in 908 ms
2025-05-06 10:54:23.268 INFO  o.s.b.d.autoconfigure.OptionalLiveReloadServer    :59   [32m                  [0;39m LiveReload server is running on port 35729
2025-05-06 10:54:23.314 INFO  org.apache.coyote.http11.Http11NioProtocol        :168  [32m                  [0;39m Starting ProtocolHandler ["http-nio-8001"]
2025-05-06 10:54:23.326 INFO  o.s.boot.web.embedded.tomcat.TomcatWebServer      :243  [32m                  [0;39m Tomcat started on port 8001 (http) with context path '/member'
2025-05-06 10:54:23.340 INFO  com.jiawa.train.member.config.MemberApplication   :59   [32m                  [0;39m Started MemberApplication in 1.767 seconds (process running for 2.338)
2025-05-06 10:54:23.343 INFO  com.jiawa.train.member.config.MemberApplication   :21   [32m                  [0;39m 启动成功!
2025-05-06 10:54:23.344 INFO  com.jiawa.train.member.config.MemberApplication   :22   [32m                  [0;39m 地址：	http://127.0.0.1:8001/test
2025-05-06 10:55:30.861 INFO  o.s.boot.web.embedded.netty.GracefulShutdown      :53   [32m                  [0;39m Commencing graceful shutdown. Waiting for active requests to complete
2025-05-06 10:55:30.863 INFO  o.s.boot.web.embedded.netty.GracefulShutdown      :62   [32m                  [0;39m Graceful shutdown complete
2025-05-06 10:55:35.516 INFO  org.hibernate.validator.internal.util.Version     :21   [32m                  [0;39m HV000001: Hibernate Validator 8.0.2.Final
2025-05-06 10:55:35.541 INFO  com.jiawa.train.gateway.config.GatewayApplication :53   [32m                  [0;39m Starting GatewayApplication using Java 21.0.2 with PID 20112 (E:\12306-train\train\gateway\target\classes started by user in E:\12306-train\train)
2025-05-06 10:55:35.542 INFO  com.jiawa.train.gateway.config.GatewayApplication :652  [32m                  [0;39m No active profile set, falling back to 1 default profile: "default"
2025-05-06 10:55:35.962 INFO  o.springframework.cloud.context.scope.GenericScope:282  [32m                  [0;39m BeanFactory id=e54710c9-ed8e-36b9-ab80-eef2323aaa28
2025-05-06 10:55:36.385 INFO  o.s.c.gateway.route.RouteDefinitionRouteLocator   :89   [32m                  [0;39m Loaded RoutePredicateFactory [After]
2025-05-06 10:55:36.385 INFO  o.s.c.gateway.route.RouteDefinitionRouteLocator   :89   [32m                  [0;39m Loaded RoutePredicateFactory [Before]
2025-05-06 10:55:36.385 INFO  o.s.c.gateway.route.RouteDefinitionRouteLocator   :89   [32m                  [0;39m Loaded RoutePredicateFactory [Between]
2025-05-06 10:55:36.385 INFO  o.s.c.gateway.route.RouteDefinitionRouteLocator   :89   [32m                  [0;39m Loaded RoutePredicateFactory [Cookie]
2025-05-06 10:55:36.385 INFO  o.s.c.gateway.route.RouteDefinitionRouteLocator   :89   [32m                  [0;39m Loaded RoutePredicateFactory [Header]
2025-05-06 10:55:36.385 INFO  o.s.c.gateway.route.RouteDefinitionRouteLocator   :89   [32m                  [0;39m Loaded RoutePredicateFactory [Host]
2025-05-06 10:55:36.385 INFO  o.s.c.gateway.route.RouteDefinitionRouteLocator   :89   [32m                  [0;39m Loaded RoutePredicateFactory [Method]
2025-05-06 10:55:36.385 INFO  o.s.c.gateway.route.RouteDefinitionRouteLocator   :89   [32m                  [0;39m Loaded RoutePredicateFactory [Path]
2025-05-06 10:55:36.386 INFO  o.s.c.gateway.route.RouteDefinitionRouteLocator   :89   [32m                  [0;39m Loaded RoutePredicateFactory [Query]
2025-05-06 10:55:36.386 INFO  o.s.c.gateway.route.RouteDefinitionRouteLocator   :89   [32m                  [0;39m Loaded RoutePredicateFactory [ReadBody]
2025-05-06 10:55:36.386 INFO  o.s.c.gateway.route.RouteDefinitionRouteLocator   :89   [32m                  [0;39m Loaded RoutePredicateFactory [RemoteAddr]
2025-05-06 10:55:36.386 INFO  o.s.c.gateway.route.RouteDefinitionRouteLocator   :89   [32m                  [0;39m Loaded RoutePredicateFactory [XForwardedRemoteAddr]
2025-05-06 10:55:36.386 INFO  o.s.c.gateway.route.RouteDefinitionRouteLocator   :89   [32m                  [0;39m Loaded RoutePredicateFactory [Weight]
2025-05-06 10:55:36.386 INFO  o.s.c.gateway.route.RouteDefinitionRouteLocator   :89   [32m                  [0;39m Loaded RoutePredicateFactory [CloudFoundryRouteService]
2025-05-06 10:55:36.645 INFO  o.s.boot.web.embedded.netty.NettyWebServer        :126  [32m                  [0;39m Netty started on port 8000 (http)
2025-05-06 10:55:36.682 INFO  com.jiawa.train.gateway.config.GatewayApplication :59   [32m                  [0;39m Started GatewayApplication in 1.496 seconds (process running for 2.013)
2025-05-06 10:55:36.683 INFO  com.jiawa.train.gateway.config.GatewayApplication :20   [32m                  [0;39m 启动成功!
2025-05-06 10:55:36.685 INFO  com.jiawa.train.gateway.config.GatewayApplication :21   [32m                  [0;39m 网关地址：	http://127.0.0.1:8000
2025-05-06 10:56:17.928 INFO  o.s.boot.web.embedded.netty.GracefulShutdown      :53   [32m                  [0;39m Commencing graceful shutdown. Waiting for active requests to complete
2025-05-06 10:56:17.930 INFO  o.s.boot.web.embedded.netty.GracefulShutdown      :62   [32m                  [0;39m Graceful shutdown complete
2025-05-06 10:57:01.032 INFO  org.hibernate.validator.internal.util.Version     :21   [32m                  [0;39m HV000001: Hibernate Validator 8.0.2.Final
2025-05-06 10:57:01.056 INFO  com.jiawa.train.gateway.config.GatewayApplication :53   [32m                  [0;39m Starting GatewayApplication using Java 21.0.2 with PID 17928 (E:\12306-train\train\gateway\target\classes started by user in E:\12306-train\train)
2025-05-06 10:57:01.057 INFO  com.jiawa.train.gateway.config.GatewayApplication :652  [32m                  [0;39m No active profile set, falling back to 1 default profile: "default"
2025-05-06 10:57:01.452 INFO  o.springframework.cloud.context.scope.GenericScope:282  [32m                  [0;39m BeanFactory id=e54710c9-ed8e-36b9-ab80-eef2323aaa28
2025-05-06 10:57:01.860 INFO  o.s.c.gateway.route.RouteDefinitionRouteLocator   :89   [32m                  [0;39m Loaded RoutePredicateFactory [After]
2025-05-06 10:57:01.860 INFO  o.s.c.gateway.route.RouteDefinitionRouteLocator   :89   [32m                  [0;39m Loaded RoutePredicateFactory [Before]
2025-05-06 10:57:01.860 INFO  o.s.c.gateway.route.RouteDefinitionRouteLocator   :89   [32m                  [0;39m Loaded RoutePredicateFactory [Between]
2025-05-06 10:57:01.860 INFO  o.s.c.gateway.route.RouteDefinitionRouteLocator   :89   [32m                  [0;39m Loaded RoutePredicateFactory [Cookie]
2025-05-06 10:57:01.860 INFO  o.s.c.gateway.route.RouteDefinitionRouteLocator   :89   [32m                  [0;39m Loaded RoutePredicateFactory [Header]
2025-05-06 10:57:01.860 INFO  o.s.c.gateway.route.RouteDefinitionRouteLocator   :89   [32m                  [0;39m Loaded RoutePredicateFactory [Host]
2025-05-06 10:57:01.860 INFO  o.s.c.gateway.route.RouteDefinitionRouteLocator   :89   [32m                  [0;39m Loaded RoutePredicateFactory [Method]
2025-05-06 10:57:01.860 INFO  o.s.c.gateway.route.RouteDefinitionRouteLocator   :89   [32m                  [0;39m Loaded RoutePredicateFactory [Path]
2025-05-06 10:57:01.861 INFO  o.s.c.gateway.route.RouteDefinitionRouteLocator   :89   [32m                  [0;39m Loaded RoutePredicateFactory [Query]
2025-05-06 10:57:01.861 INFO  o.s.c.gateway.route.RouteDefinitionRouteLocator   :89   [32m                  [0;39m Loaded RoutePredicateFactory [ReadBody]
2025-05-06 10:57:01.861 INFO  o.s.c.gateway.route.RouteDefinitionRouteLocator   :89   [32m                  [0;39m Loaded RoutePredicateFactory [RemoteAddr]
2025-05-06 10:57:01.861 INFO  o.s.c.gateway.route.RouteDefinitionRouteLocator   :89   [32m                  [0;39m Loaded RoutePredicateFactory [XForwardedRemoteAddr]
2025-05-06 10:57:01.861 INFO  o.s.c.gateway.route.RouteDefinitionRouteLocator   :89   [32m                  [0;39m Loaded RoutePredicateFactory [Weight]
2025-05-06 10:57:01.861 INFO  o.s.c.gateway.route.RouteDefinitionRouteLocator   :89   [32m                  [0;39m Loaded RoutePredicateFactory [CloudFoundryRouteService]
2025-05-06 10:57:02.111 INFO  o.s.boot.web.embedded.netty.NettyWebServer        :126  [32m                  [0;39m Netty started on port 8000 (http)
2025-05-06 10:57:02.148 INFO  com.jiawa.train.gateway.config.GatewayApplication :59   [32m                  [0;39m Started GatewayApplication in 1.425 seconds (process running for 1.922)
2025-05-06 10:57:02.150 INFO  com.jiawa.train.gateway.config.GatewayApplication :20   [32m                  [0;39m 启动成功!
2025-05-06 10:57:02.151 INFO  com.jiawa.train.gateway.config.GatewayApplication :21   [32m                  [0;39m 网关地址：	http://127.0.0.1:8000
2025-05-06 10:57:16.676 INFO  o.s.boot.web.embedded.netty.GracefulShutdown      :53   [32m                  [0;39m Commencing graceful shutdown. Waiting for active requests to complete
2025-05-06 10:57:16.678 INFO  o.s.boot.web.embedded.netty.GracefulShutdown      :62   [32m                  [0;39m Graceful shutdown complete
2025-05-06 11:00:46.233 INFO  o.s.boot.web.embedded.tomcat.GracefulShutdown     :54   [32m                  [0;39m Commencing graceful shutdown. Waiting for active requests to complete
2025-05-06 11:00:46.249 INFO  o.s.boot.web.embedded.tomcat.GracefulShutdown     :76   [32m                  [0;39m Graceful shutdown complete
2025-05-06 11:01:04.107 INFO  com.jiawa.train.member.config.MemberApplication   :53   [32m                  [0;39m Starting MemberApplication using Java 21.0.2 with PID 2472 (E:\12306-train\train\member\target\classes started by user in E:\12306-train\train)
2025-05-06 11:01:04.108 INFO  com.jiawa.train.member.config.MemberApplication   :652  [32m                  [0;39m No active profile set, falling back to 1 default profile: "default"
2025-05-06 11:01:04.140 INFO  o.s.b.d.env.DevToolsPropertyDefaultsPostProcessor :252  [32m                  [0;39m Devtools property defaults active! Set 'spring.devtools.add-properties' to 'false' to disable
2025-05-06 11:01:04.140 INFO  o.s.b.d.env.DevToolsPropertyDefaultsPostProcessor :252  [32m                  [0;39m For additional web related logging consider setting the 'logging.level.web' property to 'DEBUG'
2025-05-06 11:01:04.524 INFO  o.springframework.cloud.context.scope.GenericScope:282  [32m                  [0;39m BeanFactory id=fc5705d2-840d-334f-b643-8688bc564d3f
2025-05-06 11:01:04.915 INFO  o.s.boot.web.embedded.tomcat.TomcatWebServer      :111  [32m                  [0;39m Tomcat initialized with port 8001 (http)
2025-05-06 11:01:04.925 INFO  org.apache.coyote.http11.Http11NioProtocol        :168  [32m                  [0;39m Initializing ProtocolHandler ["http-nio-8001"]
2025-05-06 11:01:04.927 INFO  org.apache.catalina.core.StandardService          :168  [32m                  [0;39m Starting service [Tomcat]
2025-05-06 11:01:04.927 INFO  org.apache.catalina.core.StandardEngine           :168  [32m                  [0;39m Starting Servlet engine: [Apache Tomcat/10.1.40]
2025-05-06 11:01:04.966 INFO  o.a.c.c.C.[Tomcat].[localhost].[/member]          :168  [32m                  [0;39m Initializing Spring embedded WebApplicationContext
2025-05-06 11:01:04.967 INFO  o.s.b.w.s.c.ServletWebServerApplicationContext    :301  [32m                  [0;39m Root WebApplicationContext: initialization completed in 826 ms
2025-05-06 11:01:05.429 INFO  o.s.b.d.autoconfigure.OptionalLiveReloadServer    :59   [32m                  [0;39m LiveReload server is running on port 35729
2025-05-06 11:01:05.481 INFO  org.apache.coyote.http11.Http11NioProtocol        :168  [32m                  [0;39m Starting ProtocolHandler ["http-nio-8001"]
2025-05-06 11:01:05.495 INFO  o.s.boot.web.embedded.tomcat.TomcatWebServer      :243  [32m                  [0;39m Tomcat started on port 8001 (http) with context path '/member'
2025-05-06 11:01:05.509 INFO  com.jiawa.train.member.config.MemberApplication   :59   [32m                  [0;39m Started MemberApplication in 1.773 seconds (process running for 2.394)
2025-05-06 11:01:05.511 INFO  com.jiawa.train.member.config.MemberApplication   :21   [32m                  [0;39m 启动成功!
2025-05-06 11:01:05.512 INFO  com.jiawa.train.member.config.MemberApplication   :22   [32m                  [0;39m 地址：	http://127.0.0.1:8001/test
2025-05-06 11:01:58.574 INFO  o.a.c.c.C.[Tomcat].[localhost].[/member]          :168  [32m                  [0;39m Initializing Spring DispatcherServlet 'dispatcherServlet'
2025-05-06 11:01:58.574 INFO  org.springframework.web.servlet.DispatcherServlet :532  [32m                  [0;39m Initializing Servlet 'dispatcherServlet'
2025-05-06 11:01:58.575 INFO  org.springframework.web.servlet.DispatcherServlet :554  [32m                  [0;39m Completed initialization in 1 ms
2025-05-06 11:01:58.602 INFO  com.jiawa.train.common.aspect.LogAspect           :52   [32m1746500518598hfy  [0;39m ------------- 开始 -------------
2025-05-06 11:01:58.603 INFO  com.jiawa.train.common.aspect.LogAspect           :53   [32m1746500518598hfy  [0;39m 请求地址: http://127.0.0.1:8001/member/test GET
2025-05-06 11:01:58.603 INFO  com.jiawa.train.common.aspect.LogAspect           :54   [32m1746500518598hfy  [0;39m 类名方法: com.jiawa.train.member.controller.TestController.test
2025-05-06 11:01:58.603 INFO  com.jiawa.train.common.aspect.LogAspect           :55   [32m1746500518598hfy  [0;39m 远程地址: 127.0.0.1
2025-05-06 11:01:58.703 INFO  com.jiawa.train.common.aspect.LogAspect           :83   [32m1746500518598hfy  [0;39m 请求参数: []
2025-05-06 11:01:58.704 INFO  com.jiawa.train.common.aspect.LogAspect           :107  [32m1746500518598hfy  [0;39m 返回结果: "Hello, Spring Boot!"
2025-05-06 11:01:58.704 INFO  com.jiawa.train.common.aspect.LogAspect           :108  [32m1746500518598hfy  [0;39m ------------- 结束 耗时：106 ms -------------
2025-05-06 11:09:46.088 INFO  o.s.boot.web.embedded.tomcat.GracefulShutdown     :54   [32m                  [0;39m Commencing graceful shutdown. Waiting for active requests to complete
2025-05-06 11:09:46.104 INFO  o.s.boot.web.embedded.tomcat.GracefulShutdown     :76   [32m                  [0;39m Graceful shutdown complete
2025-05-06 11:15:48.803 INFO  com.jiawa.train.member.config.MemberApplication   :53   [32m                  [0;39m Starting MemberApplication using Java 21.0.2 with PID 2060 (E:\12306-train\train\member\target\classes started by user in E:\12306-train\train)
2025-05-06 11:15:48.805 INFO  com.jiawa.train.member.config.MemberApplication   :652  [32m                  [0;39m No active profile set, falling back to 1 default profile: "default"
2025-05-06 11:15:48.834 INFO  o.s.b.d.env.DevToolsPropertyDefaultsPostProcessor :252  [32m                  [0;39m Devtools property defaults active! Set 'spring.devtools.add-properties' to 'false' to disable
2025-05-06 11:15:48.834 INFO  o.s.b.d.env.DevToolsPropertyDefaultsPostProcessor :252  [32m                  [0;39m For additional web related logging consider setting the 'logging.level.web' property to 'DEBUG'
2025-05-06 11:15:49.225 INFO  o.springframework.cloud.context.scope.GenericScope:282  [32m                  [0;39m BeanFactory id=fc5705d2-840d-334f-b643-8688bc564d3f
2025-05-06 11:15:49.604 INFO  o.s.boot.web.embedded.tomcat.TomcatWebServer      :111  [32m                  [0;39m Tomcat initialized with port 8001 (http)
2025-05-06 11:15:49.622 INFO  org.apache.coyote.http11.Http11NioProtocol        :168  [32m                  [0;39m Initializing ProtocolHandler ["http-nio-8001"]
2025-05-06 11:15:49.623 INFO  org.apache.catalina.core.StandardService          :168  [32m                  [0;39m Starting service [Tomcat]
2025-05-06 11:15:49.623 INFO  org.apache.catalina.core.StandardEngine           :168  [32m                  [0;39m Starting Servlet engine: [Apache Tomcat/10.1.40]
2025-05-06 11:15:49.665 INFO  o.a.c.c.C.[Tomcat].[localhost].[/member]          :168  [32m                  [0;39m Initializing Spring embedded WebApplicationContext
2025-05-06 11:15:49.665 INFO  o.s.b.w.s.c.ServletWebServerApplicationContext    :301  [32m                  [0;39m Root WebApplicationContext: initialization completed in 831 ms
2025-05-06 11:15:50.025 INFO  o.s.b.d.autoconfigure.OptionalLiveReloadServer    :59   [32m                  [0;39m LiveReload server is running on port 35729
2025-05-06 11:15:50.082 INFO  org.apache.coyote.http11.Http11NioProtocol        :168  [32m                  [0;39m Starting ProtocolHandler ["http-nio-8001"]
2025-05-06 11:15:50.092 INFO  o.s.boot.web.embedded.tomcat.TomcatWebServer      :243  [32m                  [0;39m Tomcat started on port 8001 (http) with context path '/member'
2025-05-06 11:15:50.106 INFO  com.jiawa.train.member.config.MemberApplication   :59   [32m                  [0;39m Started MemberApplication in 1.673 seconds (process running for 2.314)
2025-05-06 11:15:50.110 INFO  com.jiawa.train.member.config.MemberApplication   :21   [32m                  [0;39m 启动成功!
2025-05-06 11:15:50.110 INFO  com.jiawa.train.member.config.MemberApplication   :22   [32m                  [0;39m 地址：	http://127.0.0.1:8001/test
2025-05-06 11:15:55.773 INFO  o.a.c.c.C.[Tomcat].[localhost].[/member]          :168  [32m                  [0;39m Initializing Spring DispatcherServlet 'dispatcherServlet'
2025-05-06 11:15:55.773 INFO  org.springframework.web.servlet.DispatcherServlet :532  [32m                  [0;39m Initializing Servlet 'dispatcherServlet'
2025-05-06 11:15:55.773 INFO  org.springframework.web.servlet.DispatcherServlet :554  [32m                  [0;39m Completed initialization in 0 ms
2025-05-06 11:15:55.798 INFO  com.jiawa.train.common.aspect.LogAspect           :52   [32m17465013557957se  [0;39m ------------- 开始 -------------
2025-05-06 11:15:55.799 INFO  com.jiawa.train.common.aspect.LogAspect           :53   [32m17465013557957se  [0;39m 请求地址: http://127.0.0.1:8001/member/test GET
2025-05-06 11:15:55.799 INFO  com.jiawa.train.common.aspect.LogAspect           :54   [32m17465013557957se  [0;39m 类名方法: com.jiawa.train.member.controller.TestController.test
2025-05-06 11:15:55.799 INFO  com.jiawa.train.common.aspect.LogAspect           :55   [32m17465013557957se  [0;39m 远程地址: 127.0.0.1
2025-05-06 11:15:55.876 INFO  com.jiawa.train.common.aspect.LogAspect           :83   [32m17465013557957se  [0;39m 请求参数: []
2025-05-06 11:15:55.878 INFO  com.jiawa.train.common.aspect.LogAspect           :107  [32m17465013557957se  [0;39m 返回结果: "Hello, Spring Boot!"
2025-05-06 11:15:55.878 INFO  com.jiawa.train.common.aspect.LogAspect           :108  [32m17465013557957se  [0;39m ------------- 结束 耗时：83 ms -------------
2025-05-06 11:16:04.476 INFO  com.jiawa.train.common.aspect.LogAspect           :52   [32m1746501364476lmi  [0;39m ------------- 开始 -------------
2025-05-06 11:16:04.477 INFO  com.jiawa.train.common.aspect.LogAspect           :53   [32m1746501364476lmi  [0;39m 请求地址: http://127.0.0.1:8001/member/test GET
2025-05-06 11:16:04.477 INFO  com.jiawa.train.common.aspect.LogAspect           :54   [32m1746501364476lmi  [0;39m 类名方法: com.jiawa.train.member.controller.TestController.test
2025-05-06 11:16:04.477 INFO  com.jiawa.train.common.aspect.LogAspect           :55   [32m1746501364476lmi  [0;39m 远程地址: 127.0.0.1
2025-05-06 11:16:04.477 INFO  com.jiawa.train.common.aspect.LogAspect           :83   [32m1746501364476lmi  [0;39m 请求参数: []
2025-05-06 11:16:04.477 INFO  com.jiawa.train.common.aspect.LogAspect           :107  [32m1746501364476lmi  [0;39m 返回结果: "Hello, Spring Boot!"
2025-05-06 11:16:04.477 INFO  com.jiawa.train.common.aspect.LogAspect           :108  [32m1746501364476lmi  [0;39m ------------- 结束 耗时：1 ms -------------
2025-05-06 11:16:14.975 INFO  com.jiawa.train.common.aspect.LogAspect           :52   [32m1746501374975sh3  [0;39m ------------- 开始 -------------
2025-05-06 11:16:14.976 INFO  com.jiawa.train.common.aspect.LogAspect           :53   [32m1746501374975sh3  [0;39m 请求地址: http://127.0.0.1:8001/member/test GET
2025-05-06 11:16:14.976 INFO  com.jiawa.train.common.aspect.LogAspect           :54   [32m1746501374975sh3  [0;39m 类名方法: com.jiawa.train.member.controller.TestController.test
2025-05-06 11:16:14.976 INFO  com.jiawa.train.common.aspect.LogAspect           :55   [32m1746501374975sh3  [0;39m 远程地址: 127.0.0.1
2025-05-06 11:16:14.976 INFO  com.jiawa.train.common.aspect.LogAspect           :83   [32m1746501374975sh3  [0;39m 请求参数: []
2025-05-06 11:16:14.976 INFO  com.jiawa.train.common.aspect.LogAspect           :107  [32m1746501374975sh3  [0;39m 返回结果: "Hello, Spring Boot!"
2025-05-06 11:16:14.976 INFO  com.jiawa.train.common.aspect.LogAspect           :108  [32m1746501374975sh3  [0;39m ------------- 结束 耗时：1 ms -------------
2025-05-06 11:18:28.071 INFO  com.jiawa.train.common.aspect.LogAspect           :52   [32m1746501508071vlj  [0;39m ------------- 开始 -------------
2025-05-06 11:18:28.071 INFO  com.jiawa.train.common.aspect.LogAspect           :53   [32m1746501508071vlj  [0;39m 请求地址: http://127.0.0.1:8001/member/test GET
2025-05-06 11:18:28.071 INFO  com.jiawa.train.common.aspect.LogAspect           :54   [32m1746501508071vlj  [0;39m 类名方法: com.jiawa.train.member.controller.TestController.test
2025-05-06 11:18:28.071 INFO  com.jiawa.train.common.aspect.LogAspect           :55   [32m1746501508071vlj  [0;39m 远程地址: 127.0.0.1
2025-05-06 11:18:28.071 INFO  com.jiawa.train.common.aspect.LogAspect           :83   [32m1746501508071vlj  [0;39m 请求参数: []
2025-05-06 11:18:28.071 INFO  com.jiawa.train.common.aspect.LogAspect           :107  [32m1746501508071vlj  [0;39m 返回结果: "Hello, Spring Boot!"
2025-05-06 11:18:28.071 INFO  com.jiawa.train.common.aspect.LogAspect           :108  [32m1746501508071vlj  [0;39m ------------- 结束 耗时：0 ms -------------
2025-05-06 11:18:39.317 INFO  com.jiawa.train.common.aspect.LogAspect           :52   [32m1746501519317eu7  [0;39m ------------- 开始 -------------
2025-05-06 11:18:39.318 INFO  com.jiawa.train.common.aspect.LogAspect           :53   [32m1746501519317eu7  [0;39m 请求地址: http://127.0.0.1:8001/member/test GET
2025-05-06 11:18:39.318 INFO  com.jiawa.train.common.aspect.LogAspect           :54   [32m1746501519317eu7  [0;39m 类名方法: com.jiawa.train.member.controller.TestController.test
2025-05-06 11:18:39.318 INFO  com.jiawa.train.common.aspect.LogAspect           :55   [32m1746501519317eu7  [0;39m 远程地址: 127.0.0.1
2025-05-06 11:18:39.318 INFO  com.jiawa.train.common.aspect.LogAspect           :83   [32m1746501519317eu7  [0;39m 请求参数: []
2025-05-06 11:18:39.318 INFO  com.jiawa.train.common.aspect.LogAspect           :107  [32m1746501519317eu7  [0;39m 返回结果: "Hello, Spring Boot!"
2025-05-06 11:18:39.318 INFO  com.jiawa.train.common.aspect.LogAspect           :108  [32m1746501519317eu7  [0;39m ------------- 结束 耗时：1 ms -------------
2025-05-06 11:22:14.321 INFO  com.jiawa.train.common.aspect.LogAspect           :52   [32m1746501734321t11  [0;39m ------------- 开始 -------------
2025-05-06 11:22:14.321 INFO  com.jiawa.train.common.aspect.LogAspect           :53   [32m1746501734321t11  [0;39m 请求地址: http://127.0.0.1:8001/member/test GET
2025-05-06 11:22:14.321 INFO  com.jiawa.train.common.aspect.LogAspect           :54   [32m1746501734321t11  [0;39m 类名方法: com.jiawa.train.member.controller.TestController.test
2025-05-06 11:22:14.321 INFO  com.jiawa.train.common.aspect.LogAspect           :55   [32m1746501734321t11  [0;39m 远程地址: 127.0.0.1
2025-05-06 11:22:14.322 INFO  com.jiawa.train.common.aspect.LogAspect           :83   [32m1746501734321t11  [0;39m 请求参数: []
2025-05-06 11:22:14.322 INFO  com.jiawa.train.common.aspect.LogAspect           :107  [32m1746501734321t11  [0;39m 返回结果: "Hello, Spring Boot!"
2025-05-06 11:22:14.322 INFO  com.jiawa.train.common.aspect.LogAspect           :108  [32m1746501734321t11  [0;39m ------------- 结束 耗时：1 ms -------------
2025-05-06 11:22:21.241 INFO  com.jiawa.train.common.aspect.LogAspect           :52   [32m1746501741241wk1  [0;39m ------------- 开始 -------------
2025-05-06 11:22:21.241 INFO  com.jiawa.train.common.aspect.LogAspect           :53   [32m1746501741241wk1  [0;39m 请求地址: http://127.0.0.1:8001/member/test GET
2025-05-06 11:22:21.241 INFO  com.jiawa.train.common.aspect.LogAspect           :54   [32m1746501741241wk1  [0;39m 类名方法: com.jiawa.train.member.controller.TestController.test
2025-05-06 11:22:21.242 INFO  com.jiawa.train.common.aspect.LogAspect           :55   [32m1746501741241wk1  [0;39m 远程地址: 127.0.0.1
2025-05-06 11:22:21.242 INFO  com.jiawa.train.common.aspect.LogAspect           :83   [32m1746501741241wk1  [0;39m 请求参数: []
2025-05-06 11:22:21.242 INFO  com.jiawa.train.common.aspect.LogAspect           :107  [32m1746501741241wk1  [0;39m 返回结果: "Hello, Spring Boot!"
2025-05-06 11:22:21.242 INFO  com.jiawa.train.common.aspect.LogAspect           :108  [32m1746501741241wk1  [0;39m ------------- 结束 耗时：1 ms -------------
2025-05-06 11:22:31.548 INFO  com.jiawa.train.common.aspect.LogAspect           :52   [32m1746501751548lwd  [0;39m ------------- 开始 -------------
2025-05-06 11:22:31.548 INFO  com.jiawa.train.common.aspect.LogAspect           :53   [32m1746501751548lwd  [0;39m 请求地址: http://127.0.0.1:8001/member/test GET
2025-05-06 11:22:31.548 INFO  com.jiawa.train.common.aspect.LogAspect           :54   [32m1746501751548lwd  [0;39m 类名方法: com.jiawa.train.member.controller.TestController.test
2025-05-06 11:22:31.548 INFO  com.jiawa.train.common.aspect.LogAspect           :55   [32m1746501751548lwd  [0;39m 远程地址: 127.0.0.1
2025-05-06 11:22:31.549 INFO  com.jiawa.train.common.aspect.LogAspect           :83   [32m1746501751548lwd  [0;39m 请求参数: []
2025-05-06 11:22:31.549 INFO  com.jiawa.train.common.aspect.LogAspect           :107  [32m1746501751548lwd  [0;39m 返回结果: "Hello, Spring Boot!"
2025-05-06 11:22:31.549 INFO  com.jiawa.train.common.aspect.LogAspect           :108  [32m1746501751548lwd  [0;39m ------------- 结束 耗时：1 ms -------------
2025-05-06 11:22:41.130 INFO  com.jiawa.train.common.aspect.LogAspect           :52   [32m1746501761130otx  [0;39m ------------- 开始 -------------
2025-05-06 11:22:41.130 INFO  com.jiawa.train.common.aspect.LogAspect           :53   [32m1746501761130otx  [0;39m 请求地址: http://127.0.0.1:8001/member/test GET
2025-05-06 11:22:41.130 INFO  com.jiawa.train.common.aspect.LogAspect           :54   [32m1746501761130otx  [0;39m 类名方法: com.jiawa.train.member.controller.TestController.test
2025-05-06 11:22:41.130 INFO  com.jiawa.train.common.aspect.LogAspect           :55   [32m1746501761130otx  [0;39m 远程地址: 127.0.0.1
2025-05-06 11:22:41.130 INFO  com.jiawa.train.common.aspect.LogAspect           :83   [32m1746501761130otx  [0;39m 请求参数: []
2025-05-06 11:22:41.130 INFO  com.jiawa.train.common.aspect.LogAspect           :107  [32m1746501761130otx  [0;39m 返回结果: "Hello, Spring Boot!"
2025-05-06 11:22:41.131 INFO  com.jiawa.train.common.aspect.LogAspect           :108  [32m1746501761130otx  [0;39m ------------- 结束 耗时：1 ms -------------
2025-05-06 11:22:49.084 INFO  com.jiawa.train.common.aspect.LogAspect           :52   [32m1746501769084gwo  [0;39m ------------- 开始 -------------
2025-05-06 11:22:49.085 INFO  com.jiawa.train.common.aspect.LogAspect           :53   [32m1746501769084gwo  [0;39m 请求地址: http://127.0.0.1:8001/member/test GET
2025-05-06 11:22:49.085 INFO  com.jiawa.train.common.aspect.LogAspect           :54   [32m1746501769084gwo  [0;39m 类名方法: com.jiawa.train.member.controller.TestController.test
2025-05-06 11:22:49.085 INFO  com.jiawa.train.common.aspect.LogAspect           :55   [32m1746501769084gwo  [0;39m 远程地址: 127.0.0.1
2025-05-06 11:22:49.086 INFO  com.jiawa.train.common.aspect.LogAspect           :83   [32m1746501769084gwo  [0;39m 请求参数: []
2025-05-06 11:22:49.086 INFO  com.jiawa.train.common.aspect.LogAspect           :107  [32m1746501769084gwo  [0;39m 返回结果: "Hello, Spring Boot!"
2025-05-06 11:22:49.086 INFO  com.jiawa.train.common.aspect.LogAspect           :108  [32m1746501769084gwo  [0;39m ------------- 结束 耗时：2 ms -------------
2025-05-06 11:22:51.665 INFO  com.jiawa.train.common.aspect.LogAspect           :52   [32m1746501771665m62  [0;39m ------------- 开始 -------------
2025-05-06 11:22:51.666 INFO  com.jiawa.train.common.aspect.LogAspect           :53   [32m1746501771665m62  [0;39m 请求地址: http://127.0.0.1:8001/member/test GET
2025-05-06 11:22:51.666 INFO  com.jiawa.train.common.aspect.LogAspect           :54   [32m1746501771665m62  [0;39m 类名方法: com.jiawa.train.member.controller.TestController.test
2025-05-06 11:22:51.666 INFO  com.jiawa.train.common.aspect.LogAspect           :55   [32m1746501771665m62  [0;39m 远程地址: 127.0.0.1
2025-05-06 11:22:51.666 INFO  com.jiawa.train.common.aspect.LogAspect           :83   [32m1746501771665m62  [0;39m 请求参数: []
2025-05-06 11:22:51.666 INFO  com.jiawa.train.common.aspect.LogAspect           :107  [32m1746501771665m62  [0;39m 返回结果: "Hello, Spring Boot!"
2025-05-06 11:22:51.666 INFO  com.jiawa.train.common.aspect.LogAspect           :108  [32m1746501771665m62  [0;39m ------------- 结束 耗时：1 ms -------------
2025-05-06 11:23:13.989 INFO  com.jiawa.train.common.aspect.LogAspect           :52   [32m1746501793989axx  [0;39m ------------- 开始 -------------
2025-05-06 11:23:13.989 INFO  com.jiawa.train.common.aspect.LogAspect           :53   [32m1746501793989axx  [0;39m 请求地址: http://127.0.0.1:8001/member/test GET
2025-05-06 11:23:13.989 INFO  com.jiawa.train.common.aspect.LogAspect           :54   [32m1746501793989axx  [0;39m 类名方法: com.jiawa.train.member.controller.TestController.test
2025-05-06 11:23:13.989 INFO  com.jiawa.train.common.aspect.LogAspect           :55   [32m1746501793989axx  [0;39m 远程地址: 127.0.0.1
2025-05-06 11:23:13.989 INFO  com.jiawa.train.common.aspect.LogAspect           :83   [32m1746501793989axx  [0;39m 请求参数: []
2025-05-06 11:23:13.989 INFO  com.jiawa.train.common.aspect.LogAspect           :107  [32m1746501793989axx  [0;39m 返回结果: "Hello, Spring Boot!"
2025-05-06 11:23:13.990 INFO  com.jiawa.train.common.aspect.LogAspect           :108  [32m1746501793989axx  [0;39m ------------- 结束 耗时：1 ms -------------
2025-05-06 11:27:44.326 INFO  com.jiawa.train.common.aspect.LogAspect           :52   [32m1746502064326nf9  [0;39m ------------- 开始 -------------
2025-05-06 11:27:44.326 INFO  com.jiawa.train.common.aspect.LogAspect           :53   [32m1746502064326nf9  [0;39m 请求地址: http://127.0.0.1:8001/member/test GET
2025-05-06 11:27:44.326 INFO  com.jiawa.train.common.aspect.LogAspect           :54   [32m1746502064326nf9  [0;39m 类名方法: com.jiawa.train.member.controller.TestController.test
2025-05-06 11:27:44.326 INFO  com.jiawa.train.common.aspect.LogAspect           :55   [32m1746502064326nf9  [0;39m 远程地址: 127.0.0.1
2025-05-06 11:27:44.327 INFO  com.jiawa.train.common.aspect.LogAspect           :83   [32m1746502064326nf9  [0;39m 请求参数: []
2025-05-06 11:27:44.327 INFO  com.jiawa.train.common.aspect.LogAspect           :107  [32m1746502064326nf9  [0;39m 返回结果: "Hello, Spring Boot!"
2025-05-06 11:27:44.327 INFO  com.jiawa.train.common.aspect.LogAspect           :108  [32m1746502064326nf9  [0;39m ------------- 结束 耗时：1 ms -------------
2025-05-06 11:27:49.376 INFO  com.jiawa.train.common.aspect.LogAspect           :52   [32m1746502069376eop  [0;39m ------------- 开始 -------------
2025-05-06 11:27:49.376 INFO  com.jiawa.train.common.aspect.LogAspect           :53   [32m1746502069376eop  [0;39m 请求地址: http://127.0.0.1:8001/member/test GET
2025-05-06 11:27:49.376 INFO  com.jiawa.train.common.aspect.LogAspect           :54   [32m1746502069376eop  [0;39m 类名方法: com.jiawa.train.member.controller.TestController.test
2025-05-06 11:27:49.376 INFO  com.jiawa.train.common.aspect.LogAspect           :55   [32m1746502069376eop  [0;39m 远程地址: 127.0.0.1
2025-05-06 11:27:49.377 INFO  com.jiawa.train.common.aspect.LogAspect           :83   [32m1746502069376eop  [0;39m 请求参数: []
2025-05-06 11:27:49.377 INFO  com.jiawa.train.common.aspect.LogAspect           :107  [32m1746502069376eop  [0;39m 返回结果: "Hello, Spring Boot!"
2025-05-06 11:27:49.377 INFO  com.jiawa.train.common.aspect.LogAspect           :108  [32m1746502069376eop  [0;39m ------------- 结束 耗时：1 ms -------------
2025-05-06 11:28:02.787 INFO  com.jiawa.train.common.aspect.LogAspect           :52   [32m1746502082787q32  [0;39m ------------- 开始 -------------
2025-05-06 11:28:02.787 INFO  com.jiawa.train.common.aspect.LogAspect           :53   [32m1746502082787q32  [0;39m 请求地址: http://127.0.0.1:8001/member/test GET
2025-05-06 11:28:02.787 INFO  com.jiawa.train.common.aspect.LogAspect           :54   [32m1746502082787q32  [0;39m 类名方法: com.jiawa.train.member.controller.TestController.test
2025-05-06 11:28:02.788 INFO  com.jiawa.train.common.aspect.LogAspect           :55   [32m1746502082787q32  [0;39m 远程地址: 127.0.0.1
2025-05-06 11:28:02.788 INFO  com.jiawa.train.common.aspect.LogAspect           :83   [32m1746502082787q32  [0;39m 请求参数: []
2025-05-06 11:28:02.788 INFO  com.jiawa.train.common.aspect.LogAspect           :107  [32m1746502082787q32  [0;39m 返回结果: "Hello, Spring Boot!"
2025-05-06 11:28:02.788 INFO  com.jiawa.train.common.aspect.LogAspect           :108  [32m1746502082787q32  [0;39m ------------- 结束 耗时：1 ms -------------
2025-05-06 11:29:43.386 INFO  com.jiawa.train.common.aspect.LogAspect           :52   [32m1746502183386pfu  [0;39m ------------- 开始 -------------
2025-05-06 11:29:43.386 INFO  com.jiawa.train.common.aspect.LogAspect           :53   [32m1746502183386pfu  [0;39m 请求地址: http://127.0.0.1:8001/member/test GET
2025-05-06 11:29:43.386 INFO  com.jiawa.train.common.aspect.LogAspect           :54   [32m1746502183386pfu  [0;39m 类名方法: com.jiawa.train.member.controller.TestController.test
2025-05-06 11:29:43.386 INFO  com.jiawa.train.common.aspect.LogAspect           :55   [32m1746502183386pfu  [0;39m 远程地址: 127.0.0.1
2025-05-06 11:29:43.387 INFO  com.jiawa.train.common.aspect.LogAspect           :83   [32m1746502183386pfu  [0;39m 请求参数: []
2025-05-06 11:29:43.387 INFO  com.jiawa.train.common.aspect.LogAspect           :107  [32m1746502183386pfu  [0;39m 返回结果: "Hello, Spring Boot!"
2025-05-06 11:29:43.387 INFO  com.jiawa.train.common.aspect.LogAspect           :108  [32m1746502183386pfu  [0;39m ------------- 结束 耗时：1 ms -------------
2025-05-06 11:29:59.433 INFO  com.jiawa.train.common.aspect.LogAspect           :52   [32m1746502199433lsf  [0;39m ------------- 开始 -------------
2025-05-06 11:29:59.433 INFO  com.jiawa.train.common.aspect.LogAspect           :53   [32m1746502199433lsf  [0;39m 请求地址: http://127.0.0.1:8001/member/test GET
2025-05-06 11:29:59.433 INFO  com.jiawa.train.common.aspect.LogAspect           :54   [32m1746502199433lsf  [0;39m 类名方法: com.jiawa.train.member.controller.TestController.test
2025-05-06 11:29:59.433 INFO  com.jiawa.train.common.aspect.LogAspect           :55   [32m1746502199433lsf  [0;39m 远程地址: 127.0.0.1
2025-05-06 11:29:59.433 INFO  com.jiawa.train.common.aspect.LogAspect           :83   [32m1746502199433lsf  [0;39m 请求参数: []
2025-05-06 11:29:59.433 INFO  com.jiawa.train.common.aspect.LogAspect           :107  [32m1746502199433lsf  [0;39m 返回结果: "Hello, Spring Boot!"
2025-05-06 11:29:59.434 INFO  com.jiawa.train.common.aspect.LogAspect           :108  [32m1746502199433lsf  [0;39m ------------- 结束 耗时：1 ms -------------
2025-05-06 11:30:05.218 INFO  com.jiawa.train.common.aspect.LogAspect           :52   [32m1746502205218747  [0;39m ------------- 开始 -------------
2025-05-06 11:30:05.219 INFO  com.jiawa.train.common.aspect.LogAspect           :53   [32m1746502205218747  [0;39m 请求地址: http://127.0.0.1:8001/member/test GET
2025-05-06 11:30:05.219 INFO  com.jiawa.train.common.aspect.LogAspect           :54   [32m1746502205218747  [0;39m 类名方法: com.jiawa.train.member.controller.TestController.test
2025-05-06 11:30:05.219 INFO  com.jiawa.train.common.aspect.LogAspect           :55   [32m1746502205218747  [0;39m 远程地址: 127.0.0.1
2025-05-06 11:30:05.219 INFO  com.jiawa.train.common.aspect.LogAspect           :83   [32m1746502205218747  [0;39m 请求参数: []
2025-05-06 11:30:05.219 INFO  com.jiawa.train.common.aspect.LogAspect           :107  [32m1746502205218747  [0;39m 返回结果: "Hello, Spring Boot!"
2025-05-06 11:30:05.219 INFO  com.jiawa.train.common.aspect.LogAspect           :108  [32m1746502205218747  [0;39m ------------- 结束 耗时：1 ms -------------
2025-05-06 11:56:02.325 INFO  o.s.boot.web.embedded.tomcat.GracefulShutdown     :54   [32m                  [0;39m Commencing graceful shutdown. Waiting for active requests to complete
2025-05-06 11:56:02.348 INFO  o.s.boot.web.embedded.tomcat.GracefulShutdown     :76   [32m                  [0;39m Graceful shutdown complete
2025-05-06 15:08:27.583 INFO  com.jiawa.train.member.config.MemberApplication   :53   [32m                  [0;39m Starting MemberApplication using Java 21.0.2 with PID 18104 (E:\12306-train\train\member\target\classes started by user in E:\12306-train\train)
2025-05-06 15:08:27.584 INFO  com.jiawa.train.member.config.MemberApplication   :652  [32m                  [0;39m No active profile set, falling back to 1 default profile: "default"
2025-05-06 15:08:27.615 INFO  o.s.b.d.env.DevToolsPropertyDefaultsPostProcessor :252  [32m                  [0;39m Devtools property defaults active! Set 'spring.devtools.add-properties' to 'false' to disable
2025-05-06 15:08:27.615 INFO  o.s.b.d.env.DevToolsPropertyDefaultsPostProcessor :252  [32m                  [0;39m For additional web related logging consider setting the 'logging.level.web' property to 'DEBUG'
2025-05-06 15:08:28.110 WARN  org.mybatis.spring.mapper.ClassPathMapperScanner  :44   [32m                  [0;39m No MyBatis mapper was found in '[com.jiawa.train.member.config]' package. Please check your configuration.
2025-05-06 15:08:28.165 INFO  o.springframework.cloud.context.scope.GenericScope:282  [32m                  [0;39m BeanFactory id=ec6494ee-db22-3666-9946-5664233c9f25
2025-05-06 15:08:28.594 INFO  o.s.boot.web.embedded.tomcat.TomcatWebServer      :111  [32m                  [0;39m Tomcat initialized with port 8001 (http)
2025-05-06 15:08:28.605 INFO  org.apache.coyote.http11.Http11NioProtocol        :168  [32m                  [0;39m Initializing ProtocolHandler ["http-nio-8001"]
2025-05-06 15:08:28.606 INFO  org.apache.catalina.core.StandardService          :168  [32m                  [0;39m Starting service [Tomcat]
2025-05-06 15:08:28.607 INFO  org.apache.catalina.core.StandardEngine           :168  [32m                  [0;39m Starting Servlet engine: [Apache Tomcat/10.1.40]
2025-05-06 15:08:28.654 INFO  o.a.c.c.C.[Tomcat].[localhost].[/member]          :168  [32m                  [0;39m Initializing Spring embedded WebApplicationContext
2025-05-06 15:08:28.654 INFO  o.s.b.w.s.c.ServletWebServerApplicationContext    :301  [32m                  [0;39m Root WebApplicationContext: initialization completed in 1038 ms
2025-05-06 15:08:29.123 INFO  o.s.b.d.autoconfigure.OptionalLiveReloadServer    :59   [32m                  [0;39m LiveReload server is running on port 35729
2025-05-06 15:08:29.175 INFO  org.apache.coyote.http11.Http11NioProtocol        :168  [32m                  [0;39m Starting ProtocolHandler ["http-nio-8001"]
2025-05-06 15:08:29.191 INFO  o.s.boot.web.embedded.tomcat.TomcatWebServer      :243  [32m                  [0;39m Tomcat started on port 8001 (http) with context path '/member'
2025-05-06 15:08:29.204 INFO  com.jiawa.train.member.config.MemberApplication   :59   [32m                  [0;39m Started MemberApplication in 1.989 seconds (process running for 2.558)
2025-05-06 15:08:29.206 INFO  com.jiawa.train.member.config.MemberApplication   :21   [32m                  [0;39m 启动成功!
2025-05-06 15:08:29.206 INFO  com.jiawa.train.member.config.MemberApplication   :22   [32m                  [0;39m 地址：	http://127.0.0.1:8001/test
2025-05-06 15:09:19.699 INFO  o.s.boot.web.embedded.tomcat.GracefulShutdown     :54   [32m                  [0;39m Commencing graceful shutdown. Waiting for active requests to complete
2025-05-06 15:09:19.715 INFO  o.s.boot.web.embedded.tomcat.GracefulShutdown     :76   [32m                  [0;39m Graceful shutdown complete
2025-05-06 15:09:21.660 INFO  com.jiawa.train.member.config.MemberApplication   :53   [32m                  [0;39m Starting MemberApplication using Java 21.0.2 with PID 15244 (E:\12306-train\train\member\target\classes started by user in E:\12306-train\train)
2025-05-06 15:09:21.662 INFO  com.jiawa.train.member.config.MemberApplication   :652  [32m                  [0;39m No active profile set, falling back to 1 default profile: "default"
2025-05-06 15:09:21.696 INFO  o.s.b.d.env.DevToolsPropertyDefaultsPostProcessor :252  [32m                  [0;39m Devtools property defaults active! Set 'spring.devtools.add-properties' to 'false' to disable
2025-05-06 15:09:21.696 INFO  o.s.b.d.env.DevToolsPropertyDefaultsPostProcessor :252  [32m                  [0;39m For additional web related logging consider setting the 'logging.level.web' property to 'DEBUG'
2025-05-06 15:09:22.192 WARN  org.mybatis.spring.mapper.ClassPathMapperScanner  :44   [32m                  [0;39m No MyBatis mapper was found in '[com.jiawa.train.member.config]' package. Please check your configuration.
2025-05-06 15:09:22.241 INFO  o.springframework.cloud.context.scope.GenericScope:282  [32m                  [0;39m BeanFactory id=ec6494ee-db22-3666-9946-5664233c9f25
2025-05-06 15:09:22.607 INFO  o.s.boot.web.embedded.tomcat.TomcatWebServer      :111  [32m                  [0;39m Tomcat initialized with port 8001 (http)
2025-05-06 15:09:22.616 INFO  org.apache.coyote.http11.Http11NioProtocol        :168  [32m                  [0;39m Initializing ProtocolHandler ["http-nio-8001"]
2025-05-06 15:09:22.617 INFO  org.apache.catalina.core.StandardService          :168  [32m                  [0;39m Starting service [Tomcat]
2025-05-06 15:09:22.617 INFO  org.apache.catalina.core.StandardEngine           :168  [32m                  [0;39m Starting Servlet engine: [Apache Tomcat/10.1.40]
2025-05-06 15:09:22.659 INFO  o.a.c.c.C.[Tomcat].[localhost].[/member]          :168  [32m                  [0;39m Initializing Spring embedded WebApplicationContext
2025-05-06 15:09:22.660 INFO  o.s.b.w.s.c.ServletWebServerApplicationContext    :301  [32m                  [0;39m Root WebApplicationContext: initialization completed in 963 ms
2025-05-06 15:09:22.951 WARN  o.s.b.w.s.c.AnnotationConfigServletWebServerApplicationContext:635  [32m                  [0;39m Exception encountered during context initialization - cancelling refresh attempt: org.springframework.beans.factory.BeanCreationException: Error creating bean with name 'dataSource' defined in class path resource [org/springframework/boot/autoconfigure/jdbc/DataSourceConfiguration$Hikari.class]: Failed to instantiate [com.zaxxer.hikari.HikariDataSource]: Factory method 'dataSource' threw exception with message: Failed to determine a suitable driver class
2025-05-06 15:09:22.952 INFO  org.apache.catalina.core.StandardService          :168  [32m                  [0;39m Stopping service [Tomcat]
2025-05-06 15:09:22.963 INFO  o.s.b.a.logging.ConditionEvaluationReportLogger   :82   [32m                  [0;39m 

Error starting ApplicationContext. To display the condition evaluation report re-run your application with 'debug' enabled.
2025-05-06 15:09:22.977 ERROR o.s.b.diagnostics.LoggingFailureAnalysisReporter  :40   [32m                  [0;39m 

***************************
APPLICATION FAILED TO START
***************************

Description:

Failed to configure a DataSource: 'url' attribute is not specified and no embedded datasource could be configured.

Reason: Failed to determine a suitable driver class


Action:

Consider the following:
	If you want an embedded database (H2, HSQL or Derby), please put it on the classpath.
	If you have database settings to be loaded from a particular profile you may need to activate it (no profiles are currently active).

2025-05-06 15:09:41.629 INFO  com.jiawa.train.member.config.MemberApplication   :53   [32m                  [0;39m Starting MemberApplication using Java 21.0.2 with PID 24580 (E:\12306-train\train\member\target\classes started by user in E:\12306-train\train)
2025-05-06 15:09:41.631 INFO  com.jiawa.train.member.config.MemberApplication   :652  [32m                  [0;39m No active profile set, falling back to 1 default profile: "default"
2025-05-06 15:09:41.664 INFO  o.s.b.d.env.DevToolsPropertyDefaultsPostProcessor :252  [32m                  [0;39m Devtools property defaults active! Set 'spring.devtools.add-properties' to 'false' to disable
2025-05-06 15:09:41.665 INFO  o.s.b.d.env.DevToolsPropertyDefaultsPostProcessor :252  [32m                  [0;39m For additional web related logging consider setting the 'logging.level.web' property to 'DEBUG'
2025-05-06 15:09:42.219 WARN  org.mybatis.spring.mapper.ClassPathMapperScanner  :44   [32m                  [0;39m No MyBatis mapper was found in '[com.jiawa.train.member.config]' package. Please check your configuration.
2025-05-06 15:09:42.269 INFO  o.springframework.cloud.context.scope.GenericScope:282  [32m                  [0;39m BeanFactory id=ec6494ee-db22-3666-9946-5664233c9f25
2025-05-06 15:09:42.642 INFO  o.s.boot.web.embedded.tomcat.TomcatWebServer      :111  [32m                  [0;39m Tomcat initialized with port 8001 (http)
2025-05-06 15:09:42.651 INFO  org.apache.coyote.http11.Http11NioProtocol        :168  [32m                  [0;39m Initializing ProtocolHandler ["http-nio-8001"]
2025-05-06 15:09:42.652 INFO  org.apache.catalina.core.StandardService          :168  [32m                  [0;39m Starting service [Tomcat]
2025-05-06 15:09:42.652 INFO  org.apache.catalina.core.StandardEngine           :168  [32m                  [0;39m Starting Servlet engine: [Apache Tomcat/10.1.40]
2025-05-06 15:09:42.692 INFO  o.a.c.c.C.[Tomcat].[localhost].[/member]          :168  [32m                  [0;39m Initializing Spring embedded WebApplicationContext
2025-05-06 15:09:42.692 INFO  o.s.b.w.s.c.ServletWebServerApplicationContext    :301  [32m                  [0;39m Root WebApplicationContext: initialization completed in 1027 ms
2025-05-06 15:09:43.122 INFO  o.s.b.d.autoconfigure.OptionalLiveReloadServer    :59   [32m                  [0;39m LiveReload server is running on port 35729
2025-05-06 15:09:43.176 INFO  org.apache.coyote.http11.Http11NioProtocol        :168  [32m                  [0;39m Starting ProtocolHandler ["http-nio-8001"]
2025-05-06 15:09:43.192 INFO  o.s.boot.web.embedded.tomcat.TomcatWebServer      :243  [32m                  [0;39m Tomcat started on port 8001 (http) with context path '/member'
2025-05-06 15:09:43.207 INFO  com.jiawa.train.member.config.MemberApplication   :59   [32m                  [0;39m Started MemberApplication in 1.945 seconds (process running for 2.545)
2025-05-06 15:09:43.209 INFO  com.jiawa.train.member.config.MemberApplication   :21   [32m                  [0;39m 启动成功!
2025-05-06 15:09:43.209 INFO  com.jiawa.train.member.config.MemberApplication   :22   [32m                  [0;39m 地址：	http://127.0.0.1:8001/test
2025-05-06 15:17:30.004 INFO  o.s.b.d.a.LocalDevToolsAutoConfiguration$RestartingClassPathChangeChangedEventListener:211  [32m                  [0;39m Restarting due to 1 class path change (0 additions, 1 deletion, 0 modifications)
2025-05-06 15:17:30.008 INFO  o.s.boot.web.embedded.tomcat.GracefulShutdown     :54   [32m                  [0;39m Commencing graceful shutdown. Waiting for active requests to complete
2025-05-06 15:17:30.009 INFO  org.apache.coyote.http11.Http11NioProtocol        :168  [32m                  [0;39m Pausing ProtocolHandler ["http-nio-8001"]
2025-05-06 15:17:30.025 INFO  o.s.boot.web.embedded.tomcat.GracefulShutdown     :76   [32m                  [0;39m Graceful shutdown complete
2025-05-06 15:17:30.025 INFO  org.apache.coyote.http11.Http11NioProtocol        :168  [32m                  [0;39m Stopping ProtocolHandler ["http-nio-8001"]
2025-05-06 15:17:30.111 INFO  com.jiawa.train.member.config.MemberApplication   :53   [32m                  [0;39m Starting MemberApplication using Java 21.0.2 with PID 24580 (E:\12306-train\train\member\target\classes started by user in E:\12306-train\train)
2025-05-06 15:17:30.111 INFO  com.jiawa.train.member.config.MemberApplication   :652  [32m                  [0;39m No active profile set, falling back to 1 default profile: "default"
2025-05-06 15:17:30.247 WARN  org.mybatis.spring.mapper.ClassPathMapperScanner  :44   [32m                  [0;39m No MyBatis mapper was found in '[com.jiawa.train.member.config]' package. Please check your configuration.
2025-05-06 15:17:30.252 INFO  o.springframework.cloud.context.scope.GenericScope:282  [32m                  [0;39m BeanFactory id=ec6494ee-db22-3666-9946-5664233c9f25
2025-05-06 15:17:30.311 INFO  o.s.boot.web.embedded.tomcat.TomcatWebServer      :111  [32m                  [0;39m Tomcat initialized with port 8001 (http)
2025-05-06 15:17:30.312 INFO  org.apache.coyote.http11.Http11NioProtocol        :168  [32m                  [0;39m Initializing ProtocolHandler ["http-nio-8001"]
2025-05-06 15:17:30.312 INFO  org.apache.catalina.core.StandardService          :168  [32m                  [0;39m Starting service [Tomcat]
2025-05-06 15:17:30.312 INFO  org.apache.catalina.core.StandardEngine           :168  [32m                  [0;39m Starting Servlet engine: [Apache Tomcat/10.1.40]
2025-05-06 15:17:30.337 INFO  o.a.c.c.C.[Tomcat].[localhost].[/member]          :168  [32m                  [0;39m Initializing Spring embedded WebApplicationContext
2025-05-06 15:17:30.337 INFO  o.s.b.w.s.c.ServletWebServerApplicationContext    :301  [32m                  [0;39m Root WebApplicationContext: initialization completed in 224 ms
2025-05-06 15:17:30.508 INFO  o.s.b.d.autoconfigure.OptionalLiveReloadServer    :59   [32m                  [0;39m LiveReload server is running on port 35729
2025-05-06 15:17:30.535 INFO  org.apache.coyote.http11.Http11NioProtocol        :168  [32m                  [0;39m Starting ProtocolHandler ["http-nio-8001"]
2025-05-06 15:17:30.538 INFO  o.s.boot.web.embedded.tomcat.TomcatWebServer      :243  [32m                  [0;39m Tomcat started on port 8001 (http) with context path '/member'
2025-05-06 15:17:30.549 INFO  com.jiawa.train.member.config.MemberApplication   :59   [32m                  [0;39m Started MemberApplication in 0.479 seconds (process running for 469.888)
2025-05-06 15:17:30.550 INFO  o.s.b.d.a.ConditionEvaluationDeltaLoggingListener :63   [32m                  [0;39m Condition evaluation unchanged
2025-05-06 15:17:30.551 INFO  com.jiawa.train.member.config.MemberApplication   :21   [32m                  [0;39m 启动成功!
2025-05-06 15:17:30.551 INFO  com.jiawa.train.member.config.MemberApplication   :22   [32m                  [0;39m 地址：	http://127.0.0.1:8001/test
2025-05-06 15:17:45.103 INFO  o.s.b.d.a.LocalDevToolsAutoConfiguration$RestartingClassPathChangeChangedEventListener:211  [32m                  [0;39m Restarting due to 1 class path change (1 addition, 0 deletions, 0 modifications)
2025-05-06 15:17:45.104 INFO  o.s.boot.web.embedded.tomcat.GracefulShutdown     :54   [32m                  [0;39m Commencing graceful shutdown. Waiting for active requests to complete
2025-05-06 15:17:45.104 INFO  org.apache.coyote.http11.Http11NioProtocol        :168  [32m                  [0;39m Pausing ProtocolHandler ["http-nio-8001"]
2025-05-06 15:17:45.120 INFO  o.s.boot.web.embedded.tomcat.GracefulShutdown     :76   [32m                  [0;39m Graceful shutdown complete
2025-05-06 15:17:45.121 INFO  org.apache.coyote.http11.Http11NioProtocol        :168  [32m                  [0;39m Stopping ProtocolHandler ["http-nio-8001"]
2025-05-06 15:17:45.183 INFO  com.jiawa.train.member.config.MemberApplication   :53   [32m                  [0;39m Starting MemberApplication using Java 21.0.2 with PID 24580 (E:\12306-train\train\member\target\classes started by user in E:\12306-train\train)
2025-05-06 15:17:45.183 INFO  com.jiawa.train.member.config.MemberApplication   :652  [32m                  [0;39m No active profile set, falling back to 1 default profile: "default"
2025-05-06 15:17:45.289 WARN  org.mybatis.spring.mapper.ClassPathMapperScanner  :44   [32m                  [0;39m No MyBatis mapper was found in '[com.jiawa.train.member.mapper]' package. Please check your configuration.
2025-05-06 15:17:45.290 INFO  o.springframework.cloud.context.scope.GenericScope:282  [32m                  [0;39m BeanFactory id=7c6c221d-6a62-3d0e-bb10-8eb6dbb0e075
2025-05-06 15:17:45.342 INFO  o.s.boot.web.embedded.tomcat.TomcatWebServer      :111  [32m                  [0;39m Tomcat initialized with port 8001 (http)
2025-05-06 15:17:45.342 INFO  org.apache.coyote.http11.Http11NioProtocol        :168  [32m                  [0;39m Initializing ProtocolHandler ["http-nio-8001"]
2025-05-06 15:17:45.343 INFO  org.apache.catalina.core.StandardService          :168  [32m                  [0;39m Starting service [Tomcat]
2025-05-06 15:17:45.343 INFO  org.apache.catalina.core.StandardEngine           :168  [32m                  [0;39m Starting Servlet engine: [Apache Tomcat/10.1.40]
2025-05-06 15:17:45.367 INFO  o.a.c.c.C.[Tomcat].[localhost].[/member]          :168  [32m                  [0;39m Initializing Spring embedded WebApplicationContext
2025-05-06 15:17:45.367 INFO  o.s.b.w.s.c.ServletWebServerApplicationContext    :301  [32m                  [0;39m Root WebApplicationContext: initialization completed in 177 ms
2025-05-06 15:17:45.525 INFO  o.s.b.d.autoconfigure.OptionalLiveReloadServer    :59   [32m                  [0;39m LiveReload server is running on port 35729
2025-05-06 15:17:45.553 INFO  org.apache.coyote.http11.Http11NioProtocol        :168  [32m                  [0;39m Starting ProtocolHandler ["http-nio-8001"]
2025-05-06 15:17:45.556 INFO  o.s.boot.web.embedded.tomcat.TomcatWebServer      :243  [32m                  [0;39m Tomcat started on port 8001 (http) with context path '/member'
2025-05-06 15:17:45.568 INFO  com.jiawa.train.member.config.MemberApplication   :59   [32m                  [0;39m Started MemberApplication in 0.416 seconds (process running for 484.907)
2025-05-06 15:17:45.570 INFO  o.s.b.d.a.ConditionEvaluationDeltaLoggingListener :58   [32m                  [0;39m Condition evaluation delta:


==========================
CONDITION EVALUATION DELTA
==========================


Positive matches:
-----------------

    None


Negative matches:
-----------------

   MybatisAutoConfiguration.MapperScannerRegistrarNotFoundConfiguration:
      Did not match:
         - @ConditionalOnMissingBean (types: org.mybatis.spring.mapper.MapperFactoryBean,org.mybatis.spring.mapper.MapperScannerConfigurer; SearchStrategy: all) found beans of type 'org.mybatis.spring.mapper.MapperScannerConfigurer' com.jiawa.train.member.config.MemberApplication#MapperScannerRegistrar#0 (OnBeanCondition)


Exclusions:
-----------

    None


Unconditional classes:
----------------------

    None



2025-05-06 15:17:45.571 INFO  com.jiawa.train.member.config.MemberApplication   :23   [32m                  [0;39m 启动成功!
2025-05-06 15:17:45.571 INFO  com.jiawa.train.member.config.MemberApplication   :24   [32m                  [0;39m 地址：	http://127.0.0.1:8001/test
2025-05-06 15:19:45.729 INFO  o.s.b.d.a.LocalDevToolsAutoConfiguration$RestartingClassPathChangeChangedEventListener:211  [32m                  [0;39m Restarting due to 1 class path change (1 addition, 0 deletions, 0 modifications)
2025-05-06 15:19:45.731 INFO  o.s.boot.web.embedded.tomcat.GracefulShutdown     :54   [32m                  [0;39m Commencing graceful shutdown. Waiting for active requests to complete
2025-05-06 15:19:45.731 INFO  org.apache.coyote.http11.Http11NioProtocol        :168  [32m                  [0;39m Pausing ProtocolHandler ["http-nio-8001"]
2025-05-06 15:19:45.745 INFO  o.s.boot.web.embedded.tomcat.GracefulShutdown     :76   [32m                  [0;39m Graceful shutdown complete
2025-05-06 15:19:45.746 INFO  org.apache.coyote.http11.Http11NioProtocol        :168  [32m                  [0;39m Stopping ProtocolHandler ["http-nio-8001"]
2025-05-06 15:19:45.807 INFO  com.jiawa.train.member.config.MemberApplication   :53   [32m                  [0;39m Starting MemberApplication using Java 21.0.2 with PID 24580 (E:\12306-train\train\member\target\classes started by user in E:\12306-train\train)
2025-05-06 15:19:45.807 INFO  com.jiawa.train.member.config.MemberApplication   :652  [32m                  [0;39m No active profile set, falling back to 1 default profile: "default"
2025-05-06 15:19:45.901 WARN  org.mybatis.spring.mapper.ClassPathMapperScanner  :44   [32m                  [0;39m No MyBatis mapper was found in '[com.jiawa.train.member.mapper]' package. Please check your configuration.
2025-05-06 15:19:45.902 INFO  o.springframework.cloud.context.scope.GenericScope:282  [32m                  [0;39m BeanFactory id=7c6c221d-6a62-3d0e-bb10-8eb6dbb0e075
2025-05-06 15:19:45.950 INFO  o.s.boot.web.embedded.tomcat.TomcatWebServer      :111  [32m                  [0;39m Tomcat initialized with port 8001 (http)
2025-05-06 15:19:45.950 INFO  org.apache.coyote.http11.Http11NioProtocol        :168  [32m                  [0;39m Initializing ProtocolHandler ["http-nio-8001"]
2025-05-06 15:19:45.950 INFO  org.apache.catalina.core.StandardService          :168  [32m                  [0;39m Starting service [Tomcat]
2025-05-06 15:19:45.950 INFO  org.apache.catalina.core.StandardEngine           :168  [32m                  [0;39m Starting Servlet engine: [Apache Tomcat/10.1.40]
2025-05-06 15:19:45.969 INFO  o.a.c.c.C.[Tomcat].[localhost].[/member]          :168  [32m                  [0;39m Initializing Spring embedded WebApplicationContext
2025-05-06 15:19:45.969 INFO  o.s.b.w.s.c.ServletWebServerApplicationContext    :301  [32m                  [0;39m Root WebApplicationContext: initialization completed in 161 ms
2025-05-06 15:19:46.117 INFO  o.s.b.d.autoconfigure.OptionalLiveReloadServer    :59   [32m                  [0;39m LiveReload server is running on port 35729
2025-05-06 15:19:46.141 INFO  org.apache.coyote.http11.Http11NioProtocol        :168  [32m                  [0;39m Starting ProtocolHandler ["http-nio-8001"]
2025-05-06 15:19:46.143 INFO  o.s.boot.web.embedded.tomcat.TomcatWebServer      :243  [32m                  [0;39m Tomcat started on port 8001 (http) with context path '/member'
2025-05-06 15:19:46.155 INFO  com.jiawa.train.member.config.MemberApplication   :59   [32m                  [0;39m Started MemberApplication in 0.378 seconds (process running for 605.494)
2025-05-06 15:19:46.155 INFO  o.s.b.d.a.ConditionEvaluationDeltaLoggingListener :63   [32m                  [0;39m Condition evaluation unchanged
2025-05-06 15:19:46.155 INFO  com.jiawa.train.member.config.MemberApplication   :23   [32m                  [0;39m 启动成功!
2025-05-06 15:19:46.156 INFO  com.jiawa.train.member.config.MemberApplication   :24   [32m                  [0;39m 地址：	http://127.0.0.1:8001/test
2025-05-06 15:20:06.827 INFO  o.s.b.d.a.LocalDevToolsAutoConfiguration$RestartingClassPathChangeChangedEventListener:211  [32m                  [0;39m Restarting due to 1 class path change (0 additions, 0 deletions, 1 modification)
2025-05-06 15:20:06.828 INFO  o.s.boot.web.embedded.tomcat.GracefulShutdown     :54   [32m                  [0;39m Commencing graceful shutdown. Waiting for active requests to complete
2025-05-06 15:20:06.829 INFO  org.apache.coyote.http11.Http11NioProtocol        :168  [32m                  [0;39m Pausing ProtocolHandler ["http-nio-8001"]
2025-05-06 15:20:06.842 INFO  o.s.boot.web.embedded.tomcat.GracefulShutdown     :76   [32m                  [0;39m Graceful shutdown complete
2025-05-06 15:20:06.843 INFO  org.apache.coyote.http11.Http11NioProtocol        :168  [32m                  [0;39m Stopping ProtocolHandler ["http-nio-8001"]
2025-05-06 15:20:06.910 INFO  com.jiawa.train.member.config.MemberApplication   :53   [32m                  [0;39m Starting MemberApplication using Java 21.0.2 with PID 24580 (E:\12306-train\train\member\target\classes started by user in E:\12306-train\train)
2025-05-06 15:20:06.910 INFO  com.jiawa.train.member.config.MemberApplication   :652  [32m                  [0;39m No active profile set, falling back to 1 default profile: "default"
2025-05-06 15:20:07.026 INFO  o.springframework.cloud.context.scope.GenericScope:282  [32m                  [0;39m BeanFactory id=03a77ebc-83ea-3d0e-9e2a-ac0239a5487d
2025-05-06 15:20:07.029 WARN  o.s.b.w.s.c.AnnotationConfigServletWebServerApplicationContext:635  [32m                  [0;39m Exception encountered during context initialization - cancelling refresh attempt: org.springframework.beans.factory.BeanDefinitionStoreException: Invalid bean definition with name 'memberMapper' defined in file [E:\12306-train\train\member\target\classes\com\jiawa\train\member\mapper\MemberMapper.class]: Invalid value type for attribute 'factoryBeanObjectType': java.lang.String
2025-05-06 15:20:07.032 INFO  o.s.b.a.logging.ConditionEvaluationReportLogger   :82   [32m                  [0;39m 

Error starting ApplicationContext. To display the condition evaluation report re-run your application with 'debug' enabled.
2025-05-06 15:20:07.044 ERROR org.springframework.boot.SpringApplication        :858  [32m                  [0;39m Application run failed
org.springframework.beans.factory.BeanDefinitionStoreException: Invalid bean definition with name 'memberMapper' defined in file [E:\12306-train\train\member\target\classes\com\jiawa\train\member\mapper\MemberMapper.class]: Invalid value type for attribute 'factoryBeanObjectType': java.lang.String
	at org.springframework.beans.factory.support.AbstractAutowireCapableBeanFactory.getTypeForFactoryBean(AbstractAutowireCapableBeanFactory.java:864)
	at org.springframework.beans.factory.support.AbstractBeanFactory.getType(AbstractBeanFactory.java:745)
	at org.springframework.beans.factory.support.DefaultListableBeanFactory.findAnnotationOnBean(DefaultListableBeanFactory.java:817)
	at org.springframework.boot.sql.init.dependency.AnnotationDependsOnDatabaseInitializationDetector.detect(AnnotationDependsOnDatabaseInitializationDetector.java:36)
	at org.springframework.boot.sql.init.dependency.DatabaseInitializationDependencyConfigurer$DependsOnDatabaseInitializationPostProcessor.detectDependsOnInitializationBeanNames(DatabaseInitializationDependencyConfigurer.java:152)
	at org.springframework.boot.sql.init.dependency.DatabaseInitializationDependencyConfigurer$DependsOnDatabaseInitializationPostProcessor.postProcessBeanFactory(DatabaseInitializationDependencyConfigurer.java:115)
	at org.springframework.context.support.PostProcessorRegistrationDelegate.invokeBeanFactoryPostProcessors(PostProcessorRegistrationDelegate.java:363)
	at org.springframework.context.support.PostProcessorRegistrationDelegate.invokeBeanFactoryPostProcessors(PostProcessorRegistrationDelegate.java:197)
	at org.springframework.context.support.AbstractApplicationContext.invokeBeanFactoryPostProcessors(AbstractApplicationContext.java:791)
	at org.springframework.context.support.AbstractApplicationContext.refresh(AbstractApplicationContext.java:609)
	at org.springframework.boot.web.servlet.context.ServletWebServerApplicationContext.refresh(ServletWebServerApplicationContext.java:146)
	at org.springframework.boot.SpringApplication.refresh(SpringApplication.java:753)
	at org.springframework.boot.SpringApplication.refreshContext(SpringApplication.java:439)
	at org.springframework.boot.SpringApplication.run(SpringApplication.java:318)
	at com.jiawa.train.member.config.MemberApplication.main(MemberApplication.java:22)
	at java.base/jdk.internal.reflect.DirectMethodHandleAccessor.invoke(DirectMethodHandleAccessor.java:103)
	at java.base/java.lang.reflect.Method.invoke(Method.java:580)
	at org.springframework.boot.devtools.restart.RestartLauncher.run(RestartLauncher.java:50)
2025-05-06 15:20:56.173 INFO  com.jiawa.train.member.config.MemberApplication   :53   [32m                  [0;39m Starting MemberApplication using Java 21.0.2 with PID 24580 (E:\12306-train\train\member\target\classes started by user in E:\12306-train\train)
2025-05-06 15:20:56.173 INFO  com.jiawa.train.member.config.MemberApplication   :652  [32m                  [0;39m No active profile set, falling back to 1 default profile: "default"
2025-05-06 15:20:56.276 INFO  o.springframework.cloud.context.scope.GenericScope:282  [32m                  [0;39m BeanFactory id=03a77ebc-83ea-3d0e-9e2a-ac0239a5487d
2025-05-06 15:20:56.279 WARN  o.s.b.w.s.c.AnnotationConfigServletWebServerApplicationContext:635  [32m                  [0;39m Exception encountered during context initialization - cancelling refresh attempt: org.springframework.beans.factory.BeanDefinitionStoreException: Invalid bean definition with name 'memberMapper' defined in file [E:\12306-train\train\member\target\classes\com\jiawa\train\member\mapper\MemberMapper.class]: Invalid value type for attribute 'factoryBeanObjectType': java.lang.String
2025-05-06 15:20:56.280 INFO  o.s.b.a.logging.ConditionEvaluationReportLogger   :82   [32m                  [0;39m 

Error starting ApplicationContext. To display the condition evaluation report re-run your application with 'debug' enabled.
2025-05-06 15:20:56.282 ERROR org.springframework.boot.SpringApplication        :858  [32m                  [0;39m Application run failed
org.springframework.beans.factory.BeanDefinitionStoreException: Invalid bean definition with name 'memberMapper' defined in file [E:\12306-train\train\member\target\classes\com\jiawa\train\member\mapper\MemberMapper.class]: Invalid value type for attribute 'factoryBeanObjectType': java.lang.String
	at org.springframework.beans.factory.support.AbstractAutowireCapableBeanFactory.getTypeForFactoryBean(AbstractAutowireCapableBeanFactory.java:864)
	at org.springframework.beans.factory.support.AbstractBeanFactory.getType(AbstractBeanFactory.java:745)
	at org.springframework.beans.factory.support.DefaultListableBeanFactory.findAnnotationOnBean(DefaultListableBeanFactory.java:817)
	at org.springframework.boot.sql.init.dependency.AnnotationDependsOnDatabaseInitializationDetector.detect(AnnotationDependsOnDatabaseInitializationDetector.java:36)
	at org.springframework.boot.sql.init.dependency.DatabaseInitializationDependencyConfigurer$DependsOnDatabaseInitializationPostProcessor.detectDependsOnInitializationBeanNames(DatabaseInitializationDependencyConfigurer.java:152)
	at org.springframework.boot.sql.init.dependency.DatabaseInitializationDependencyConfigurer$DependsOnDatabaseInitializationPostProcessor.postProcessBeanFactory(DatabaseInitializationDependencyConfigurer.java:115)
	at org.springframework.context.support.PostProcessorRegistrationDelegate.invokeBeanFactoryPostProcessors(PostProcessorRegistrationDelegate.java:363)
	at org.springframework.context.support.PostProcessorRegistrationDelegate.invokeBeanFactoryPostProcessors(PostProcessorRegistrationDelegate.java:197)
	at org.springframework.context.support.AbstractApplicationContext.invokeBeanFactoryPostProcessors(AbstractApplicationContext.java:791)
	at org.springframework.context.support.AbstractApplicationContext.refresh(AbstractApplicationContext.java:609)
	at org.springframework.boot.web.servlet.context.ServletWebServerApplicationContext.refresh(ServletWebServerApplicationContext.java:146)
	at org.springframework.boot.SpringApplication.refresh(SpringApplication.java:753)
	at org.springframework.boot.SpringApplication.refreshContext(SpringApplication.java:439)
	at org.springframework.boot.SpringApplication.run(SpringApplication.java:318)
	at com.jiawa.train.member.config.MemberApplication.main(MemberApplication.java:22)
	at java.base/jdk.internal.reflect.DirectMethodHandleAccessor.invoke(DirectMethodHandleAccessor.java:103)
	at java.base/java.lang.reflect.Method.invoke(Method.java:580)
	at org.springframework.boot.devtools.restart.RestartLauncher.run(RestartLauncher.java:50)
2025-05-06 15:24:18.851 INFO  com.jiawa.train.member.config.MemberApplication   :53   [32m                  [0;39m Starting MemberApplication using Java 21.0.2 with PID 24580 (E:\12306-train\train\member\target\classes started by user in E:\12306-train\train)
2025-05-06 15:24:18.852 INFO  com.jiawa.train.member.config.MemberApplication   :652  [32m                  [0;39m No active profile set, falling back to 1 default profile: "default"
2025-05-06 15:24:18.952 INFO  o.springframework.cloud.context.scope.GenericScope:282  [32m                  [0;39m BeanFactory id=03a77ebc-83ea-3d0e-9e2a-ac0239a5487d
2025-05-06 15:24:18.955 WARN  o.s.b.w.s.c.AnnotationConfigServletWebServerApplicationContext:635  [32m                  [0;39m Exception encountered during context initialization - cancelling refresh attempt: org.springframework.beans.factory.BeanDefinitionStoreException: Invalid bean definition with name 'memberMapper' defined in file [E:\12306-train\train\member\target\classes\com\jiawa\train\member\mapper\MemberMapper.class]: Invalid value type for attribute 'factoryBeanObjectType': java.lang.String
2025-05-06 15:24:18.956 INFO  o.s.b.a.logging.ConditionEvaluationReportLogger   :82   [32m                  [0;39m 

Error starting ApplicationContext. To display the condition evaluation report re-run your application with 'debug' enabled.
2025-05-06 15:24:18.958 ERROR org.springframework.boot.SpringApplication        :858  [32m                  [0;39m Application run failed
org.springframework.beans.factory.BeanDefinitionStoreException: Invalid bean definition with name 'memberMapper' defined in file [E:\12306-train\train\member\target\classes\com\jiawa\train\member\mapper\MemberMapper.class]: Invalid value type for attribute 'factoryBeanObjectType': java.lang.String
	at org.springframework.beans.factory.support.AbstractAutowireCapableBeanFactory.getTypeForFactoryBean(AbstractAutowireCapableBeanFactory.java:864)
	at org.springframework.beans.factory.support.AbstractBeanFactory.getType(AbstractBeanFactory.java:745)
	at org.springframework.beans.factory.support.DefaultListableBeanFactory.findAnnotationOnBean(DefaultListableBeanFactory.java:817)
	at org.springframework.boot.sql.init.dependency.AnnotationDependsOnDatabaseInitializationDetector.detect(AnnotationDependsOnDatabaseInitializationDetector.java:36)
	at org.springframework.boot.sql.init.dependency.DatabaseInitializationDependencyConfigurer$DependsOnDatabaseInitializationPostProcessor.detectDependsOnInitializationBeanNames(DatabaseInitializationDependencyConfigurer.java:152)
	at org.springframework.boot.sql.init.dependency.DatabaseInitializationDependencyConfigurer$DependsOnDatabaseInitializationPostProcessor.postProcessBeanFactory(DatabaseInitializationDependencyConfigurer.java:115)
	at org.springframework.context.support.PostProcessorRegistrationDelegate.invokeBeanFactoryPostProcessors(PostProcessorRegistrationDelegate.java:363)
	at org.springframework.context.support.PostProcessorRegistrationDelegate.invokeBeanFactoryPostProcessors(PostProcessorRegistrationDelegate.java:197)
	at org.springframework.context.support.AbstractApplicationContext.invokeBeanFactoryPostProcessors(AbstractApplicationContext.java:791)
	at org.springframework.context.support.AbstractApplicationContext.refresh(AbstractApplicationContext.java:609)
	at org.springframework.boot.web.servlet.context.ServletWebServerApplicationContext.refresh(ServletWebServerApplicationContext.java:146)
	at org.springframework.boot.SpringApplication.refresh(SpringApplication.java:753)
	at org.springframework.boot.SpringApplication.refreshContext(SpringApplication.java:439)
	at org.springframework.boot.SpringApplication.run(SpringApplication.java:318)
	at com.jiawa.train.member.config.MemberApplication.main(MemberApplication.java:22)
	at java.base/jdk.internal.reflect.DirectMethodHandleAccessor.invoke(DirectMethodHandleAccessor.java:103)
	at java.base/java.lang.reflect.Method.invoke(Method.java:580)
	at org.springframework.boot.devtools.restart.RestartLauncher.run(RestartLauncher.java:50)
2025-05-06 15:33:54.884 INFO  com.jiawa.train.member.config.MemberApplication   :53   [32m                  [0;39m Starting MemberApplication using Java 21.0.2 with PID 24580 (E:\12306-train\train\member\target\classes started by user in E:\12306-train\train)
2025-05-06 15:33:54.884 INFO  com.jiawa.train.member.config.MemberApplication   :652  [32m                  [0;39m No active profile set, falling back to 1 default profile: "default"
2025-05-06 15:33:54.984 INFO  o.springframework.cloud.context.scope.GenericScope:282  [32m                  [0;39m BeanFactory id=03a77ebc-83ea-3d0e-9e2a-ac0239a5487d
2025-05-06 15:33:54.987 WARN  o.s.b.w.s.c.AnnotationConfigServletWebServerApplicationContext:635  [32m                  [0;39m Exception encountered during context initialization - cancelling refresh attempt: org.springframework.beans.factory.BeanDefinitionStoreException: Invalid bean definition with name 'memberMapper' defined in file [E:\12306-train\train\member\target\classes\com\jiawa\train\member\mapper\MemberMapper.class]: Invalid value type for attribute 'factoryBeanObjectType': java.lang.String
2025-05-06 15:33:54.989 INFO  o.s.b.a.logging.ConditionEvaluationReportLogger   :82   [32m                  [0;39m 

Error starting ApplicationContext. To display the condition evaluation report re-run your application with 'debug' enabled.
2025-05-06 15:33:54.990 ERROR org.springframework.boot.SpringApplication        :858  [32m                  [0;39m Application run failed
org.springframework.beans.factory.BeanDefinitionStoreException: Invalid bean definition with name 'memberMapper' defined in file [E:\12306-train\train\member\target\classes\com\jiawa\train\member\mapper\MemberMapper.class]: Invalid value type for attribute 'factoryBeanObjectType': java.lang.String
	at org.springframework.beans.factory.support.AbstractAutowireCapableBeanFactory.getTypeForFactoryBean(AbstractAutowireCapableBeanFactory.java:864)
	at org.springframework.beans.factory.support.AbstractBeanFactory.getType(AbstractBeanFactory.java:745)
	at org.springframework.beans.factory.support.DefaultListableBeanFactory.findAnnotationOnBean(DefaultListableBeanFactory.java:817)
	at org.springframework.boot.sql.init.dependency.AnnotationDependsOnDatabaseInitializationDetector.detect(AnnotationDependsOnDatabaseInitializationDetector.java:36)
	at org.springframework.boot.sql.init.dependency.DatabaseInitializationDependencyConfigurer$DependsOnDatabaseInitializationPostProcessor.detectDependsOnInitializationBeanNames(DatabaseInitializationDependencyConfigurer.java:152)
	at org.springframework.boot.sql.init.dependency.DatabaseInitializationDependencyConfigurer$DependsOnDatabaseInitializationPostProcessor.postProcessBeanFactory(DatabaseInitializationDependencyConfigurer.java:115)
	at org.springframework.context.support.PostProcessorRegistrationDelegate.invokeBeanFactoryPostProcessors(PostProcessorRegistrationDelegate.java:363)
	at org.springframework.context.support.PostProcessorRegistrationDelegate.invokeBeanFactoryPostProcessors(PostProcessorRegistrationDelegate.java:197)
	at org.springframework.context.support.AbstractApplicationContext.invokeBeanFactoryPostProcessors(AbstractApplicationContext.java:791)
	at org.springframework.context.support.AbstractApplicationContext.refresh(AbstractApplicationContext.java:609)
	at org.springframework.boot.web.servlet.context.ServletWebServerApplicationContext.refresh(ServletWebServerApplicationContext.java:146)
	at org.springframework.boot.SpringApplication.refresh(SpringApplication.java:753)
	at org.springframework.boot.SpringApplication.refreshContext(SpringApplication.java:439)
	at org.springframework.boot.SpringApplication.run(SpringApplication.java:318)
	at com.jiawa.train.member.config.MemberApplication.main(MemberApplication.java:22)
	at java.base/jdk.internal.reflect.DirectMethodHandleAccessor.invoke(DirectMethodHandleAccessor.java:103)
	at java.base/java.lang.reflect.Method.invoke(Method.java:580)
	at org.springframework.boot.devtools.restart.RestartLauncher.run(RestartLauncher.java:50)
2025-05-06 15:35:40.960 INFO  com.jiawa.train.member.config.MemberApplication   :53   [32m                  [0;39m Starting MemberApplication using Java 21.0.2 with PID 24580 (E:\12306-train\train\member\target\classes started by user in E:\12306-train\train)
2025-05-06 15:35:40.960 INFO  com.jiawa.train.member.config.MemberApplication   :652  [32m                  [0;39m No active profile set, falling back to 1 default profile: "default"
2025-05-06 15:35:41.048 INFO  o.springframework.cloud.context.scope.GenericScope:282  [32m                  [0;39m BeanFactory id=03a77ebc-83ea-3d0e-9e2a-ac0239a5487d
2025-05-06 15:35:41.052 WARN  o.s.b.w.s.c.AnnotationConfigServletWebServerApplicationContext:635  [32m                  [0;39m Exception encountered during context initialization - cancelling refresh attempt: org.springframework.beans.factory.BeanDefinitionStoreException: Invalid bean definition with name 'memberMapper' defined in file [E:\12306-train\train\member\target\classes\com\jiawa\train\member\mapper\MemberMapper.class]: Invalid value type for attribute 'factoryBeanObjectType': java.lang.String
2025-05-06 15:35:41.053 INFO  o.s.b.a.logging.ConditionEvaluationReportLogger   :82   [32m                  [0;39m 

Error starting ApplicationContext. To display the condition evaluation report re-run your application with 'debug' enabled.
2025-05-06 15:35:41.055 ERROR org.springframework.boot.SpringApplication        :858  [32m                  [0;39m Application run failed
org.springframework.beans.factory.BeanDefinitionStoreException: Invalid bean definition with name 'memberMapper' defined in file [E:\12306-train\train\member\target\classes\com\jiawa\train\member\mapper\MemberMapper.class]: Invalid value type for attribute 'factoryBeanObjectType': java.lang.String
	at org.springframework.beans.factory.support.AbstractAutowireCapableBeanFactory.getTypeForFactoryBean(AbstractAutowireCapableBeanFactory.java:864)
	at org.springframework.beans.factory.support.AbstractBeanFactory.getType(AbstractBeanFactory.java:745)
	at org.springframework.beans.factory.support.DefaultListableBeanFactory.findAnnotationOnBean(DefaultListableBeanFactory.java:817)
	at org.springframework.boot.sql.init.dependency.AnnotationDependsOnDatabaseInitializationDetector.detect(AnnotationDependsOnDatabaseInitializationDetector.java:36)
	at org.springframework.boot.sql.init.dependency.DatabaseInitializationDependencyConfigurer$DependsOnDatabaseInitializationPostProcessor.detectDependsOnInitializationBeanNames(DatabaseInitializationDependencyConfigurer.java:152)
	at org.springframework.boot.sql.init.dependency.DatabaseInitializationDependencyConfigurer$DependsOnDatabaseInitializationPostProcessor.postProcessBeanFactory(DatabaseInitializationDependencyConfigurer.java:115)
	at org.springframework.context.support.PostProcessorRegistrationDelegate.invokeBeanFactoryPostProcessors(PostProcessorRegistrationDelegate.java:363)
	at org.springframework.context.support.PostProcessorRegistrationDelegate.invokeBeanFactoryPostProcessors(PostProcessorRegistrationDelegate.java:197)
	at org.springframework.context.support.AbstractApplicationContext.invokeBeanFactoryPostProcessors(AbstractApplicationContext.java:791)
	at org.springframework.context.support.AbstractApplicationContext.refresh(AbstractApplicationContext.java:609)
	at org.springframework.boot.web.servlet.context.ServletWebServerApplicationContext.refresh(ServletWebServerApplicationContext.java:146)
	at org.springframework.boot.SpringApplication.refresh(SpringApplication.java:753)
	at org.springframework.boot.SpringApplication.refreshContext(SpringApplication.java:439)
	at org.springframework.boot.SpringApplication.run(SpringApplication.java:318)
	at com.jiawa.train.member.config.MemberApplication.main(MemberApplication.java:22)
	at java.base/jdk.internal.reflect.DirectMethodHandleAccessor.invoke(DirectMethodHandleAccessor.java:103)
	at java.base/java.lang.reflect.Method.invoke(Method.java:580)
	at org.springframework.boot.devtools.restart.RestartLauncher.run(RestartLauncher.java:50)
2025-05-06 15:36:45.499 INFO  com.jiawa.train.member.config.MemberApplication   :53   [32m                  [0;39m Starting MemberApplication using Java 21.0.2 with PID 24580 (E:\12306-train\train\member\target\classes started by user in E:\12306-train\train)
2025-05-06 15:36:45.499 INFO  com.jiawa.train.member.config.MemberApplication   :652  [32m                  [0;39m No active profile set, falling back to 1 default profile: "default"
2025-05-06 15:36:45.588 INFO  o.springframework.cloud.context.scope.GenericScope:282  [32m                  [0;39m BeanFactory id=03a77ebc-83ea-3d0e-9e2a-ac0239a5487d
2025-05-06 15:36:45.592 WARN  o.s.b.w.s.c.AnnotationConfigServletWebServerApplicationContext:635  [32m                  [0;39m Exception encountered during context initialization - cancelling refresh attempt: org.springframework.beans.factory.BeanDefinitionStoreException: Invalid bean definition with name 'memberMapper' defined in file [E:\12306-train\train\member\target\classes\com\jiawa\train\member\mapper\MemberMapper.class]: Invalid value type for attribute 'factoryBeanObjectType': java.lang.String
2025-05-06 15:36:45.594 INFO  o.s.b.a.logging.ConditionEvaluationReportLogger   :82   [32m                  [0;39m 

Error starting ApplicationContext. To display the condition evaluation report re-run your application with 'debug' enabled.
2025-05-06 15:36:45.595 ERROR org.springframework.boot.SpringApplication        :858  [32m                  [0;39m Application run failed
org.springframework.beans.factory.BeanDefinitionStoreException: Invalid bean definition with name 'memberMapper' defined in file [E:\12306-train\train\member\target\classes\com\jiawa\train\member\mapper\MemberMapper.class]: Invalid value type for attribute 'factoryBeanObjectType': java.lang.String
	at org.springframework.beans.factory.support.AbstractAutowireCapableBeanFactory.getTypeForFactoryBean(AbstractAutowireCapableBeanFactory.java:864)
	at org.springframework.beans.factory.support.AbstractBeanFactory.getType(AbstractBeanFactory.java:745)
	at org.springframework.beans.factory.support.DefaultListableBeanFactory.findAnnotationOnBean(DefaultListableBeanFactory.java:817)
	at org.springframework.boot.sql.init.dependency.AnnotationDependsOnDatabaseInitializationDetector.detect(AnnotationDependsOnDatabaseInitializationDetector.java:36)
	at org.springframework.boot.sql.init.dependency.DatabaseInitializationDependencyConfigurer$DependsOnDatabaseInitializationPostProcessor.detectDependsOnInitializationBeanNames(DatabaseInitializationDependencyConfigurer.java:152)
	at org.springframework.boot.sql.init.dependency.DatabaseInitializationDependencyConfigurer$DependsOnDatabaseInitializationPostProcessor.postProcessBeanFactory(DatabaseInitializationDependencyConfigurer.java:115)
	at org.springframework.context.support.PostProcessorRegistrationDelegate.invokeBeanFactoryPostProcessors(PostProcessorRegistrationDelegate.java:363)
	at org.springframework.context.support.PostProcessorRegistrationDelegate.invokeBeanFactoryPostProcessors(PostProcessorRegistrationDelegate.java:197)
	at org.springframework.context.support.AbstractApplicationContext.invokeBeanFactoryPostProcessors(AbstractApplicationContext.java:791)
	at org.springframework.context.support.AbstractApplicationContext.refresh(AbstractApplicationContext.java:609)
	at org.springframework.boot.web.servlet.context.ServletWebServerApplicationContext.refresh(ServletWebServerApplicationContext.java:146)
	at org.springframework.boot.SpringApplication.refresh(SpringApplication.java:753)
	at org.springframework.boot.SpringApplication.refreshContext(SpringApplication.java:439)
	at org.springframework.boot.SpringApplication.run(SpringApplication.java:318)
	at com.jiawa.train.member.config.MemberApplication.main(MemberApplication.java:22)
	at java.base/jdk.internal.reflect.DirectMethodHandleAccessor.invoke(DirectMethodHandleAccessor.java:103)
	at java.base/java.lang.reflect.Method.invoke(Method.java:580)
	at org.springframework.boot.devtools.restart.RestartLauncher.run(RestartLauncher.java:50)
2025-05-06 15:41:07.305 INFO  com.jiawa.train.member.config.MemberApplication   :53   [32m                  [0;39m Starting MemberApplication using Java 21.0.2 with PID 24580 (E:\12306-train\train\member\target\classes started by user in E:\12306-train\train)
2025-05-06 15:41:07.305 INFO  com.jiawa.train.member.config.MemberApplication   :652  [32m                  [0;39m No active profile set, falling back to 1 default profile: "default"
2025-05-06 15:41:07.411 INFO  o.springframework.cloud.context.scope.GenericScope:282  [32m                  [0;39m BeanFactory id=03a77ebc-83ea-3d0e-9e2a-ac0239a5487d
2025-05-06 15:41:07.414 WARN  o.s.b.w.s.c.AnnotationConfigServletWebServerApplicationContext:635  [32m                  [0;39m Exception encountered during context initialization - cancelling refresh attempt: org.springframework.beans.factory.BeanDefinitionStoreException: Invalid bean definition with name 'memberMapper' defined in file [E:\12306-train\train\member\target\classes\com\jiawa\train\member\mapper\MemberMapper.class]: Invalid value type for attribute 'factoryBeanObjectType': java.lang.String
2025-05-06 15:41:07.415 INFO  o.s.b.a.logging.ConditionEvaluationReportLogger   :82   [32m                  [0;39m 

Error starting ApplicationContext. To display the condition evaluation report re-run your application with 'debug' enabled.
2025-05-06 15:41:07.417 ERROR org.springframework.boot.SpringApplication        :858  [32m                  [0;39m Application run failed
org.springframework.beans.factory.BeanDefinitionStoreException: Invalid bean definition with name 'memberMapper' defined in file [E:\12306-train\train\member\target\classes\com\jiawa\train\member\mapper\MemberMapper.class]: Invalid value type for attribute 'factoryBeanObjectType': java.lang.String
	at org.springframework.beans.factory.support.AbstractAutowireCapableBeanFactory.getTypeForFactoryBean(AbstractAutowireCapableBeanFactory.java:864)
	at org.springframework.beans.factory.support.AbstractBeanFactory.getType(AbstractBeanFactory.java:745)
	at org.springframework.beans.factory.support.DefaultListableBeanFactory.findAnnotationOnBean(DefaultListableBeanFactory.java:817)
	at org.springframework.boot.sql.init.dependency.AnnotationDependsOnDatabaseInitializationDetector.detect(AnnotationDependsOnDatabaseInitializationDetector.java:36)
	at org.springframework.boot.sql.init.dependency.DatabaseInitializationDependencyConfigurer$DependsOnDatabaseInitializationPostProcessor.detectDependsOnInitializationBeanNames(DatabaseInitializationDependencyConfigurer.java:152)
	at org.springframework.boot.sql.init.dependency.DatabaseInitializationDependencyConfigurer$DependsOnDatabaseInitializationPostProcessor.postProcessBeanFactory(DatabaseInitializationDependencyConfigurer.java:115)
	at org.springframework.context.support.PostProcessorRegistrationDelegate.invokeBeanFactoryPostProcessors(PostProcessorRegistrationDelegate.java:363)
	at org.springframework.context.support.PostProcessorRegistrationDelegate.invokeBeanFactoryPostProcessors(PostProcessorRegistrationDelegate.java:197)
	at org.springframework.context.support.AbstractApplicationContext.invokeBeanFactoryPostProcessors(AbstractApplicationContext.java:791)
	at org.springframework.context.support.AbstractApplicationContext.refresh(AbstractApplicationContext.java:609)
	at org.springframework.boot.web.servlet.context.ServletWebServerApplicationContext.refresh(ServletWebServerApplicationContext.java:146)
	at org.springframework.boot.SpringApplication.refresh(SpringApplication.java:753)
	at org.springframework.boot.SpringApplication.refreshContext(SpringApplication.java:439)
	at org.springframework.boot.SpringApplication.run(SpringApplication.java:318)
	at com.jiawa.train.member.config.MemberApplication.main(MemberApplication.java:22)
	at java.base/jdk.internal.reflect.DirectMethodHandleAccessor.invoke(DirectMethodHandleAccessor.java:103)
	at java.base/java.lang.reflect.Method.invoke(Method.java:580)
	at org.springframework.boot.devtools.restart.RestartLauncher.run(RestartLauncher.java:50)
2025-05-06 15:41:49.465 INFO  com.jiawa.train.member.config.MemberApplication   :53   [32m                  [0;39m Starting MemberApplication using Java 21.0.2 with PID 24580 (E:\12306-train\train\member\target\classes started by user in E:\12306-train\train)
2025-05-06 15:41:49.465 INFO  com.jiawa.train.member.config.MemberApplication   :652  [32m                  [0;39m No active profile set, falling back to 1 default profile: "default"
2025-05-06 15:41:49.558 INFO  o.springframework.cloud.context.scope.GenericScope:282  [32m                  [0;39m BeanFactory id=03a77ebc-83ea-3d0e-9e2a-ac0239a5487d
2025-05-06 15:41:49.561 WARN  o.s.b.w.s.c.AnnotationConfigServletWebServerApplicationContext:635  [32m                  [0;39m Exception encountered during context initialization - cancelling refresh attempt: org.springframework.beans.factory.BeanDefinitionStoreException: Invalid bean definition with name 'memberMapper' defined in file [E:\12306-train\train\member\target\classes\com\jiawa\train\member\mapper\MemberMapper.class]: Invalid value type for attribute 'factoryBeanObjectType': java.lang.String
2025-05-06 15:41:49.562 INFO  o.s.b.a.logging.ConditionEvaluationReportLogger   :82   [32m                  [0;39m 

Error starting ApplicationContext. To display the condition evaluation report re-run your application with 'debug' enabled.
2025-05-06 15:41:49.563 ERROR org.springframework.boot.SpringApplication        :858  [32m                  [0;39m Application run failed
org.springframework.beans.factory.BeanDefinitionStoreException: Invalid bean definition with name 'memberMapper' defined in file [E:\12306-train\train\member\target\classes\com\jiawa\train\member\mapper\MemberMapper.class]: Invalid value type for attribute 'factoryBeanObjectType': java.lang.String
	at org.springframework.beans.factory.support.AbstractAutowireCapableBeanFactory.getTypeForFactoryBean(AbstractAutowireCapableBeanFactory.java:864)
	at org.springframework.beans.factory.support.AbstractBeanFactory.getType(AbstractBeanFactory.java:745)
	at org.springframework.beans.factory.support.DefaultListableBeanFactory.findAnnotationOnBean(DefaultListableBeanFactory.java:817)
	at org.springframework.boot.sql.init.dependency.AnnotationDependsOnDatabaseInitializationDetector.detect(AnnotationDependsOnDatabaseInitializationDetector.java:36)
	at org.springframework.boot.sql.init.dependency.DatabaseInitializationDependencyConfigurer$DependsOnDatabaseInitializationPostProcessor.detectDependsOnInitializationBeanNames(DatabaseInitializationDependencyConfigurer.java:152)
	at org.springframework.boot.sql.init.dependency.DatabaseInitializationDependencyConfigurer$DependsOnDatabaseInitializationPostProcessor.postProcessBeanFactory(DatabaseInitializationDependencyConfigurer.java:115)
	at org.springframework.context.support.PostProcessorRegistrationDelegate.invokeBeanFactoryPostProcessors(PostProcessorRegistrationDelegate.java:363)
	at org.springframework.context.support.PostProcessorRegistrationDelegate.invokeBeanFactoryPostProcessors(PostProcessorRegistrationDelegate.java:197)
	at org.springframework.context.support.AbstractApplicationContext.invokeBeanFactoryPostProcessors(AbstractApplicationContext.java:791)
	at org.springframework.context.support.AbstractApplicationContext.refresh(AbstractApplicationContext.java:609)
	at org.springframework.boot.web.servlet.context.ServletWebServerApplicationContext.refresh(ServletWebServerApplicationContext.java:146)
	at org.springframework.boot.SpringApplication.refresh(SpringApplication.java:753)
	at org.springframework.boot.SpringApplication.refreshContext(SpringApplication.java:439)
	at org.springframework.boot.SpringApplication.run(SpringApplication.java:318)
	at com.jiawa.train.member.config.MemberApplication.main(MemberApplication.java:22)
	at java.base/jdk.internal.reflect.DirectMethodHandleAccessor.invoke(DirectMethodHandleAccessor.java:103)
	at java.base/java.lang.reflect.Method.invoke(Method.java:580)
	at org.springframework.boot.devtools.restart.RestartLauncher.run(RestartLauncher.java:50)
2025-05-06 15:42:05.225 INFO  com.jiawa.train.member.config.MemberApplication   :53   [32m                  [0;39m Starting MemberApplication using Java 21.0.2 with PID 24580 (E:\12306-train\train\member\target\classes started by user in E:\12306-train\train)
2025-05-06 15:42:05.226 INFO  com.jiawa.train.member.config.MemberApplication   :652  [32m                  [0;39m No active profile set, falling back to 1 default profile: "default"
2025-05-06 15:42:05.316 INFO  o.springframework.cloud.context.scope.GenericScope:282  [32m                  [0;39m BeanFactory id=03a77ebc-83ea-3d0e-9e2a-ac0239a5487d
2025-05-06 15:42:05.320 WARN  o.s.b.w.s.c.AnnotationConfigServletWebServerApplicationContext:635  [32m                  [0;39m Exception encountered during context initialization - cancelling refresh attempt: org.springframework.beans.factory.BeanDefinitionStoreException: Invalid bean definition with name 'memberMapper' defined in file [E:\12306-train\train\member\target\classes\com\jiawa\train\member\mapper\MemberMapper.class]: Invalid value type for attribute 'factoryBeanObjectType': java.lang.String
2025-05-06 15:42:05.322 INFO  o.s.b.a.logging.ConditionEvaluationReportLogger   :82   [32m                  [0;39m 

Error starting ApplicationContext. To display the condition evaluation report re-run your application with 'debug' enabled.
2025-05-06 15:42:05.325 ERROR org.springframework.boot.SpringApplication        :858  [32m                  [0;39m Application run failed
org.springframework.beans.factory.BeanDefinitionStoreException: Invalid bean definition with name 'memberMapper' defined in file [E:\12306-train\train\member\target\classes\com\jiawa\train\member\mapper\MemberMapper.class]: Invalid value type for attribute 'factoryBeanObjectType': java.lang.String
	at org.springframework.beans.factory.support.AbstractAutowireCapableBeanFactory.getTypeForFactoryBean(AbstractAutowireCapableBeanFactory.java:864)
	at org.springframework.beans.factory.support.AbstractBeanFactory.getType(AbstractBeanFactory.java:745)
	at org.springframework.beans.factory.support.DefaultListableBeanFactory.findAnnotationOnBean(DefaultListableBeanFactory.java:817)
	at org.springframework.boot.sql.init.dependency.AnnotationDependsOnDatabaseInitializationDetector.detect(AnnotationDependsOnDatabaseInitializationDetector.java:36)
	at org.springframework.boot.sql.init.dependency.DatabaseInitializationDependencyConfigurer$DependsOnDatabaseInitializationPostProcessor.detectDependsOnInitializationBeanNames(DatabaseInitializationDependencyConfigurer.java:152)
	at org.springframework.boot.sql.init.dependency.DatabaseInitializationDependencyConfigurer$DependsOnDatabaseInitializationPostProcessor.postProcessBeanFactory(DatabaseInitializationDependencyConfigurer.java:115)
	at org.springframework.context.support.PostProcessorRegistrationDelegate.invokeBeanFactoryPostProcessors(PostProcessorRegistrationDelegate.java:363)
	at org.springframework.context.support.PostProcessorRegistrationDelegate.invokeBeanFactoryPostProcessors(PostProcessorRegistrationDelegate.java:197)
	at org.springframework.context.support.AbstractApplicationContext.invokeBeanFactoryPostProcessors(AbstractApplicationContext.java:791)
	at org.springframework.context.support.AbstractApplicationContext.refresh(AbstractApplicationContext.java:609)
	at org.springframework.boot.web.servlet.context.ServletWebServerApplicationContext.refresh(ServletWebServerApplicationContext.java:146)
	at org.springframework.boot.SpringApplication.refresh(SpringApplication.java:753)
	at org.springframework.boot.SpringApplication.refreshContext(SpringApplication.java:439)
	at org.springframework.boot.SpringApplication.run(SpringApplication.java:318)
	at com.jiawa.train.member.config.MemberApplication.main(MemberApplication.java:22)
	at java.base/jdk.internal.reflect.DirectMethodHandleAccessor.invoke(DirectMethodHandleAccessor.java:103)
	at java.base/java.lang.reflect.Method.invoke(Method.java:580)
	at org.springframework.boot.devtools.restart.RestartLauncher.run(RestartLauncher.java:50)
2025-05-06 16:07:32.600 INFO  com.jiawa.train.member.config.MemberApplication   :53   [32m                  [0;39m Starting MemberApplication using Java 21.0.2 with PID 26156 (E:\12306-train\train\member\target\classes started by user in E:\12306-train\train)
2025-05-06 16:07:32.602 INFO  com.jiawa.train.member.config.MemberApplication   :652  [32m                  [0;39m No active profile set, falling back to 1 default profile: "default"
2025-05-06 16:07:32.636 INFO  o.s.b.d.env.DevToolsPropertyDefaultsPostProcessor :252  [32m                  [0;39m Devtools property defaults active! Set 'spring.devtools.add-properties' to 'false' to disable
2025-05-06 16:07:32.637 INFO  o.s.b.d.env.DevToolsPropertyDefaultsPostProcessor :252  [32m                  [0;39m For additional web related logging consider setting the 'logging.level.web' property to 'DEBUG'
2025-05-06 16:07:33.189 INFO  o.springframework.cloud.context.scope.GenericScope:282  [32m                  [0;39m BeanFactory id=3b9ffb75-e695-3722-986a-6dffd04c85a7
2025-05-06 16:07:33.209 WARN  o.s.b.w.s.c.AnnotationConfigServletWebServerApplicationContext:635  [32m                  [0;39m Exception encountered during context initialization - cancelling refresh attempt: org.springframework.beans.factory.BeanDefinitionStoreException: Invalid bean definition with name 'memberMapper' defined in file [E:\12306-train\train\member\target\classes\com\jiawa\train\member\mapper\MemberMapper.class]: Invalid value type for attribute 'factoryBeanObjectType': java.lang.String
2025-05-06 16:07:33.214 INFO  o.s.b.a.logging.ConditionEvaluationReportLogger   :82   [32m                  [0;39m 

Error starting ApplicationContext. To display the condition evaluation report re-run your application with 'debug' enabled.
2025-05-06 16:07:33.233 ERROR org.springframework.boot.SpringApplication        :858  [32m                  [0;39m Application run failed
org.springframework.beans.factory.BeanDefinitionStoreException: Invalid bean definition with name 'memberMapper' defined in file [E:\12306-train\train\member\target\classes\com\jiawa\train\member\mapper\MemberMapper.class]: Invalid value type for attribute 'factoryBeanObjectType': java.lang.String
	at org.springframework.beans.factory.support.AbstractAutowireCapableBeanFactory.getTypeForFactoryBean(AbstractAutowireCapableBeanFactory.java:864)
	at org.springframework.beans.factory.support.AbstractBeanFactory.getType(AbstractBeanFactory.java:745)
	at org.springframework.beans.factory.support.DefaultListableBeanFactory.findAnnotationOnBean(DefaultListableBeanFactory.java:817)
	at org.springframework.boot.sql.init.dependency.AnnotationDependsOnDatabaseInitializationDetector.detect(AnnotationDependsOnDatabaseInitializationDetector.java:36)
	at org.springframework.boot.sql.init.dependency.DatabaseInitializationDependencyConfigurer$DependsOnDatabaseInitializationPostProcessor.detectDependsOnInitializationBeanNames(DatabaseInitializationDependencyConfigurer.java:152)
	at org.springframework.boot.sql.init.dependency.DatabaseInitializationDependencyConfigurer$DependsOnDatabaseInitializationPostProcessor.postProcessBeanFactory(DatabaseInitializationDependencyConfigurer.java:115)
	at org.springframework.context.support.PostProcessorRegistrationDelegate.invokeBeanFactoryPostProcessors(PostProcessorRegistrationDelegate.java:363)
	at org.springframework.context.support.PostProcessorRegistrationDelegate.invokeBeanFactoryPostProcessors(PostProcessorRegistrationDelegate.java:197)
	at org.springframework.context.support.AbstractApplicationContext.invokeBeanFactoryPostProcessors(AbstractApplicationContext.java:791)
	at org.springframework.context.support.AbstractApplicationContext.refresh(AbstractApplicationContext.java:609)
	at org.springframework.boot.web.servlet.context.ServletWebServerApplicationContext.refresh(ServletWebServerApplicationContext.java:146)
	at org.springframework.boot.SpringApplication.refresh(SpringApplication.java:753)
	at org.springframework.boot.SpringApplication.refreshContext(SpringApplication.java:439)
	at org.springframework.boot.SpringApplication.run(SpringApplication.java:318)
	at com.jiawa.train.member.config.MemberApplication.main(MemberApplication.java:22)
	at java.base/jdk.internal.reflect.DirectMethodHandleAccessor.invoke(DirectMethodHandleAccessor.java:103)
	at java.base/java.lang.reflect.Method.invoke(Method.java:580)
	at org.springframework.boot.devtools.restart.RestartLauncher.run(RestartLauncher.java:50)
2025-05-06 16:12:57.834 INFO  com.jiawa.train.member.config.MemberApplication   :53   [32m                  [0;39m Starting MemberApplication using Java 21.0.2 with PID 22868 (E:\12306-train\train\member\target\classes started by user in E:\12306-train\train)
2025-05-06 16:12:57.836 INFO  com.jiawa.train.member.config.MemberApplication   :652  [32m                  [0;39m No active profile set, falling back to 1 default profile: "default"
2025-05-06 16:12:57.868 INFO  o.s.b.d.env.DevToolsPropertyDefaultsPostProcessor :252  [32m                  [0;39m Devtools property defaults active! Set 'spring.devtools.add-properties' to 'false' to disable
2025-05-06 16:12:57.868 INFO  o.s.b.d.env.DevToolsPropertyDefaultsPostProcessor :252  [32m                  [0;39m For additional web related logging consider setting the 'logging.level.web' property to 'DEBUG'
2025-05-06 16:12:58.374 INFO  o.springframework.cloud.context.scope.GenericScope:282  [32m                  [0;39m BeanFactory id=3b9ffb75-e695-3722-986a-6dffd04c85a7
2025-05-06 16:12:58.392 WARN  o.s.b.w.s.c.AnnotationConfigServletWebServerApplicationContext:635  [32m                  [0;39m Exception encountered during context initialization - cancelling refresh attempt: org.springframework.beans.factory.BeanDefinitionStoreException: Invalid bean definition with name 'memberMapper' defined in file [E:\12306-train\train\member\target\classes\com\jiawa\train\member\mapper\MemberMapper.class]: Invalid value type for attribute 'factoryBeanObjectType': java.lang.String
2025-05-06 16:12:58.397 INFO  o.s.b.a.logging.ConditionEvaluationReportLogger   :82   [32m                  [0;39m 

Error starting ApplicationContext. To display the condition evaluation report re-run your application with 'debug' enabled.
2025-05-06 16:12:58.409 ERROR org.springframework.boot.SpringApplication        :858  [32m                  [0;39m Application run failed
org.springframework.beans.factory.BeanDefinitionStoreException: Invalid bean definition with name 'memberMapper' defined in file [E:\12306-train\train\member\target\classes\com\jiawa\train\member\mapper\MemberMapper.class]: Invalid value type for attribute 'factoryBeanObjectType': java.lang.String
	at org.springframework.beans.factory.support.AbstractAutowireCapableBeanFactory.getTypeForFactoryBean(AbstractAutowireCapableBeanFactory.java:864)
	at org.springframework.beans.factory.support.AbstractBeanFactory.getType(AbstractBeanFactory.java:745)
	at org.springframework.beans.factory.support.DefaultListableBeanFactory.findAnnotationOnBean(DefaultListableBeanFactory.java:817)
	at org.springframework.boot.sql.init.dependency.AnnotationDependsOnDatabaseInitializationDetector.detect(AnnotationDependsOnDatabaseInitializationDetector.java:36)
	at org.springframework.boot.sql.init.dependency.DatabaseInitializationDependencyConfigurer$DependsOnDatabaseInitializationPostProcessor.detectDependsOnInitializationBeanNames(DatabaseInitializationDependencyConfigurer.java:152)
	at org.springframework.boot.sql.init.dependency.DatabaseInitializationDependencyConfigurer$DependsOnDatabaseInitializationPostProcessor.postProcessBeanFactory(DatabaseInitializationDependencyConfigurer.java:115)
	at org.springframework.context.support.PostProcessorRegistrationDelegate.invokeBeanFactoryPostProcessors(PostProcessorRegistrationDelegate.java:363)
	at org.springframework.context.support.PostProcessorRegistrationDelegate.invokeBeanFactoryPostProcessors(PostProcessorRegistrationDelegate.java:197)
	at org.springframework.context.support.AbstractApplicationContext.invokeBeanFactoryPostProcessors(AbstractApplicationContext.java:791)
	at org.springframework.context.support.AbstractApplicationContext.refresh(AbstractApplicationContext.java:609)
	at org.springframework.boot.web.servlet.context.ServletWebServerApplicationContext.refresh(ServletWebServerApplicationContext.java:146)
	at org.springframework.boot.SpringApplication.refresh(SpringApplication.java:753)
	at org.springframework.boot.SpringApplication.refreshContext(SpringApplication.java:439)
	at org.springframework.boot.SpringApplication.run(SpringApplication.java:318)
	at com.jiawa.train.member.config.MemberApplication.main(MemberApplication.java:22)
	at java.base/jdk.internal.reflect.DirectMethodHandleAccessor.invoke(DirectMethodHandleAccessor.java:103)
	at java.base/java.lang.reflect.Method.invoke(Method.java:580)
	at org.springframework.boot.devtools.restart.RestartLauncher.run(RestartLauncher.java:50)
2025-05-06 16:14:13.352 INFO  com.jiawa.train.member.config.MemberApplication   :53   [32m                  [0;39m Starting MemberApplication using Java 21.0.2 with PID 23864 (E:\12306-train\train\member\target\classes started by user in E:\12306-train\train)
2025-05-06 16:14:13.353 INFO  com.jiawa.train.member.config.MemberApplication   :652  [32m                  [0;39m No active profile set, falling back to 1 default profile: "default"
2025-05-06 16:14:13.386 INFO  o.s.b.d.env.DevToolsPropertyDefaultsPostProcessor :252  [32m                  [0;39m Devtools property defaults active! Set 'spring.devtools.add-properties' to 'false' to disable
2025-05-06 16:14:13.387 INFO  o.s.b.d.env.DevToolsPropertyDefaultsPostProcessor :252  [32m                  [0;39m For additional web related logging consider setting the 'logging.level.web' property to 'DEBUG'
2025-05-06 16:14:13.885 INFO  o.springframework.cloud.context.scope.GenericScope:282  [32m                  [0;39m BeanFactory id=3b9ffb75-e695-3722-986a-6dffd04c85a7
2025-05-06 16:14:13.902 WARN  o.s.b.w.s.c.AnnotationConfigServletWebServerApplicationContext:635  [32m                  [0;39m Exception encountered during context initialization - cancelling refresh attempt: org.springframework.beans.factory.BeanDefinitionStoreException: Invalid bean definition with name 'memberMapper' defined in file [E:\12306-train\train\member\target\classes\com\jiawa\train\member\mapper\MemberMapper.class]: Invalid value type for attribute 'factoryBeanObjectType': java.lang.String
2025-05-06 16:14:13.907 INFO  o.s.b.a.logging.ConditionEvaluationReportLogger   :82   [32m                  [0;39m 

Error starting ApplicationContext. To display the condition evaluation report re-run your application with 'debug' enabled.
2025-05-06 16:14:13.919 ERROR org.springframework.boot.SpringApplication        :858  [32m                  [0;39m Application run failed
org.springframework.beans.factory.BeanDefinitionStoreException: Invalid bean definition with name 'memberMapper' defined in file [E:\12306-train\train\member\target\classes\com\jiawa\train\member\mapper\MemberMapper.class]: Invalid value type for attribute 'factoryBeanObjectType': java.lang.String
	at org.springframework.beans.factory.support.AbstractAutowireCapableBeanFactory.getTypeForFactoryBean(AbstractAutowireCapableBeanFactory.java:864)
	at org.springframework.beans.factory.support.AbstractBeanFactory.getType(AbstractBeanFactory.java:745)
	at org.springframework.beans.factory.support.DefaultListableBeanFactory.findAnnotationOnBean(DefaultListableBeanFactory.java:817)
	at org.springframework.boot.sql.init.dependency.AnnotationDependsOnDatabaseInitializationDetector.detect(AnnotationDependsOnDatabaseInitializationDetector.java:36)
	at org.springframework.boot.sql.init.dependency.DatabaseInitializationDependencyConfigurer$DependsOnDatabaseInitializationPostProcessor.detectDependsOnInitializationBeanNames(DatabaseInitializationDependencyConfigurer.java:152)
	at org.springframework.boot.sql.init.dependency.DatabaseInitializationDependencyConfigurer$DependsOnDatabaseInitializationPostProcessor.postProcessBeanFactory(DatabaseInitializationDependencyConfigurer.java:115)
	at org.springframework.context.support.PostProcessorRegistrationDelegate.invokeBeanFactoryPostProcessors(PostProcessorRegistrationDelegate.java:363)
	at org.springframework.context.support.PostProcessorRegistrationDelegate.invokeBeanFactoryPostProcessors(PostProcessorRegistrationDelegate.java:197)
	at org.springframework.context.support.AbstractApplicationContext.invokeBeanFactoryPostProcessors(AbstractApplicationContext.java:791)
	at org.springframework.context.support.AbstractApplicationContext.refresh(AbstractApplicationContext.java:609)
	at org.springframework.boot.web.servlet.context.ServletWebServerApplicationContext.refresh(ServletWebServerApplicationContext.java:146)
	at org.springframework.boot.SpringApplication.refresh(SpringApplication.java:753)
	at org.springframework.boot.SpringApplication.refreshContext(SpringApplication.java:439)
	at org.springframework.boot.SpringApplication.run(SpringApplication.java:318)
	at com.jiawa.train.member.config.MemberApplication.main(MemberApplication.java:22)
	at java.base/jdk.internal.reflect.DirectMethodHandleAccessor.invoke(DirectMethodHandleAccessor.java:103)
	at java.base/java.lang.reflect.Method.invoke(Method.java:580)
	at org.springframework.boot.devtools.restart.RestartLauncher.run(RestartLauncher.java:50)
2025-05-06 16:21:16.035 INFO  com.jiawa.train.member.config.MemberApplication   :53   [32m                  [0;39m Starting MemberApplication using Java 21.0.2 with PID 27448 (E:\12306-train\train\member\target\classes started by user in E:\12306-train\train)
2025-05-06 16:21:16.037 INFO  com.jiawa.train.member.config.MemberApplication   :652  [32m                  [0;39m No active profile set, falling back to 1 default profile: "default"
2025-05-06 16:21:16.068 INFO  o.s.b.d.env.DevToolsPropertyDefaultsPostProcessor :252  [32m                  [0;39m Devtools property defaults active! Set 'spring.devtools.add-properties' to 'false' to disable
2025-05-06 16:21:16.069 INFO  o.s.b.d.env.DevToolsPropertyDefaultsPostProcessor :252  [32m                  [0;39m For additional web related logging consider setting the 'logging.level.web' property to 'DEBUG'
2025-05-06 16:21:16.580 INFO  o.springframework.cloud.context.scope.GenericScope:282  [32m                  [0;39m BeanFactory id=3b9ffb75-e695-3722-986a-6dffd04c85a7
2025-05-06 16:21:16.596 WARN  o.s.b.w.s.c.AnnotationConfigServletWebServerApplicationContext:635  [32m                  [0;39m Exception encountered during context initialization - cancelling refresh attempt: org.springframework.beans.factory.BeanDefinitionStoreException: Invalid bean definition with name 'memberMapper' defined in file [E:\12306-train\train\member\target\classes\com\jiawa\train\member\mapper\MemberMapper.class]: Invalid value type for attribute 'factoryBeanObjectType': java.lang.String
2025-05-06 16:21:16.602 INFO  o.s.b.a.logging.ConditionEvaluationReportLogger   :82   [32m                  [0;39m 

Error starting ApplicationContext. To display the condition evaluation report re-run your application with 'debug' enabled.
2025-05-06 16:21:16.614 ERROR org.springframework.boot.SpringApplication        :858  [32m                  [0;39m Application run failed
org.springframework.beans.factory.BeanDefinitionStoreException: Invalid bean definition with name 'memberMapper' defined in file [E:\12306-train\train\member\target\classes\com\jiawa\train\member\mapper\MemberMapper.class]: Invalid value type for attribute 'factoryBeanObjectType': java.lang.String
	at org.springframework.beans.factory.support.AbstractAutowireCapableBeanFactory.getTypeForFactoryBean(AbstractAutowireCapableBeanFactory.java:864)
	at org.springframework.beans.factory.support.AbstractBeanFactory.getType(AbstractBeanFactory.java:745)
	at org.springframework.beans.factory.support.DefaultListableBeanFactory.findAnnotationOnBean(DefaultListableBeanFactory.java:817)
	at org.springframework.boot.sql.init.dependency.AnnotationDependsOnDatabaseInitializationDetector.detect(AnnotationDependsOnDatabaseInitializationDetector.java:36)
	at org.springframework.boot.sql.init.dependency.DatabaseInitializationDependencyConfigurer$DependsOnDatabaseInitializationPostProcessor.detectDependsOnInitializationBeanNames(DatabaseInitializationDependencyConfigurer.java:152)
	at org.springframework.boot.sql.init.dependency.DatabaseInitializationDependencyConfigurer$DependsOnDatabaseInitializationPostProcessor.postProcessBeanFactory(DatabaseInitializationDependencyConfigurer.java:115)
	at org.springframework.context.support.PostProcessorRegistrationDelegate.invokeBeanFactoryPostProcessors(PostProcessorRegistrationDelegate.java:363)
	at org.springframework.context.support.PostProcessorRegistrationDelegate.invokeBeanFactoryPostProcessors(PostProcessorRegistrationDelegate.java:197)
	at org.springframework.context.support.AbstractApplicationContext.invokeBeanFactoryPostProcessors(AbstractApplicationContext.java:791)
	at org.springframework.context.support.AbstractApplicationContext.refresh(AbstractApplicationContext.java:609)
	at org.springframework.boot.web.servlet.context.ServletWebServerApplicationContext.refresh(ServletWebServerApplicationContext.java:146)
	at org.springframework.boot.SpringApplication.refresh(SpringApplication.java:753)
	at org.springframework.boot.SpringApplication.refreshContext(SpringApplication.java:439)
	at org.springframework.boot.SpringApplication.run(SpringApplication.java:318)
	at com.jiawa.train.member.config.MemberApplication.main(MemberApplication.java:22)
	at java.base/jdk.internal.reflect.DirectMethodHandleAccessor.invoke(DirectMethodHandleAccessor.java:103)
	at java.base/java.lang.reflect.Method.invoke(Method.java:580)
	at org.springframework.boot.devtools.restart.RestartLauncher.run(RestartLauncher.java:50)
2025-05-06 16:21:45.197 INFO  com.jiawa.train.member.config.MemberApplication   :53   [32m                  [0;39m Starting MemberApplication using Java 21.0.2 with PID 10808 (E:\12306-train\train\member\target\classes started by user in E:\12306-train\train)
2025-05-06 16:21:45.199 INFO  com.jiawa.train.member.config.MemberApplication   :652  [32m                  [0;39m No active profile set, falling back to 1 default profile: "default"
2025-05-06 16:21:45.232 INFO  o.s.b.d.env.DevToolsPropertyDefaultsPostProcessor :252  [32m                  [0;39m Devtools property defaults active! Set 'spring.devtools.add-properties' to 'false' to disable
2025-05-06 16:21:45.232 INFO  o.s.b.d.env.DevToolsPropertyDefaultsPostProcessor :252  [32m                  [0;39m For additional web related logging consider setting the 'logging.level.web' property to 'DEBUG'
2025-05-06 16:21:45.762 INFO  o.springframework.cloud.context.scope.GenericScope:282  [32m                  [0;39m BeanFactory id=3b9ffb75-e695-3722-986a-6dffd04c85a7
2025-05-06 16:21:45.779 WARN  o.s.b.w.s.c.AnnotationConfigServletWebServerApplicationContext:635  [32m                  [0;39m Exception encountered during context initialization - cancelling refresh attempt: org.springframework.beans.factory.BeanDefinitionStoreException: Invalid bean definition with name 'memberMapper' defined in file [E:\12306-train\train\member\target\classes\com\jiawa\train\member\mapper\MemberMapper.class]: Invalid value type for attribute 'factoryBeanObjectType': java.lang.String
2025-05-06 16:21:45.784 INFO  o.s.b.a.logging.ConditionEvaluationReportLogger   :82   [32m                  [0;39m 

Error starting ApplicationContext. To display the condition evaluation report re-run your application with 'debug' enabled.
2025-05-06 16:21:45.796 ERROR org.springframework.boot.SpringApplication        :858  [32m                  [0;39m Application run failed
org.springframework.beans.factory.BeanDefinitionStoreException: Invalid bean definition with name 'memberMapper' defined in file [E:\12306-train\train\member\target\classes\com\jiawa\train\member\mapper\MemberMapper.class]: Invalid value type for attribute 'factoryBeanObjectType': java.lang.String
	at org.springframework.beans.factory.support.AbstractAutowireCapableBeanFactory.getTypeForFactoryBean(AbstractAutowireCapableBeanFactory.java:864)
	at org.springframework.beans.factory.support.AbstractBeanFactory.getType(AbstractBeanFactory.java:745)
	at org.springframework.beans.factory.support.DefaultListableBeanFactory.findAnnotationOnBean(DefaultListableBeanFactory.java:817)
	at org.springframework.boot.sql.init.dependency.AnnotationDependsOnDatabaseInitializationDetector.detect(AnnotationDependsOnDatabaseInitializationDetector.java:36)
	at org.springframework.boot.sql.init.dependency.DatabaseInitializationDependencyConfigurer$DependsOnDatabaseInitializationPostProcessor.detectDependsOnInitializationBeanNames(DatabaseInitializationDependencyConfigurer.java:152)
	at org.springframework.boot.sql.init.dependency.DatabaseInitializationDependencyConfigurer$DependsOnDatabaseInitializationPostProcessor.postProcessBeanFactory(DatabaseInitializationDependencyConfigurer.java:115)
	at org.springframework.context.support.PostProcessorRegistrationDelegate.invokeBeanFactoryPostProcessors(PostProcessorRegistrationDelegate.java:363)
	at org.springframework.context.support.PostProcessorRegistrationDelegate.invokeBeanFactoryPostProcessors(PostProcessorRegistrationDelegate.java:197)
	at org.springframework.context.support.AbstractApplicationContext.invokeBeanFactoryPostProcessors(AbstractApplicationContext.java:791)
	at org.springframework.context.support.AbstractApplicationContext.refresh(AbstractApplicationContext.java:609)
	at org.springframework.boot.web.servlet.context.ServletWebServerApplicationContext.refresh(ServletWebServerApplicationContext.java:146)
	at org.springframework.boot.SpringApplication.refresh(SpringApplication.java:753)
	at org.springframework.boot.SpringApplication.refreshContext(SpringApplication.java:439)
	at org.springframework.boot.SpringApplication.run(SpringApplication.java:318)
	at com.jiawa.train.member.config.MemberApplication.main(MemberApplication.java:22)
	at java.base/jdk.internal.reflect.DirectMethodHandleAccessor.invoke(DirectMethodHandleAccessor.java:103)
	at java.base/java.lang.reflect.Method.invoke(Method.java:580)
	at org.springframework.boot.devtools.restart.RestartLauncher.run(RestartLauncher.java:50)
2025-05-06 16:22:50.206 INFO  com.jiawa.train.member.config.MemberApplication   :53   [32m                  [0;39m Starting MemberApplication using Java 21.0.2 with PID 8044 (E:\12306-train\train\member\target\classes started by user in E:\12306-train\train)
2025-05-06 16:22:50.208 INFO  com.jiawa.train.member.config.MemberApplication   :652  [32m                  [0;39m No active profile set, falling back to 1 default profile: "default"
2025-05-06 16:22:50.239 INFO  o.s.b.d.env.DevToolsPropertyDefaultsPostProcessor :252  [32m                  [0;39m Devtools property defaults active! Set 'spring.devtools.add-properties' to 'false' to disable
2025-05-06 16:22:50.239 INFO  o.s.b.d.env.DevToolsPropertyDefaultsPostProcessor :252  [32m                  [0;39m For additional web related logging consider setting the 'logging.level.web' property to 'DEBUG'
2025-05-06 16:22:50.764 INFO  o.springframework.cloud.context.scope.GenericScope:282  [32m                  [0;39m BeanFactory id=3b9ffb75-e695-3722-986a-6dffd04c85a7
2025-05-06 16:22:50.781 WARN  o.s.b.w.s.c.AnnotationConfigServletWebServerApplicationContext:635  [32m                  [0;39m Exception encountered during context initialization - cancelling refresh attempt: org.springframework.beans.factory.BeanDefinitionStoreException: Invalid bean definition with name 'memberMapper' defined in file [E:\12306-train\train\member\target\classes\com\jiawa\train\member\mapper\MemberMapper.class]: Invalid value type for attribute 'factoryBeanObjectType': java.lang.String
2025-05-06 16:22:50.787 INFO  o.s.b.a.logging.ConditionEvaluationReportLogger   :82   [32m                  [0;39m 

Error starting ApplicationContext. To display the condition evaluation report re-run your application with 'debug' enabled.
2025-05-06 16:22:50.801 ERROR org.springframework.boot.SpringApplication        :858  [32m                  [0;39m Application run failed
org.springframework.beans.factory.BeanDefinitionStoreException: Invalid bean definition with name 'memberMapper' defined in file [E:\12306-train\train\member\target\classes\com\jiawa\train\member\mapper\MemberMapper.class]: Invalid value type for attribute 'factoryBeanObjectType': java.lang.String
	at org.springframework.beans.factory.support.AbstractAutowireCapableBeanFactory.getTypeForFactoryBean(AbstractAutowireCapableBeanFactory.java:864)
	at org.springframework.beans.factory.support.AbstractBeanFactory.getType(AbstractBeanFactory.java:745)
	at org.springframework.beans.factory.support.DefaultListableBeanFactory.findAnnotationOnBean(DefaultListableBeanFactory.java:817)
	at org.springframework.boot.sql.init.dependency.AnnotationDependsOnDatabaseInitializationDetector.detect(AnnotationDependsOnDatabaseInitializationDetector.java:36)
	at org.springframework.boot.sql.init.dependency.DatabaseInitializationDependencyConfigurer$DependsOnDatabaseInitializationPostProcessor.detectDependsOnInitializationBeanNames(DatabaseInitializationDependencyConfigurer.java:152)
	at org.springframework.boot.sql.init.dependency.DatabaseInitializationDependencyConfigurer$DependsOnDatabaseInitializationPostProcessor.postProcessBeanFactory(DatabaseInitializationDependencyConfigurer.java:115)
	at org.springframework.context.support.PostProcessorRegistrationDelegate.invokeBeanFactoryPostProcessors(PostProcessorRegistrationDelegate.java:363)
	at org.springframework.context.support.PostProcessorRegistrationDelegate.invokeBeanFactoryPostProcessors(PostProcessorRegistrationDelegate.java:197)
	at org.springframework.context.support.AbstractApplicationContext.invokeBeanFactoryPostProcessors(AbstractApplicationContext.java:791)
	at org.springframework.context.support.AbstractApplicationContext.refresh(AbstractApplicationContext.java:609)
	at org.springframework.boot.web.servlet.context.ServletWebServerApplicationContext.refresh(ServletWebServerApplicationContext.java:146)
	at org.springframework.boot.SpringApplication.refresh(SpringApplication.java:753)
	at org.springframework.boot.SpringApplication.refreshContext(SpringApplication.java:439)
	at org.springframework.boot.SpringApplication.run(SpringApplication.java:318)
	at com.jiawa.train.member.config.MemberApplication.main(MemberApplication.java:22)
	at java.base/jdk.internal.reflect.DirectMethodHandleAccessor.invoke(DirectMethodHandleAccessor.java:103)
	at java.base/java.lang.reflect.Method.invoke(Method.java:580)
	at org.springframework.boot.devtools.restart.RestartLauncher.run(RestartLauncher.java:50)
2025-05-06 16:31:00.731 INFO  com.jiawa.train.member.config.MemberApplication   :53   [32m                  [0;39m Starting MemberApplication using Java 21.0.2 with PID 23632 (E:\12306-train\train\member\target\classes started by user in E:\12306-train\train)
2025-05-06 16:31:00.733 INFO  com.jiawa.train.member.config.MemberApplication   :652  [32m                  [0;39m No active profile set, falling back to 1 default profile: "default"
2025-05-06 16:31:00.764 INFO  o.s.b.d.env.DevToolsPropertyDefaultsPostProcessor :252  [32m                  [0;39m Devtools property defaults active! Set 'spring.devtools.add-properties' to 'false' to disable
2025-05-06 16:31:00.764 INFO  o.s.b.d.env.DevToolsPropertyDefaultsPostProcessor :252  [32m                  [0;39m For additional web related logging consider setting the 'logging.level.web' property to 'DEBUG'
2025-05-06 16:31:01.251 INFO  o.springframework.cloud.context.scope.GenericScope:282  [32m                  [0;39m BeanFactory id=6ae41242-9154-3f2f-b44e-85a8dac9a116
2025-05-06 16:31:01.268 WARN  o.s.b.w.s.c.AnnotationConfigServletWebServerApplicationContext:635  [32m                  [0;39m Exception encountered during context initialization - cancelling refresh attempt: org.springframework.beans.factory.BeanDefinitionStoreException: Invalid bean definition with name 'memberMapper' defined in file [E:\12306-train\train\member\target\classes\com\jiawa\train\member\mapper\MemberMapper.class]: Invalid value type for attribute 'factoryBeanObjectType': java.lang.String
2025-05-06 16:31:01.274 INFO  o.s.b.a.logging.ConditionEvaluationReportLogger   :82   [32m                  [0;39m 

Error starting ApplicationContext. To display the condition evaluation report re-run your application with 'debug' enabled.
2025-05-06 16:31:01.289 ERROR org.springframework.boot.SpringApplication        :858  [32m                  [0;39m Application run failed
org.springframework.beans.factory.BeanDefinitionStoreException: Invalid bean definition with name 'memberMapper' defined in file [E:\12306-train\train\member\target\classes\com\jiawa\train\member\mapper\MemberMapper.class]: Invalid value type for attribute 'factoryBeanObjectType': java.lang.String
	at org.springframework.beans.factory.support.AbstractAutowireCapableBeanFactory.getTypeForFactoryBean(AbstractAutowireCapableBeanFactory.java:864)
	at org.springframework.beans.factory.support.AbstractBeanFactory.getType(AbstractBeanFactory.java:745)
	at org.springframework.beans.factory.support.DefaultListableBeanFactory.findAnnotationOnBean(DefaultListableBeanFactory.java:817)
	at org.springframework.boot.sql.init.dependency.AnnotationDependsOnDatabaseInitializationDetector.detect(AnnotationDependsOnDatabaseInitializationDetector.java:36)
	at org.springframework.boot.sql.init.dependency.DatabaseInitializationDependencyConfigurer$DependsOnDatabaseInitializationPostProcessor.detectDependsOnInitializationBeanNames(DatabaseInitializationDependencyConfigurer.java:152)
	at org.springframework.boot.sql.init.dependency.DatabaseInitializationDependencyConfigurer$DependsOnDatabaseInitializationPostProcessor.postProcessBeanFactory(DatabaseInitializationDependencyConfigurer.java:115)
	at org.springframework.context.support.PostProcessorRegistrationDelegate.invokeBeanFactoryPostProcessors(PostProcessorRegistrationDelegate.java:363)
	at org.springframework.context.support.PostProcessorRegistrationDelegate.invokeBeanFactoryPostProcessors(PostProcessorRegistrationDelegate.java:197)
	at org.springframework.context.support.AbstractApplicationContext.invokeBeanFactoryPostProcessors(AbstractApplicationContext.java:791)
	at org.springframework.context.support.AbstractApplicationContext.refresh(AbstractApplicationContext.java:609)
	at org.springframework.boot.web.servlet.context.ServletWebServerApplicationContext.refresh(ServletWebServerApplicationContext.java:146)
	at org.springframework.boot.SpringApplication.refresh(SpringApplication.java:753)
	at org.springframework.boot.SpringApplication.refreshContext(SpringApplication.java:439)
	at org.springframework.boot.SpringApplication.run(SpringApplication.java:318)
	at com.jiawa.train.member.config.MemberApplication.main(MemberApplication.java:22)
	at java.base/jdk.internal.reflect.DirectMethodHandleAccessor.invoke(DirectMethodHandleAccessor.java:103)
	at java.base/java.lang.reflect.Method.invoke(Method.java:580)
	at org.springframework.boot.devtools.restart.RestartLauncher.run(RestartLauncher.java:50)
2025-05-06 16:31:21.357 INFO  com.jiawa.train.member.config.MemberApplication   :53   [32m                  [0;39m Starting MemberApplication using Java 21.0.2 with PID 27608 (E:\12306-train\train\member\target\classes started by user in E:\12306-train\train)
2025-05-06 16:31:21.359 INFO  com.jiawa.train.member.config.MemberApplication   :652  [32m                  [0;39m No active profile set, falling back to 1 default profile: "default"
2025-05-06 16:31:21.397 INFO  o.s.b.d.env.DevToolsPropertyDefaultsPostProcessor :252  [32m                  [0;39m Devtools property defaults active! Set 'spring.devtools.add-properties' to 'false' to disable
2025-05-06 16:31:21.398 INFO  o.s.b.d.env.DevToolsPropertyDefaultsPostProcessor :252  [32m                  [0;39m For additional web related logging consider setting the 'logging.level.web' property to 'DEBUG'
2025-05-06 16:31:21.932 INFO  o.springframework.cloud.context.scope.GenericScope:282  [32m                  [0;39m BeanFactory id=03a77ebc-83ea-3d0e-9e2a-ac0239a5487d
2025-05-06 16:31:21.951 WARN  o.s.b.w.s.c.AnnotationConfigServletWebServerApplicationContext:635  [32m                  [0;39m Exception encountered during context initialization - cancelling refresh attempt: org.springframework.beans.factory.BeanDefinitionStoreException: Invalid bean definition with name 'memberMapper' defined in file [E:\12306-train\train\member\target\classes\com\jiawa\train\member\mapper\MemberMapper.class]: Invalid value type for attribute 'factoryBeanObjectType': java.lang.String
2025-05-06 16:31:21.957 INFO  o.s.b.a.logging.ConditionEvaluationReportLogger   :82   [32m                  [0;39m 

Error starting ApplicationContext. To display the condition evaluation report re-run your application with 'debug' enabled.
2025-05-06 16:31:21.970 ERROR org.springframework.boot.SpringApplication        :858  [32m                  [0;39m Application run failed
org.springframework.beans.factory.BeanDefinitionStoreException: Invalid bean definition with name 'memberMapper' defined in file [E:\12306-train\train\member\target\classes\com\jiawa\train\member\mapper\MemberMapper.class]: Invalid value type for attribute 'factoryBeanObjectType': java.lang.String
	at org.springframework.beans.factory.support.AbstractAutowireCapableBeanFactory.getTypeForFactoryBean(AbstractAutowireCapableBeanFactory.java:864)
	at org.springframework.beans.factory.support.AbstractBeanFactory.getType(AbstractBeanFactory.java:745)
	at org.springframework.beans.factory.support.DefaultListableBeanFactory.findAnnotationOnBean(DefaultListableBeanFactory.java:817)
	at org.springframework.boot.sql.init.dependency.AnnotationDependsOnDatabaseInitializationDetector.detect(AnnotationDependsOnDatabaseInitializationDetector.java:36)
	at org.springframework.boot.sql.init.dependency.DatabaseInitializationDependencyConfigurer$DependsOnDatabaseInitializationPostProcessor.detectDependsOnInitializationBeanNames(DatabaseInitializationDependencyConfigurer.java:152)
	at org.springframework.boot.sql.init.dependency.DatabaseInitializationDependencyConfigurer$DependsOnDatabaseInitializationPostProcessor.postProcessBeanFactory(DatabaseInitializationDependencyConfigurer.java:115)
	at org.springframework.context.support.PostProcessorRegistrationDelegate.invokeBeanFactoryPostProcessors(PostProcessorRegistrationDelegate.java:363)
	at org.springframework.context.support.PostProcessorRegistrationDelegate.invokeBeanFactoryPostProcessors(PostProcessorRegistrationDelegate.java:197)
	at org.springframework.context.support.AbstractApplicationContext.invokeBeanFactoryPostProcessors(AbstractApplicationContext.java:791)
	at org.springframework.context.support.AbstractApplicationContext.refresh(AbstractApplicationContext.java:609)
	at org.springframework.boot.web.servlet.context.ServletWebServerApplicationContext.refresh(ServletWebServerApplicationContext.java:146)
	at org.springframework.boot.SpringApplication.refresh(SpringApplication.java:753)
	at org.springframework.boot.SpringApplication.refreshContext(SpringApplication.java:439)
	at org.springframework.boot.SpringApplication.run(SpringApplication.java:318)
	at com.jiawa.train.member.config.MemberApplication.main(MemberApplication.java:22)
	at java.base/jdk.internal.reflect.DirectMethodHandleAccessor.invoke(DirectMethodHandleAccessor.java:103)
	at java.base/java.lang.reflect.Method.invoke(Method.java:580)
	at org.springframework.boot.devtools.restart.RestartLauncher.run(RestartLauncher.java:50)
2025-05-06 16:34:31.609 INFO  com.jiawa.train.member.config.MemberApplication   :53   [32m                  [0;39m Starting MemberApplication using Java 21.0.2 with PID 18084 (E:\12306-train\train\member\target\classes started by user in E:\12306-train\train)
2025-05-06 16:34:31.610 INFO  com.jiawa.train.member.config.MemberApplication   :652  [32m                  [0;39m No active profile set, falling back to 1 default profile: "default"
2025-05-06 16:34:31.644 INFO  o.s.b.d.env.DevToolsPropertyDefaultsPostProcessor :252  [32m                  [0;39m Devtools property defaults active! Set 'spring.devtools.add-properties' to 'false' to disable
2025-05-06 16:34:31.644 INFO  o.s.b.d.env.DevToolsPropertyDefaultsPostProcessor :252  [32m                  [0;39m For additional web related logging consider setting the 'logging.level.web' property to 'DEBUG'
2025-05-06 16:34:32.179 INFO  o.springframework.cloud.context.scope.GenericScope:282  [32m                  [0;39m BeanFactory id=03a77ebc-83ea-3d0e-9e2a-ac0239a5487d
2025-05-06 16:34:32.197 WARN  o.s.b.w.s.c.AnnotationConfigServletWebServerApplicationContext:635  [32m                  [0;39m Exception encountered during context initialization - cancelling refresh attempt: org.springframework.beans.factory.BeanDefinitionStoreException: Invalid bean definition with name 'memberMapper' defined in file [E:\12306-train\train\member\target\classes\com\jiawa\train\member\mapper\MemberMapper.class]: Invalid value type for attribute 'factoryBeanObjectType': java.lang.String
2025-05-06 16:34:32.202 INFO  o.s.b.a.logging.ConditionEvaluationReportLogger   :82   [32m                  [0;39m 

Error starting ApplicationContext. To display the condition evaluation report re-run your application with 'debug' enabled.
2025-05-06 16:34:32.215 ERROR org.springframework.boot.SpringApplication        :858  [32m                  [0;39m Application run failed
org.springframework.beans.factory.BeanDefinitionStoreException: Invalid bean definition with name 'memberMapper' defined in file [E:\12306-train\train\member\target\classes\com\jiawa\train\member\mapper\MemberMapper.class]: Invalid value type for attribute 'factoryBeanObjectType': java.lang.String
	at org.springframework.beans.factory.support.AbstractAutowireCapableBeanFactory.getTypeForFactoryBean(AbstractAutowireCapableBeanFactory.java:864)
	at org.springframework.beans.factory.support.AbstractBeanFactory.getType(AbstractBeanFactory.java:745)
	at org.springframework.beans.factory.support.DefaultListableBeanFactory.findAnnotationOnBean(DefaultListableBeanFactory.java:817)
	at org.springframework.boot.sql.init.dependency.AnnotationDependsOnDatabaseInitializationDetector.detect(AnnotationDependsOnDatabaseInitializationDetector.java:36)
	at org.springframework.boot.sql.init.dependency.DatabaseInitializationDependencyConfigurer$DependsOnDatabaseInitializationPostProcessor.detectDependsOnInitializationBeanNames(DatabaseInitializationDependencyConfigurer.java:152)
	at org.springframework.boot.sql.init.dependency.DatabaseInitializationDependencyConfigurer$DependsOnDatabaseInitializationPostProcessor.postProcessBeanFactory(DatabaseInitializationDependencyConfigurer.java:115)
	at org.springframework.context.support.PostProcessorRegistrationDelegate.invokeBeanFactoryPostProcessors(PostProcessorRegistrationDelegate.java:363)
	at org.springframework.context.support.PostProcessorRegistrationDelegate.invokeBeanFactoryPostProcessors(PostProcessorRegistrationDelegate.java:197)
	at org.springframework.context.support.AbstractApplicationContext.invokeBeanFactoryPostProcessors(AbstractApplicationContext.java:791)
	at org.springframework.context.support.AbstractApplicationContext.refresh(AbstractApplicationContext.java:609)
	at org.springframework.boot.web.servlet.context.ServletWebServerApplicationContext.refresh(ServletWebServerApplicationContext.java:146)
	at org.springframework.boot.SpringApplication.refresh(SpringApplication.java:753)
	at org.springframework.boot.SpringApplication.refreshContext(SpringApplication.java:439)
	at org.springframework.boot.SpringApplication.run(SpringApplication.java:318)
	at com.jiawa.train.member.config.MemberApplication.main(MemberApplication.java:22)
	at java.base/jdk.internal.reflect.DirectMethodHandleAccessor.invoke(DirectMethodHandleAccessor.java:103)
	at java.base/java.lang.reflect.Method.invoke(Method.java:580)
	at org.springframework.boot.devtools.restart.RestartLauncher.run(RestartLauncher.java:50)
2025-05-06 16:46:24.229 INFO  com.jiawa.train.member.config.MemberApplication   :53   [32m                  [0;39m Starting MemberApplication using Java 21.0.2 with PID 6200 (E:\12306-train\train\member\target\classes started by user in E:\12306-train\train)
2025-05-06 16:46:24.230 INFO  com.jiawa.train.member.config.MemberApplication   :652  [32m                  [0;39m No active profile set, falling back to 1 default profile: "default"
2025-05-06 16:46:24.264 INFO  o.s.b.d.env.DevToolsPropertyDefaultsPostProcessor :252  [32m                  [0;39m Devtools property defaults active! Set 'spring.devtools.add-properties' to 'false' to disable
2025-05-06 16:46:24.265 INFO  o.s.b.d.env.DevToolsPropertyDefaultsPostProcessor :252  [32m                  [0;39m For additional web related logging consider setting the 'logging.level.web' property to 'DEBUG'
2025-05-06 16:46:24.775 INFO  o.springframework.cloud.context.scope.GenericScope:282  [32m                  [0;39m BeanFactory id=6ae41242-9154-3f2f-b44e-85a8dac9a116
2025-05-06 16:46:24.793 WARN  o.s.b.w.s.c.AnnotationConfigServletWebServerApplicationContext:635  [32m                  [0;39m Exception encountered during context initialization - cancelling refresh attempt: org.springframework.beans.factory.BeanDefinitionStoreException: Invalid bean definition with name 'memberMapper' defined in file [E:\12306-train\train\member\target\classes\com\jiawa\train\member\mapper\MemberMapper.class]: Invalid value type for attribute 'factoryBeanObjectType': java.lang.String
2025-05-06 16:46:24.798 INFO  o.s.b.a.logging.ConditionEvaluationReportLogger   :82   [32m                  [0;39m 

Error starting ApplicationContext. To display the condition evaluation report re-run your application with 'debug' enabled.
2025-05-06 16:46:24.811 ERROR org.springframework.boot.SpringApplication        :858  [32m                  [0;39m Application run failed
org.springframework.beans.factory.BeanDefinitionStoreException: Invalid bean definition with name 'memberMapper' defined in file [E:\12306-train\train\member\target\classes\com\jiawa\train\member\mapper\MemberMapper.class]: Invalid value type for attribute 'factoryBeanObjectType': java.lang.String
	at org.springframework.beans.factory.support.AbstractAutowireCapableBeanFactory.getTypeForFactoryBean(AbstractAutowireCapableBeanFactory.java:864)
	at org.springframework.beans.factory.support.AbstractBeanFactory.getType(AbstractBeanFactory.java:745)
	at org.springframework.beans.factory.support.DefaultListableBeanFactory.findAnnotationOnBean(DefaultListableBeanFactory.java:817)
	at org.springframework.boot.sql.init.dependency.AnnotationDependsOnDatabaseInitializationDetector.detect(AnnotationDependsOnDatabaseInitializationDetector.java:36)
	at org.springframework.boot.sql.init.dependency.DatabaseInitializationDependencyConfigurer$DependsOnDatabaseInitializationPostProcessor.detectDependsOnInitializationBeanNames(DatabaseInitializationDependencyConfigurer.java:152)
	at org.springframework.boot.sql.init.dependency.DatabaseInitializationDependencyConfigurer$DependsOnDatabaseInitializationPostProcessor.postProcessBeanFactory(DatabaseInitializationDependencyConfigurer.java:115)
	at org.springframework.context.support.PostProcessorRegistrationDelegate.invokeBeanFactoryPostProcessors(PostProcessorRegistrationDelegate.java:363)
	at org.springframework.context.support.PostProcessorRegistrationDelegate.invokeBeanFactoryPostProcessors(PostProcessorRegistrationDelegate.java:197)
	at org.springframework.context.support.AbstractApplicationContext.invokeBeanFactoryPostProcessors(AbstractApplicationContext.java:791)
	at org.springframework.context.support.AbstractApplicationContext.refresh(AbstractApplicationContext.java:609)
	at org.springframework.boot.web.servlet.context.ServletWebServerApplicationContext.refresh(ServletWebServerApplicationContext.java:146)
	at org.springframework.boot.SpringApplication.refresh(SpringApplication.java:753)
	at org.springframework.boot.SpringApplication.refreshContext(SpringApplication.java:439)
	at org.springframework.boot.SpringApplication.run(SpringApplication.java:318)
	at com.jiawa.train.member.config.MemberApplication.main(MemberApplication.java:22)
	at java.base/jdk.internal.reflect.DirectMethodHandleAccessor.invoke(DirectMethodHandleAccessor.java:103)
	at java.base/java.lang.reflect.Method.invoke(Method.java:580)
	at org.springframework.boot.devtools.restart.RestartLauncher.run(RestartLauncher.java:50)
2025-05-06 16:51:53.979 INFO  com.jiawa.train.member.config.MemberApplication   :53   [32m                  [0;39m Starting MemberApplication using Java 21.0.2 with PID 22304 (E:\12306-train\train\member\target\classes started by user in E:\12306-train\train)
2025-05-06 16:51:53.980 INFO  com.jiawa.train.member.config.MemberApplication   :652  [32m                  [0;39m No active profile set, falling back to 1 default profile: "default"
2025-05-06 16:51:54.012 INFO  o.s.b.d.env.DevToolsPropertyDefaultsPostProcessor :252  [32m                  [0;39m Devtools property defaults active! Set 'spring.devtools.add-properties' to 'false' to disable
2025-05-06 16:51:54.012 INFO  o.s.b.d.env.DevToolsPropertyDefaultsPostProcessor :252  [32m                  [0;39m For additional web related logging consider setting the 'logging.level.web' property to 'DEBUG'
2025-05-06 16:51:54.477 INFO  o.springframework.cloud.context.scope.GenericScope:282  [32m                  [0;39m BeanFactory id=6ae41242-9154-3f2f-b44e-85a8dac9a116
2025-05-06 16:51:54.881 INFO  o.s.boot.web.embedded.tomcat.TomcatWebServer      :111  [32m                  [0;39m Tomcat initialized with port 8001 (http)
2025-05-06 16:51:54.892 INFO  org.apache.coyote.http11.Http11NioProtocol        :168  [32m                  [0;39m Initializing ProtocolHandler ["http-nio-8001"]
2025-05-06 16:51:54.894 INFO  org.apache.catalina.core.StandardService          :168  [32m                  [0;39m Starting service [Tomcat]
2025-05-06 16:51:54.894 INFO  org.apache.catalina.core.StandardEngine           :168  [32m                  [0;39m Starting Servlet engine: [Apache Tomcat/10.1.40]
2025-05-06 16:51:54.935 INFO  o.a.c.c.C.[Tomcat].[localhost].[/member]          :168  [32m                  [0;39m Initializing Spring embedded WebApplicationContext
2025-05-06 16:51:54.935 INFO  o.s.b.w.s.c.ServletWebServerApplicationContext    :301  [32m                  [0;39m Root WebApplicationContext: initialization completed in 922 ms
2025-05-06 16:51:55.449 INFO  o.s.b.d.autoconfigure.OptionalLiveReloadServer    :59   [32m                  [0;39m LiveReload server is running on port 35729
2025-05-06 16:51:55.498 INFO  org.apache.coyote.http11.Http11NioProtocol        :168  [32m                  [0;39m Starting ProtocolHandler ["http-nio-8001"]
2025-05-06 16:51:55.509 INFO  o.s.boot.web.embedded.tomcat.TomcatWebServer      :243  [32m                  [0;39m Tomcat started on port 8001 (http) with context path '/member'
2025-05-06 16:51:55.522 INFO  com.jiawa.train.member.config.MemberApplication   :59   [32m                  [0;39m Started MemberApplication in 1.912 seconds (process running for 2.51)
2025-05-06 16:51:55.525 INFO  com.jiawa.train.member.config.MemberApplication   :23   [32m                  [0;39m 启动成功!
2025-05-06 16:51:55.525 INFO  com.jiawa.train.member.config.MemberApplication   :24   [32m                  [0;39m 地址：	http://127.0.0.1:8001/test
2025-05-06 16:53:40.092 INFO  o.s.boot.web.embedded.tomcat.GracefulShutdown     :54   [32m                  [0;39m Commencing graceful shutdown. Waiting for active requests to complete
2025-05-06 16:53:40.108 INFO  o.s.boot.web.embedded.tomcat.GracefulShutdown     :76   [32m                  [0;39m Graceful shutdown complete
2025-05-06 16:56:07.300 INFO  com.jiawa.train.member.config.MemberApplication   :53   [32m                  [0;39m Starting MemberApplication using Java 21.0.2 with PID 27612 (E:\12306-train\train\member\target\classes started by user in E:\12306-train\train)
2025-05-06 16:56:07.302 INFO  com.jiawa.train.member.config.MemberApplication   :652  [32m                  [0;39m No active profile set, falling back to 1 default profile: "default"
2025-05-06 16:56:07.336 INFO  o.s.b.d.env.DevToolsPropertyDefaultsPostProcessor :252  [32m                  [0;39m Devtools property defaults active! Set 'spring.devtools.add-properties' to 'false' to disable
2025-05-06 16:56:07.336 INFO  o.s.b.d.env.DevToolsPropertyDefaultsPostProcessor :252  [32m                  [0;39m For additional web related logging consider setting the 'logging.level.web' property to 'DEBUG'
2025-05-06 16:56:07.831 INFO  o.springframework.cloud.context.scope.GenericScope:282  [32m                  [0;39m BeanFactory id=3b9ffb75-e695-3722-986a-6dffd04c85a7
2025-05-06 16:56:08.230 INFO  o.s.boot.web.embedded.tomcat.TomcatWebServer      :111  [32m                  [0;39m Tomcat initialized with port 8001 (http)
2025-05-06 16:56:08.238 INFO  org.apache.coyote.http11.Http11NioProtocol        :168  [32m                  [0;39m Initializing ProtocolHandler ["http-nio-8001"]
2025-05-06 16:56:08.239 INFO  org.apache.catalina.core.StandardService          :168  [32m                  [0;39m Starting service [Tomcat]
2025-05-06 16:56:08.240 INFO  org.apache.catalina.core.StandardEngine           :168  [32m                  [0;39m Starting Servlet engine: [Apache Tomcat/10.1.40]
2025-05-06 16:56:08.278 INFO  o.a.c.c.C.[Tomcat].[localhost].[/member]          :168  [32m                  [0;39m Initializing Spring embedded WebApplicationContext
2025-05-06 16:56:08.280 INFO  o.s.b.w.s.c.ServletWebServerApplicationContext    :301  [32m                  [0;39m Root WebApplicationContext: initialization completed in 943 ms
2025-05-06 16:56:08.819 INFO  o.s.b.d.autoconfigure.OptionalLiveReloadServer    :59   [32m                  [0;39m LiveReload server is running on port 35729
2025-05-06 16:56:08.875 INFO  org.apache.coyote.http11.Http11NioProtocol        :168  [32m                  [0;39m Starting ProtocolHandler ["http-nio-8001"]
2025-05-06 16:56:08.886 INFO  o.s.boot.web.embedded.tomcat.TomcatWebServer      :243  [32m                  [0;39m Tomcat started on port 8001 (http) with context path '/member'
2025-05-06 16:56:08.900 INFO  com.jiawa.train.member.config.MemberApplication   :59   [32m                  [0;39m Started MemberApplication in 1.953 seconds (process running for 2.527)
2025-05-06 16:56:08.902 INFO  com.jiawa.train.member.config.MemberApplication   :23   [32m                  [0;39m 启动成功!
2025-05-06 16:56:08.903 INFO  com.jiawa.train.member.config.MemberApplication   :24   [32m                  [0;39m 地址：	http://127.0.0.1:8001/test
2025-05-06 16:56:30.344 INFO  o.a.c.c.C.[Tomcat].[localhost].[/member]          :168  [32m                  [0;39m Initializing Spring DispatcherServlet 'dispatcherServlet'
2025-05-06 16:56:30.344 INFO  org.springframework.web.servlet.DispatcherServlet :532  [32m                  [0;39m Initializing Servlet 'dispatcherServlet'
2025-05-06 16:56:30.345 INFO  org.springframework.web.servlet.DispatcherServlet :554  [32m                  [0;39m Completed initialization in 1 ms
2025-05-06 16:56:30.374 INFO  com.jiawa.train.common.aspect.LogAspect           :52   [32m1746521790369whx  [0;39m ------------- 开始 -------------
2025-05-06 16:56:30.375 INFO  com.jiawa.train.common.aspect.LogAspect           :53   [32m1746521790369whx  [0;39m 请求地址: http://127.0.0.1:8001/member/member/count GET
2025-05-06 16:56:30.376 INFO  com.jiawa.train.common.aspect.LogAspect           :54   [32m1746521790369whx  [0;39m 类名方法: com.jiawa.train.member.controller.MemberController.count
2025-05-06 16:56:30.376 INFO  com.jiawa.train.common.aspect.LogAspect           :55   [32m1746521790369whx  [0;39m 远程地址: 127.0.0.1
2025-05-06 16:56:30.479 INFO  com.jiawa.train.common.aspect.LogAspect           :83   [32m1746521790369whx  [0;39m 请求参数: []
2025-05-06 16:56:30.491 INFO  com.zaxxer.hikari.HikariDataSource                :109  [32m1746521790369whx  [0;39m HikariPool-1 - Starting...
2025-05-06 16:56:30.690 INFO  com.zaxxer.hikari.pool.HikariPool                 :554  [32m1746521790369whx  [0;39m HikariPool-1 - Added connection com.mysql.cj.jdbc.ConnectionImpl@75bda7b2
2025-05-06 16:56:30.692 INFO  com.zaxxer.hikari.HikariDataSource                :122  [32m1746521790369whx  [0;39m HikariPool-1 - Start completed.
2025-05-06 16:56:30.727 INFO  com.jiawa.train.common.aspect.LogAspect           :107  [32m1746521790369whx  [0;39m 返回结果: 0
2025-05-06 16:56:30.727 INFO  com.jiawa.train.common.aspect.LogAspect           :108  [32m1746521790369whx  [0;39m ------------- 结束 耗时：358 ms -------------
2025-05-06 16:56:35.987 INFO  com.jiawa.train.common.aspect.LogAspect           :52   [32m1746521795987rgc  [0;39m ------------- 开始 -------------
2025-05-06 16:56:35.988 INFO  com.jiawa.train.common.aspect.LogAspect           :53   [32m1746521795987rgc  [0;39m 请求地址: http://127.0.0.1:8001/member/test GET
2025-05-06 16:56:35.988 INFO  com.jiawa.train.common.aspect.LogAspect           :54   [32m1746521795987rgc  [0;39m 类名方法: com.jiawa.train.member.controller.TestController.test
2025-05-06 16:56:35.988 INFO  com.jiawa.train.common.aspect.LogAspect           :55   [32m1746521795987rgc  [0;39m 远程地址: 127.0.0.1
2025-05-06 16:56:35.989 INFO  com.jiawa.train.common.aspect.LogAspect           :83   [32m1746521795987rgc  [0;39m 请求参数: []
2025-05-06 16:56:35.990 INFO  com.jiawa.train.common.aspect.LogAspect           :107  [32m1746521795987rgc  [0;39m 返回结果: "Hello, Spring Boot!"
2025-05-06 16:56:35.991 INFO  com.jiawa.train.common.aspect.LogAspect           :108  [32m1746521795987rgc  [0;39m ------------- 结束 耗时：4 ms -------------
2025-05-06 16:56:38.574 INFO  com.jiawa.train.common.aspect.LogAspect           :52   [32m1746521798574hlm  [0;39m ------------- 开始 -------------
2025-05-06 16:56:38.575 INFO  com.jiawa.train.common.aspect.LogAspect           :53   [32m1746521798574hlm  [0;39m 请求地址: http://127.0.0.1:8001/member/test GET
2025-05-06 16:56:38.575 INFO  com.jiawa.train.common.aspect.LogAspect           :54   [32m1746521798574hlm  [0;39m 类名方法: com.jiawa.train.member.controller.TestController.test
2025-05-06 16:56:38.575 INFO  com.jiawa.train.common.aspect.LogAspect           :55   [32m1746521798574hlm  [0;39m 远程地址: 127.0.0.1
2025-05-06 16:56:38.575 INFO  com.jiawa.train.common.aspect.LogAspect           :83   [32m1746521798574hlm  [0;39m 请求参数: []
2025-05-06 16:56:38.575 INFO  com.jiawa.train.common.aspect.LogAspect           :107  [32m1746521798574hlm  [0;39m 返回结果: "Hello, Spring Boot!"
2025-05-06 16:56:38.575 INFO  com.jiawa.train.common.aspect.LogAspect           :108  [32m1746521798574hlm  [0;39m ------------- 结束 耗时：1 ms -------------
2025-05-06 16:56:41.405 INFO  com.jiawa.train.common.aspect.LogAspect           :52   [32m1746521801405rt8  [0;39m ------------- 开始 -------------
2025-05-06 16:56:41.406 INFO  com.jiawa.train.common.aspect.LogAspect           :53   [32m1746521801405rt8  [0;39m 请求地址: http://127.0.0.1:8001/member/member/count GET
2025-05-06 16:56:41.406 INFO  com.jiawa.train.common.aspect.LogAspect           :54   [32m1746521801405rt8  [0;39m 类名方法: com.jiawa.train.member.controller.MemberController.count
2025-05-06 16:56:41.406 INFO  com.jiawa.train.common.aspect.LogAspect           :55   [32m1746521801405rt8  [0;39m 远程地址: 127.0.0.1
2025-05-06 16:56:41.406 INFO  com.jiawa.train.common.aspect.LogAspect           :83   [32m1746521801405rt8  [0;39m 请求参数: []
2025-05-06 16:56:41.411 INFO  com.jiawa.train.common.aspect.LogAspect           :107  [32m1746521801405rt8  [0;39m 返回结果: 0
2025-05-06 16:56:41.411 INFO  com.jiawa.train.common.aspect.LogAspect           :108  [32m1746521801405rt8  [0;39m ------------- 结束 耗时：6 ms -------------
2025-05-06 16:59:14.834 INFO  com.jiawa.train.common.aspect.LogAspect           :52   [32m1746521954834bjv  [0;39m ------------- 开始 -------------
2025-05-06 16:59:14.834 INFO  com.jiawa.train.common.aspect.LogAspect           :53   [32m1746521954834bjv  [0;39m 请求地址: http://127.0.0.1:8001/member/member/count GET
2025-05-06 16:59:14.835 INFO  com.jiawa.train.common.aspect.LogAspect           :54   [32m1746521954834bjv  [0;39m 类名方法: com.jiawa.train.member.controller.MemberController.count
2025-05-06 16:59:14.835 INFO  com.jiawa.train.common.aspect.LogAspect           :55   [32m1746521954834bjv  [0;39m 远程地址: 127.0.0.1
2025-05-06 16:59:14.835 INFO  com.jiawa.train.common.aspect.LogAspect           :83   [32m1746521954834bjv  [0;39m 请求参数: []
2025-05-06 16:59:14.838 INFO  com.jiawa.train.common.aspect.LogAspect           :107  [32m1746521954834bjv  [0;39m 返回结果: 2
2025-05-06 16:59:14.839 INFO  com.jiawa.train.common.aspect.LogAspect           :108  [32m1746521954834bjv  [0;39m ------------- 结束 耗时：5 ms -------------
2025-05-06 17:01:02.641 INFO  com.jiawa.train.common.aspect.LogAspect           :52   [32m1746522062641dvi  [0;39m ------------- 开始 -------------
2025-05-06 17:01:02.641 INFO  com.jiawa.train.common.aspect.LogAspect           :53   [32m1746522062641dvi  [0;39m 请求地址: http://127.0.0.1:8001/member/member/count GET
2025-05-06 17:01:02.641 INFO  com.jiawa.train.common.aspect.LogAspect           :54   [32m1746522062641dvi  [0;39m 类名方法: com.jiawa.train.member.controller.MemberController.count
2025-05-06 17:01:02.643 INFO  com.jiawa.train.common.aspect.LogAspect           :55   [32m1746522062641dvi  [0;39m 远程地址: 127.0.0.1
2025-05-06 17:01:02.643 INFO  com.jiawa.train.common.aspect.LogAspect           :83   [32m1746522062641dvi  [0;39m 请求参数: []
2025-05-06 17:01:02.645 INFO  com.jiawa.train.common.aspect.LogAspect           :107  [32m1746522062641dvi  [0;39m 返回结果: 2
2025-05-06 17:01:02.646 INFO  com.jiawa.train.common.aspect.LogAspect           :108  [32m1746522062641dvi  [0;39m ------------- 结束 耗时：5 ms -------------
2025-05-06 17:02:39.501 INFO  com.jiawa.train.common.aspect.LogAspect           :52   [32m1746522159501u6f  [0;39m ------------- 开始 -------------
2025-05-06 17:02:39.501 INFO  com.jiawa.train.common.aspect.LogAspect           :53   [32m1746522159501u6f  [0;39m 请求地址: http://127.0.0.1:8001/member/member/count GET
2025-05-06 17:02:39.502 INFO  com.jiawa.train.common.aspect.LogAspect           :54   [32m1746522159501u6f  [0;39m 类名方法: com.jiawa.train.member.controller.MemberController.count
2025-05-06 17:02:39.502 INFO  com.jiawa.train.common.aspect.LogAspect           :55   [32m1746522159501u6f  [0;39m 远程地址: 127.0.0.1
2025-05-06 17:02:39.502 INFO  com.jiawa.train.common.aspect.LogAspect           :83   [32m1746522159501u6f  [0;39m 请求参数: []
2025-05-06 17:02:39.505 INFO  com.jiawa.train.common.aspect.LogAspect           :107  [32m1746522159501u6f  [0;39m 返回结果: 2
2025-05-06 17:02:39.505 INFO  com.jiawa.train.common.aspect.LogAspect           :108  [32m1746522159501u6f  [0;39m ------------- 结束 耗时：4 ms -------------
2025-05-06 17:02:43.317 INFO  o.s.boot.web.embedded.tomcat.GracefulShutdown     :54   [32m                  [0;39m Commencing graceful shutdown. Waiting for active requests to complete
2025-05-06 17:02:43.333 INFO  o.s.boot.web.embedded.tomcat.GracefulShutdown     :76   [32m                  [0;39m Graceful shutdown complete
2025-05-06 17:02:43.338 INFO  com.zaxxer.hikari.HikariDataSource                :349  [32m                  [0;39m HikariPool-1 - Shutdown initiated...
2025-05-06 17:02:43.344 INFO  com.zaxxer.hikari.HikariDataSource                :351  [32m                  [0;39m HikariPool-1 - Shutdown completed.
2025-05-06 17:02:45.280 INFO  com.jiawa.train.member.config.MemberApplication   :53   [32m                  [0;39m Starting MemberApplication using Java 21.0.2 with PID 26064 (E:\12306-train\train\member\target\classes started by user in E:\12306-train\train)
2025-05-06 17:02:45.282 INFO  com.jiawa.train.member.config.MemberApplication   :652  [32m                  [0;39m No active profile set, falling back to 1 default profile: "default"
2025-05-06 17:02:45.315 INFO  o.s.b.d.env.DevToolsPropertyDefaultsPostProcessor :252  [32m                  [0;39m Devtools property defaults active! Set 'spring.devtools.add-properties' to 'false' to disable
2025-05-06 17:02:45.316 INFO  o.s.b.d.env.DevToolsPropertyDefaultsPostProcessor :252  [32m                  [0;39m For additional web related logging consider setting the 'logging.level.web' property to 'DEBUG'
2025-05-06 17:02:45.798 INFO  o.springframework.cloud.context.scope.GenericScope:282  [32m                  [0;39m BeanFactory id=3b9ffb75-e695-3722-986a-6dffd04c85a7
2025-05-06 17:02:46.168 INFO  o.s.boot.web.embedded.tomcat.TomcatWebServer      :111  [32m                  [0;39m Tomcat initialized with port 8001 (http)
2025-05-06 17:02:46.178 INFO  org.apache.coyote.http11.Http11NioProtocol        :168  [32m                  [0;39m Initializing ProtocolHandler ["http-nio-8001"]
2025-05-06 17:02:46.179 INFO  org.apache.catalina.core.StandardService          :168  [32m                  [0;39m Starting service [Tomcat]
2025-05-06 17:02:46.179 INFO  org.apache.catalina.core.StandardEngine           :168  [32m                  [0;39m Starting Servlet engine: [Apache Tomcat/10.1.40]
2025-05-06 17:02:46.218 INFO  o.a.c.c.C.[Tomcat].[localhost].[/member]          :168  [32m                  [0;39m Initializing Spring embedded WebApplicationContext
2025-05-06 17:02:46.219 INFO  o.s.b.w.s.c.ServletWebServerApplicationContext    :301  [32m                  [0;39m Root WebApplicationContext: initialization completed in 903 ms
2025-05-06 17:02:46.737 INFO  o.s.b.d.autoconfigure.OptionalLiveReloadServer    :59   [32m                  [0;39m LiveReload server is running on port 35729
2025-05-06 17:02:46.793 INFO  org.apache.coyote.http11.Http11NioProtocol        :168  [32m                  [0;39m Starting ProtocolHandler ["http-nio-8001"]
2025-05-06 17:02:46.805 INFO  o.s.boot.web.embedded.tomcat.TomcatWebServer      :243  [32m                  [0;39m Tomcat started on port 8001 (http) with context path '/member'
2025-05-06 17:02:46.820 INFO  com.jiawa.train.member.config.MemberApplication   :59   [32m                  [0;39m Started MemberApplication in 1.899 seconds (process running for 2.488)
2025-05-06 17:02:46.822 INFO  com.jiawa.train.member.config.MemberApplication   :23   [32m                  [0;39m 启动成功!
2025-05-06 17:02:46.822 INFO  com.jiawa.train.member.config.MemberApplication   :24   [32m                  [0;39m 地址：	http://127.0.0.1:8001/test
2025-05-06 17:02:51.357 INFO  o.a.c.c.C.[Tomcat].[localhost].[/member]          :168  [32m                  [0;39m Initializing Spring DispatcherServlet 'dispatcherServlet'
2025-05-06 17:02:51.357 INFO  org.springframework.web.servlet.DispatcherServlet :532  [32m                  [0;39m Initializing Servlet 'dispatcherServlet'
2025-05-06 17:02:51.359 INFO  org.springframework.web.servlet.DispatcherServlet :554  [32m                  [0;39m Completed initialization in 0 ms
2025-05-06 17:02:51.381 INFO  com.jiawa.train.common.aspect.LogAspect           :52   [32m17465221713789a9  [0;39m ------------- 开始 -------------
2025-05-06 17:02:51.383 INFO  com.jiawa.train.common.aspect.LogAspect           :53   [32m17465221713789a9  [0;39m 请求地址: http://127.0.0.1:8001/member/member/count GET
2025-05-06 17:02:51.383 INFO  com.jiawa.train.common.aspect.LogAspect           :54   [32m17465221713789a9  [0;39m 类名方法: com.jiawa.train.member.controller.MemberController.count
2025-05-06 17:02:51.383 INFO  com.jiawa.train.common.aspect.LogAspect           :55   [32m17465221713789a9  [0;39m 远程地址: 127.0.0.1
2025-05-06 17:02:51.466 INFO  com.jiawa.train.common.aspect.LogAspect           :83   [32m17465221713789a9  [0;39m 请求参数: []
2025-05-06 17:02:51.476 INFO  com.zaxxer.hikari.HikariDataSource                :109  [32m17465221713789a9  [0;39m HikariPool-1 - Starting...
2025-05-06 17:02:51.671 INFO  com.zaxxer.hikari.pool.HikariPool                 :554  [32m17465221713789a9  [0;39m HikariPool-1 - Added connection com.mysql.cj.jdbc.ConnectionImpl@7d19404e
2025-05-06 17:02:51.673 INFO  com.zaxxer.hikari.HikariDataSource                :122  [32m17465221713789a9  [0;39m HikariPool-1 - Start completed.
2025-05-06 17:02:51.678 DEBUG com.jiawa.train.member.mapper.MemberMapper.count  :135  [32m17465221713789a9  [0;39m ==>  Preparing: select count(1) from member
2025-05-06 17:02:51.695 DEBUG com.jiawa.train.member.mapper.MemberMapper.count  :135  [32m17465221713789a9  [0;39m ==> Parameters: 
2025-05-06 17:02:51.710 TRACE com.jiawa.train.member.mapper.MemberMapper.count  :141  [32m17465221713789a9  [0;39m <==    Columns: count(1)
2025-05-06 17:02:51.710 TRACE com.jiawa.train.member.mapper.MemberMapper.count  :141  [32m17465221713789a9  [0;39m <==        Row: 2
2025-05-06 17:02:51.714 DEBUG com.jiawa.train.member.mapper.MemberMapper.count  :135  [32m17465221713789a9  [0;39m <==      Total: 1
2025-05-06 17:02:51.719 INFO  com.jiawa.train.common.aspect.LogAspect           :107  [32m17465221713789a9  [0;39m 返回结果: 2
2025-05-06 17:02:51.719 INFO  com.jiawa.train.common.aspect.LogAspect           :108  [32m17465221713789a9  [0;39m ------------- 结束 耗时：341 ms -------------
2025-05-06 17:07:24.406 INFO  o.s.boot.web.embedded.tomcat.GracefulShutdown     :54   [32m                  [0;39m Commencing graceful shutdown. Waiting for active requests to complete
2025-05-06 17:07:24.431 INFO  o.s.boot.web.embedded.tomcat.GracefulShutdown     :76   [32m                  [0;39m Graceful shutdown complete
2025-05-06 17:07:24.437 INFO  com.zaxxer.hikari.HikariDataSource                :349  [32m                  [0;39m HikariPool-1 - Shutdown initiated...
2025-05-06 17:07:24.447 INFO  com.zaxxer.hikari.HikariDataSource                :351  [32m                  [0;39m HikariPool-1 - Shutdown completed.
2025-05-06 17:52:25.814 INFO  com.jiawa.train.member.config.MemberApplication   :53   [32m                  [0;39m Starting MemberApplication using Java 21.0.2 with PID 17912 (E:\12306-train\train\member\target\classes started by user in E:\12306-train\train)
2025-05-06 17:52:25.816 INFO  com.jiawa.train.member.config.MemberApplication   :652  [32m                  [0;39m No active profile set, falling back to 1 default profile: "default"
2025-05-06 17:52:25.847 INFO  o.s.b.d.env.DevToolsPropertyDefaultsPostProcessor :252  [32m                  [0;39m Devtools property defaults active! Set 'spring.devtools.add-properties' to 'false' to disable
2025-05-06 17:52:25.848 INFO  o.s.b.d.env.DevToolsPropertyDefaultsPostProcessor :252  [32m                  [0;39m For additional web related logging consider setting the 'logging.level.web' property to 'DEBUG'
2025-05-06 17:52:26.330 INFO  o.springframework.cloud.context.scope.GenericScope:282  [32m                  [0;39m BeanFactory id=3b9ffb75-e695-3722-986a-6dffd04c85a7
2025-05-06 17:52:26.746 INFO  o.s.boot.web.embedded.tomcat.TomcatWebServer      :111  [32m                  [0;39m Tomcat initialized with port 8001 (http)
2025-05-06 17:52:26.756 INFO  org.apache.coyote.http11.Http11NioProtocol        :168  [32m                  [0;39m Initializing ProtocolHandler ["http-nio-8001"]
2025-05-06 17:52:26.757 INFO  org.apache.catalina.core.StandardService          :168  [32m                  [0;39m Starting service [Tomcat]
2025-05-06 17:52:26.757 INFO  org.apache.catalina.core.StandardEngine           :168  [32m                  [0;39m Starting Servlet engine: [Apache Tomcat/10.1.40]
2025-05-06 17:52:26.796 INFO  o.a.c.c.C.[Tomcat].[localhost].[/member]          :168  [32m                  [0;39m Initializing Spring embedded WebApplicationContext
2025-05-06 17:52:26.797 INFO  o.s.b.w.s.c.ServletWebServerApplicationContext    :301  [32m                  [0;39m Root WebApplicationContext: initialization completed in 949 ms
2025-05-06 17:52:27.343 INFO  o.s.b.d.autoconfigure.OptionalLiveReloadServer    :59   [32m                  [0;39m LiveReload server is running on port 35729
2025-05-06 17:52:27.391 INFO  org.apache.coyote.http11.Http11NioProtocol        :168  [32m                  [0;39m Starting ProtocolHandler ["http-nio-8001"]
2025-05-06 17:52:27.402 INFO  o.s.boot.web.embedded.tomcat.TomcatWebServer      :243  [32m                  [0;39m Tomcat started on port 8001 (http) with context path '/member'
2025-05-06 17:52:27.416 INFO  com.jiawa.train.member.config.MemberApplication   :59   [32m                  [0;39m Started MemberApplication in 1.94 seconds (process running for 2.503)
2025-05-06 17:52:27.418 INFO  com.jiawa.train.member.config.MemberApplication   :23   [32m                  [0;39m 启动成功!
2025-05-06 17:52:27.419 INFO  com.jiawa.train.member.config.MemberApplication   :24   [32m                  [0;39m 地址：	http://127.0.0.1:8001/test
2025-05-06 17:52:36.029 INFO  o.s.boot.web.embedded.tomcat.GracefulShutdown     :54   [32m                  [0;39m Commencing graceful shutdown. Waiting for active requests to complete
2025-05-06 17:52:36.042 INFO  o.s.boot.web.embedded.tomcat.GracefulShutdown     :76   [32m                  [0;39m Graceful shutdown complete
2025-05-06 18:18:21.227 INFO  com.jiawa.train.member.config.MemberApplication   :53   [32m                  [0;39m Starting MemberApplication using Java 21.0.2 with PID 26304 (E:\12306-train\train\member\target\classes started by user in E:\12306-train\train)
2025-05-06 18:18:21.228 INFO  com.jiawa.train.member.config.MemberApplication   :652  [32m                  [0;39m No active profile set, falling back to 1 default profile: "default"
2025-05-06 18:18:21.266 INFO  o.s.b.d.env.DevToolsPropertyDefaultsPostProcessor :252  [32m                  [0;39m Devtools property defaults active! Set 'spring.devtools.add-properties' to 'false' to disable
2025-05-06 18:18:21.266 INFO  o.s.b.d.env.DevToolsPropertyDefaultsPostProcessor :252  [32m                  [0;39m For additional web related logging consider setting the 'logging.level.web' property to 'DEBUG'
2025-05-06 18:18:21.770 INFO  o.springframework.cloud.context.scope.GenericScope:282  [32m                  [0;39m BeanFactory id=3b9ffb75-e695-3722-986a-6dffd04c85a7
2025-05-06 18:18:22.175 INFO  o.s.boot.web.embedded.tomcat.TomcatWebServer      :111  [32m                  [0;39m Tomcat initialized with port 8001 (http)
2025-05-06 18:18:22.186 INFO  org.apache.coyote.http11.Http11NioProtocol        :168  [32m                  [0;39m Initializing ProtocolHandler ["http-nio-8001"]
2025-05-06 18:18:22.187 INFO  org.apache.catalina.core.StandardService          :168  [32m                  [0;39m Starting service [Tomcat]
2025-05-06 18:18:22.187 INFO  org.apache.catalina.core.StandardEngine           :168  [32m                  [0;39m Starting Servlet engine: [Apache Tomcat/10.1.40]
2025-05-06 18:18:22.226 INFO  o.a.c.c.C.[Tomcat].[localhost].[/member]          :168  [32m                  [0;39m Initializing Spring embedded WebApplicationContext
2025-05-06 18:18:22.227 INFO  o.s.b.w.s.c.ServletWebServerApplicationContext    :301  [32m                  [0;39m Root WebApplicationContext: initialization completed in 961 ms
2025-05-06 18:18:22.799 INFO  o.s.b.d.autoconfigure.OptionalLiveReloadServer    :59   [32m                  [0;39m LiveReload server is running on port 35729
2025-05-06 18:18:22.855 INFO  org.apache.coyote.http11.Http11NioProtocol        :168  [32m                  [0;39m Starting ProtocolHandler ["http-nio-8001"]
2025-05-06 18:18:22.868 INFO  o.s.boot.web.embedded.tomcat.TomcatWebServer      :243  [32m                  [0;39m Tomcat started on port 8001 (http) with context path '/member'
2025-05-06 18:18:22.883 INFO  com.jiawa.train.member.config.MemberApplication   :59   [32m                  [0;39m Started MemberApplication in 1.999 seconds (process running for 2.597)
2025-05-06 18:18:22.885 INFO  com.jiawa.train.member.config.MemberApplication   :23   [32m                  [0;39m 启动成功!
2025-05-06 18:18:22.886 INFO  com.jiawa.train.member.config.MemberApplication   :24   [32m                  [0;39m 地址：	http://127.0.0.1:8001/test
2025-05-06 18:18:29.537 INFO  o.a.c.c.C.[Tomcat].[localhost].[/member]          :168  [32m                  [0;39m Initializing Spring DispatcherServlet 'dispatcherServlet'
2025-05-06 18:18:29.537 INFO  org.springframework.web.servlet.DispatcherServlet :532  [32m                  [0;39m Initializing Servlet 'dispatcherServlet'
2025-05-06 18:18:29.538 INFO  org.springframework.web.servlet.DispatcherServlet :554  [32m                  [0;39m Completed initialization in 1 ms
2025-05-06 18:18:29.562 INFO  com.jiawa.train.common.aspect.LogAspect           :52   [32m17465267095586xe  [0;39m ------------- 开始 -------------
2025-05-06 18:18:29.563 INFO  com.jiawa.train.common.aspect.LogAspect           :53   [32m17465267095586xe  [0;39m 请求地址: http://127.0.0.1:8001/member/member/count GET
2025-05-06 18:18:29.563 INFO  com.jiawa.train.common.aspect.LogAspect           :54   [32m17465267095586xe  [0;39m 类名方法: com.jiawa.train.member.controller.MemberController.count
2025-05-06 18:18:29.563 INFO  com.jiawa.train.common.aspect.LogAspect           :55   [32m17465267095586xe  [0;39m 远程地址: 127.0.0.1
2025-05-06 18:18:29.665 INFO  com.jiawa.train.common.aspect.LogAspect           :83   [32m17465267095586xe  [0;39m 请求参数: []
2025-05-06 18:18:29.684 INFO  com.zaxxer.hikari.HikariDataSource                :109  [32m17465267095586xe  [0;39m HikariPool-1 - Starting...
2025-05-06 18:18:29.934 INFO  com.zaxxer.hikari.pool.HikariPool                 :554  [32m17465267095586xe  [0;39m HikariPool-1 - Added connection com.mysql.cj.jdbc.ConnectionImpl@55ed996
2025-05-06 18:18:29.935 INFO  com.zaxxer.hikari.HikariDataSource                :122  [32m17465267095586xe  [0;39m HikariPool-1 - Start completed.
2025-05-06 18:18:29.940 DEBUG c.j.t.member.mapper.MemberMapper.countByExample   :135  [32m17465267095586xe  [0;39m ==>  Preparing: select count(*) from member
2025-05-06 18:18:29.957 DEBUG c.j.t.member.mapper.MemberMapper.countByExample   :135  [32m17465267095586xe  [0;39m ==> Parameters: 
2025-05-06 18:18:29.974 TRACE c.j.t.member.mapper.MemberMapper.countByExample   :141  [32m17465267095586xe  [0;39m <==    Columns: count(*)
2025-05-06 18:18:29.974 TRACE c.j.t.member.mapper.MemberMapper.countByExample   :141  [32m17465267095586xe  [0;39m <==        Row: 2
2025-05-06 18:18:29.976 DEBUG c.j.t.member.mapper.MemberMapper.countByExample   :135  [32m17465267095586xe  [0;39m <==      Total: 1
2025-05-06 18:18:29.980 INFO  com.jiawa.train.common.aspect.LogAspect           :107  [32m17465267095586xe  [0;39m 返回结果: 2
2025-05-06 18:18:29.980 INFO  com.jiawa.train.common.aspect.LogAspect           :108  [32m17465267095586xe  [0;39m ------------- 结束 耗时：422 ms -------------
2025-05-06 18:18:55.307 INFO  com.jiawa.train.common.aspect.LogAspect           :52   [32m17465267353076di  [0;39m ------------- 开始 -------------
2025-05-06 18:18:55.307 INFO  com.jiawa.train.common.aspect.LogAspect           :53   [32m17465267353076di  [0;39m 请求地址: http://127.0.0.1:8001/member/member/count GET
2025-05-06 18:18:55.307 INFO  com.jiawa.train.common.aspect.LogAspect           :54   [32m17465267353076di  [0;39m 类名方法: com.jiawa.train.member.controller.MemberController.count
2025-05-06 18:18:55.307 INFO  com.jiawa.train.common.aspect.LogAspect           :55   [32m17465267353076di  [0;39m 远程地址: 127.0.0.1
2025-05-06 18:18:55.308 INFO  com.jiawa.train.common.aspect.LogAspect           :83   [32m17465267353076di  [0;39m 请求参数: []
2025-05-06 18:18:55.309 DEBUG c.j.t.member.mapper.MemberMapper.countByExample   :135  [32m17465267353076di  [0;39m ==>  Preparing: select count(*) from member
2025-05-06 18:18:55.309 DEBUG c.j.t.member.mapper.MemberMapper.countByExample   :135  [32m17465267353076di  [0;39m ==> Parameters: 
2025-05-06 18:18:55.310 TRACE c.j.t.member.mapper.MemberMapper.countByExample   :141  [32m17465267353076di  [0;39m <==    Columns: count(*)
2025-05-06 18:18:55.311 TRACE c.j.t.member.mapper.MemberMapper.countByExample   :141  [32m17465267353076di  [0;39m <==        Row: 2
2025-05-06 18:18:55.311 DEBUG c.j.t.member.mapper.MemberMapper.countByExample   :135  [32m17465267353076di  [0;39m <==      Total: 1
2025-05-06 18:18:55.311 INFO  com.jiawa.train.common.aspect.LogAspect           :107  [32m17465267353076di  [0;39m 返回结果: 2
2025-05-06 18:18:55.311 INFO  com.jiawa.train.common.aspect.LogAspect           :108  [32m17465267353076di  [0;39m ------------- 结束 耗时：4 ms -------------
2025-05-06 18:26:09.793 INFO  o.s.b.d.a.LocalDevToolsAutoConfiguration$RestartingClassPathChangeChangedEventListener:211  [32m                  [0;39m Restarting due to 1 class path change (0 additions, 0 deletions, 1 modification)
2025-05-06 18:26:09.795 INFO  o.s.boot.web.embedded.tomcat.GracefulShutdown     :54   [32m                  [0;39m Commencing graceful shutdown. Waiting for active requests to complete
2025-05-06 18:26:09.796 INFO  org.apache.coyote.http11.Http11NioProtocol        :168  [32m                  [0;39m Pausing ProtocolHandler ["http-nio-8001"]
2025-05-06 18:26:09.810 INFO  o.s.boot.web.embedded.tomcat.GracefulShutdown     :76   [32m                  [0;39m Graceful shutdown complete
2025-05-06 18:26:09.811 INFO  org.apache.coyote.http11.Http11NioProtocol        :168  [32m                  [0;39m Stopping ProtocolHandler ["http-nio-8001"]
2025-05-06 18:26:09.814 INFO  com.zaxxer.hikari.HikariDataSource                :349  [32m                  [0;39m HikariPool-1 - Shutdown initiated...
2025-05-06 18:26:09.820 INFO  com.zaxxer.hikari.HikariDataSource                :351  [32m                  [0;39m HikariPool-1 - Shutdown completed.
2025-05-06 18:26:09.901 INFO  com.jiawa.train.member.config.MemberApplication   :53   [32m                  [0;39m Starting MemberApplication using Java 21.0.2 with PID 26304 (E:\12306-train\train\member\target\classes started by user in E:\12306-train\train)
2025-05-06 18:26:09.901 INFO  com.jiawa.train.member.config.MemberApplication   :652  [32m                  [0;39m No active profile set, falling back to 1 default profile: "default"
2025-05-06 18:26:10.038 INFO  o.springframework.cloud.context.scope.GenericScope:282  [32m                  [0;39m BeanFactory id=3b9ffb75-e695-3722-986a-6dffd04c85a7
2025-05-06 18:26:10.122 INFO  o.s.boot.web.embedded.tomcat.TomcatWebServer      :111  [32m                  [0;39m Tomcat initialized with port 8001 (http)
2025-05-06 18:26:10.123 INFO  org.apache.coyote.http11.Http11NioProtocol        :168  [32m                  [0;39m Initializing ProtocolHandler ["http-nio-8001"]
2025-05-06 18:26:10.124 INFO  org.apache.catalina.core.StandardService          :168  [32m                  [0;39m Starting service [Tomcat]
2025-05-06 18:26:10.124 INFO  org.apache.catalina.core.StandardEngine           :168  [32m                  [0;39m Starting Servlet engine: [Apache Tomcat/10.1.40]
2025-05-06 18:26:10.143 INFO  o.a.c.c.C.[Tomcat].[localhost].[/member]          :168  [32m                  [0;39m Initializing Spring embedded WebApplicationContext
2025-05-06 18:26:10.143 INFO  o.s.b.w.s.c.ServletWebServerApplicationContext    :301  [32m                  [0;39m Root WebApplicationContext: initialization completed in 240 ms
2025-05-06 18:26:10.355 INFO  o.s.b.d.autoconfigure.OptionalLiveReloadServer    :59   [32m                  [0;39m LiveReload server is running on port 35729
2025-05-06 18:26:10.388 INFO  org.apache.coyote.http11.Http11NioProtocol        :168  [32m                  [0;39m Starting ProtocolHandler ["http-nio-8001"]
2025-05-06 18:26:10.391 INFO  o.s.boot.web.embedded.tomcat.TomcatWebServer      :243  [32m                  [0;39m Tomcat started on port 8001 (http) with context path '/member'
2025-05-06 18:26:10.402 INFO  com.jiawa.train.member.config.MemberApplication   :59   [32m                  [0;39m Started MemberApplication in 0.54 seconds (process running for 470.116)
2025-05-06 18:26:10.403 INFO  o.s.b.d.a.ConditionEvaluationDeltaLoggingListener :63   [32m                  [0;39m Condition evaluation unchanged
2025-05-06 18:26:10.404 INFO  com.jiawa.train.member.config.MemberApplication   :23   [32m                  [0;39m 启动成功!
2025-05-06 18:26:10.404 INFO  com.jiawa.train.member.config.MemberApplication   :24   [32m                  [0;39m 地址：	http://127.0.0.1:8001/test
2025-05-06 18:26:11.437 INFO  o.s.boot.web.embedded.tomcat.GracefulShutdown     :54   [32m                  [0;39m Commencing graceful shutdown. Waiting for active requests to complete
2025-05-06 18:26:11.452 INFO  o.s.boot.web.embedded.tomcat.GracefulShutdown     :76   [32m                  [0;39m Graceful shutdown complete
2025-05-06 18:34:16.588 INFO  com.jiawa.train.member.config.MemberApplication   :53   [32m                  [0;39m Starting MemberApplication using Java 21.0.2 with PID 24804 (E:\12306-train\train\member\target\classes started by user in E:\12306-train\train)
2025-05-06 18:34:16.589 INFO  com.jiawa.train.member.config.MemberApplication   :652  [32m                  [0;39m No active profile set, falling back to 1 default profile: "default"
2025-05-06 18:34:16.623 INFO  o.s.b.d.env.DevToolsPropertyDefaultsPostProcessor :252  [32m                  [0;39m Devtools property defaults active! Set 'spring.devtools.add-properties' to 'false' to disable
2025-05-06 18:34:16.624 INFO  o.s.b.d.env.DevToolsPropertyDefaultsPostProcessor :252  [32m                  [0;39m For additional web related logging consider setting the 'logging.level.web' property to 'DEBUG'
2025-05-06 18:34:17.091 INFO  o.springframework.cloud.context.scope.GenericScope:282  [32m                  [0;39m BeanFactory id=3b9ffb75-e695-3722-986a-6dffd04c85a7
2025-05-06 18:34:17.464 INFO  o.s.boot.web.embedded.tomcat.TomcatWebServer      :111  [32m                  [0;39m Tomcat initialized with port 8001 (http)
2025-05-06 18:34:17.473 INFO  org.apache.coyote.http11.Http11NioProtocol        :168  [32m                  [0;39m Initializing ProtocolHandler ["http-nio-8001"]
2025-05-06 18:34:17.474 INFO  org.apache.catalina.core.StandardService          :168  [32m                  [0;39m Starting service [Tomcat]
2025-05-06 18:34:17.474 INFO  org.apache.catalina.core.StandardEngine           :168  [32m                  [0;39m Starting Servlet engine: [Apache Tomcat/10.1.40]
2025-05-06 18:34:17.512 INFO  o.a.c.c.C.[Tomcat].[localhost].[/member]          :168  [32m                  [0;39m Initializing Spring embedded WebApplicationContext
2025-05-06 18:34:17.513 INFO  o.s.b.w.s.c.ServletWebServerApplicationContext    :301  [32m                  [0;39m Root WebApplicationContext: initialization completed in 888 ms
2025-05-06 18:34:18.059 INFO  o.s.b.d.autoconfigure.OptionalLiveReloadServer    :59   [32m                  [0;39m LiveReload server is running on port 35729
2025-05-06 18:34:18.113 INFO  org.apache.coyote.http11.Http11NioProtocol        :168  [32m                  [0;39m Starting ProtocolHandler ["http-nio-8001"]
2025-05-06 18:34:18.126 INFO  o.s.boot.web.embedded.tomcat.TomcatWebServer      :243  [32m                  [0;39m Tomcat started on port 8001 (http) with context path '/member'
2025-05-06 18:34:18.140 INFO  com.jiawa.train.member.config.MemberApplication   :59   [32m                  [0;39m Started MemberApplication in 1.914 seconds (process running for 2.505)
2025-05-06 18:34:18.142 INFO  com.jiawa.train.member.config.MemberApplication   :23   [32m                  [0;39m 启动成功!
2025-05-06 18:34:18.142 INFO  com.jiawa.train.member.config.MemberApplication   :24   [32m                  [0;39m 地址：	http://127.0.0.1:8001/test
2025-05-06 18:34:26.921 INFO  o.a.c.c.C.[Tomcat].[localhost].[/member]          :168  [32m                  [0;39m Initializing Spring DispatcherServlet 'dispatcherServlet'
2025-05-06 18:34:26.921 INFO  org.springframework.web.servlet.DispatcherServlet :532  [32m                  [0;39m Initializing Servlet 'dispatcherServlet'
2025-05-06 18:34:26.922 INFO  org.springframework.web.servlet.DispatcherServlet :554  [32m                  [0;39m Completed initialization in 1 ms
2025-05-06 18:34:26.950 INFO  com.jiawa.train.common.aspect.LogAspect           :52   [32m1746527666946p8t  [0;39m ------------- 开始 -------------
2025-05-06 18:34:26.950 INFO  com.jiawa.train.common.aspect.LogAspect           :53   [32m1746527666946p8t  [0;39m 请求地址: http://127.0.0.1:8001/member/member/register POST
2025-05-06 18:34:26.951 INFO  com.jiawa.train.common.aspect.LogAspect           :54   [32m1746527666946p8t  [0;39m 类名方法: com.jiawa.train.member.controller.MemberController.register
2025-05-06 18:34:26.951 INFO  com.jiawa.train.common.aspect.LogAspect           :55   [32m1746527666946p8t  [0;39m 远程地址: 127.0.0.1
2025-05-06 18:34:27.031 INFO  com.jiawa.train.common.aspect.LogAspect           :83   [32m1746527666946p8t  [0;39m 请求参数: ["123"]
2025-05-06 18:34:27.041 INFO  com.zaxxer.hikari.HikariDataSource                :109  [32m1746527666946p8t  [0;39m HikariPool-1 - Starting...
2025-05-06 18:34:27.219 INFO  com.zaxxer.hikari.pool.HikariPool                 :554  [32m1746527666946p8t  [0;39m HikariPool-1 - Added connection com.mysql.cj.jdbc.ConnectionImpl@6b31bdb7
2025-05-06 18:34:27.221 INFO  com.zaxxer.hikari.HikariDataSource                :122  [32m1746527666946p8t  [0;39m HikariPool-1 - Start completed.
2025-05-06 18:34:27.226 DEBUG com.jiawa.train.member.mapper.MemberMapper.insert :135  [32m1746527666946p8t  [0;39m ==>  Preparing: insert into member (id, mobile) values (?, ?)
2025-05-06 18:34:27.243 DEBUG com.jiawa.train.member.mapper.MemberMapper.insert :135  [32m1746527666946p8t  [0;39m ==> Parameters: 1746527667031(Long), 123(String)
2025-05-06 18:34:27.343 ERROR o.a.c.c.C.[.[.[/member].[dispatcherServlet]       :170  [32m1746527666946p8t  [0;39m Servlet.service() for servlet [dispatcherServlet] in context with path [/member] threw exception [Request processing failed: org.springframework.dao.DuplicateKeyException: 
### Error updating database.  Cause: java.sql.SQLIntegrityConstraintViolationException: Duplicate entry '123' for key 'mobile_unique'
### The error may exist in file [E:\12306-train\train\member\target\classes\mapper\MemberMapper.xml]
### The error may involve com.jiawa.train.member.mapper.MemberMapper.insert-Inline
### The error occurred while setting parameters
### SQL: insert into member (id, mobile)     values (?, ?)
### Cause: java.sql.SQLIntegrityConstraintViolationException: Duplicate entry '123' for key 'mobile_unique'
; Duplicate entry '123' for key 'mobile_unique'] with root cause
java.sql.SQLIntegrityConstraintViolationException: Duplicate entry '123' for key 'mobile_unique'
	at com.mysql.cj.jdbc.exceptions.SQLError.createSQLException(SQLError.java:117)
	at com.mysql.cj.jdbc.exceptions.SQLError.createSQLException(SQLError.java:97)
	at com.mysql.cj.jdbc.exceptions.SQLExceptionsMapping.translateException(SQLExceptionsMapping.java:122)
	at com.mysql.cj.jdbc.ClientPreparedStatement.executeInternal(ClientPreparedStatement.java:953)
	at com.mysql.cj.jdbc.ClientPreparedStatement.execute(ClientPreparedStatement.java:370)
	at com.zaxxer.hikari.pool.ProxyPreparedStatement.execute(ProxyPreparedStatement.java:44)
	at com.zaxxer.hikari.pool.HikariProxyPreparedStatement.execute(HikariProxyPreparedStatement.java)
	at java.base/jdk.internal.reflect.DirectMethodHandleAccessor.invoke(DirectMethodHandleAccessor.java:103)
	at java.base/java.lang.reflect.Method.invoke(Method.java:580)
	at org.apache.ibatis.logging.jdbc.PreparedStatementLogger.invoke(PreparedStatementLogger.java:58)
	at jdk.proxy4/jdk.proxy4.$Proxy87.execute(Unknown Source)
	at org.apache.ibatis.executor.statement.PreparedStatementHandler.update(PreparedStatementHandler.java:48)
	at org.apache.ibatis.executor.statement.RoutingStatementHandler.update(RoutingStatementHandler.java:75)
	at org.apache.ibatis.executor.SimpleExecutor.doUpdate(SimpleExecutor.java:50)
	at org.apache.ibatis.executor.BaseExecutor.update(BaseExecutor.java:117)
	at org.apache.ibatis.executor.CachingExecutor.update(CachingExecutor.java:76)
	at org.apache.ibatis.session.defaults.DefaultSqlSession.update(DefaultSqlSession.java:197)
	at org.apache.ibatis.session.defaults.DefaultSqlSession.insert(DefaultSqlSession.java:184)
	at java.base/jdk.internal.reflect.DirectMethodHandleAccessor.invoke(DirectMethodHandleAccessor.java:103)
	at java.base/java.lang.reflect.Method.invoke(Method.java:580)
	at org.mybatis.spring.SqlSessionTemplate$SqlSessionInterceptor.invoke(SqlSessionTemplate.java:425)
	at jdk.proxy2/jdk.proxy2.$Proxy74.insert(Unknown Source)
	at org.mybatis.spring.SqlSessionTemplate.insert(SqlSessionTemplate.java:272)
	at org.apache.ibatis.binding.MapperMethod.execute(MapperMethod.java:62)
	at org.apache.ibatis.binding.MapperProxy$PlainMethodInvoker.invoke(MapperProxy.java:141)
	at org.apache.ibatis.binding.MapperProxy.invoke(MapperProxy.java:86)
	at jdk.proxy3/jdk.proxy3.$Proxy75.insert(Unknown Source)
	at com.jiawa.train.member.service.MemberService.register(MemberService.java:20)
	at com.jiawa.train.member.controller.MemberController.register(MemberController.java:22)
	at java.base/jdk.internal.reflect.DirectMethodHandleAccessor.invoke(DirectMethodHandleAccessor.java:103)
	at java.base/java.lang.reflect.Method.invoke(Method.java:580)
	at org.springframework.aop.support.AopUtils.invokeJoinpointUsingReflection(AopUtils.java:359)
	at org.springframework.aop.framework.ReflectiveMethodInvocation.invokeJoinpoint(ReflectiveMethodInvocation.java:196)
	at org.springframework.aop.framework.ReflectiveMethodInvocation.proceed(ReflectiveMethodInvocation.java:163)
	at org.springframework.aop.framework.adapter.MethodBeforeAdviceInterceptor.invoke(MethodBeforeAdviceInterceptor.java:58)
	at org.springframework.aop.framework.ReflectiveMethodInvocation.proceed(ReflectiveMethodInvocation.java:184)
	at org.springframework.aop.aspectj.MethodInvocationProceedingJoinPoint.proceed(MethodInvocationProceedingJoinPoint.java:89)
	at com.jiawa.train.common.aspect.LogAspect.doAround(LogAspect.java:94)
	at java.base/jdk.internal.reflect.DirectMethodHandleAccessor.invoke(DirectMethodHandleAccessor.java:103)
	at java.base/java.lang.reflect.Method.invoke(Method.java:580)
	at org.springframework.aop.aspectj.AbstractAspectJAdvice.invokeAdviceMethodWithGivenArgs(AbstractAspectJAdvice.java:642)
	at org.springframework.aop.aspectj.AbstractAspectJAdvice.invokeAdviceMethod(AbstractAspectJAdvice.java:632)
	at org.springframework.aop.aspectj.AspectJAroundAdvice.invoke(AspectJAroundAdvice.java:71)
	at org.springframework.aop.framework.ReflectiveMethodInvocation.proceed(ReflectiveMethodInvocation.java:184)
	at org.springframework.aop.interceptor.ExposeInvocationInterceptor.invoke(ExposeInvocationInterceptor.java:97)
	at org.springframework.aop.framework.ReflectiveMethodInvocation.proceed(ReflectiveMethodInvocation.java:184)
	at org.springframework.aop.framework.CglibAopProxy$DynamicAdvisedInterceptor.intercept(CglibAopProxy.java:728)
	at com.jiawa.train.member.controller.MemberController$$SpringCGLIB$$0.register(<generated>)
	at java.base/jdk.internal.reflect.DirectMethodHandleAccessor.invoke(DirectMethodHandleAccessor.java:103)
	at java.base/java.lang.reflect.Method.invoke(Method.java:580)
	at org.springframework.web.method.support.InvocableHandlerMethod.doInvoke(InvocableHandlerMethod.java:258)
	at org.springframework.web.method.support.InvocableHandlerMethod.invokeForRequest(InvocableHandlerMethod.java:191)
	at org.springframework.web.servlet.mvc.method.annotation.ServletInvocableHandlerMethod.invokeAndHandle(ServletInvocableHandlerMethod.java:118)
	at org.springframework.web.servlet.mvc.method.annotation.RequestMappingHandlerAdapter.invokeHandlerMethod(RequestMappingHandlerAdapter.java:986)
	at org.springframework.web.servlet.mvc.method.annotation.RequestMappingHandlerAdapter.handleInternal(RequestMappingHandlerAdapter.java:891)
	at org.springframework.web.servlet.mvc.method.AbstractHandlerMethodAdapter.handle(AbstractHandlerMethodAdapter.java:87)
	at org.springframework.web.servlet.DispatcherServlet.doDispatch(DispatcherServlet.java:1089)
	at org.springframework.web.servlet.DispatcherServlet.doService(DispatcherServlet.java:979)
	at org.springframework.web.servlet.FrameworkServlet.processRequest(FrameworkServlet.java:1014)
	at org.springframework.web.servlet.FrameworkServlet.doPost(FrameworkServlet.java:914)
	at jakarta.servlet.http.HttpServlet.service(HttpServlet.java:590)
	at org.springframework.web.servlet.FrameworkServlet.service(FrameworkServlet.java:885)
	at jakarta.servlet.http.HttpServlet.service(HttpServlet.java:658)
	at org.apache.catalina.core.ApplicationFilterChain.internalDoFilter(ApplicationFilterChain.java:195)
	at org.apache.catalina.core.ApplicationFilterChain.doFilter(ApplicationFilterChain.java:140)
	at org.apache.tomcat.websocket.server.WsFilter.doFilter(WsFilter.java:51)
	at org.apache.catalina.core.ApplicationFilterChain.internalDoFilter(ApplicationFilterChain.java:164)
	at org.apache.catalina.core.ApplicationFilterChain.doFilter(ApplicationFilterChain.java:140)
	at org.springframework.web.filter.RequestContextFilter.doFilterInternal(RequestContextFilter.java:100)
	at org.springframework.web.filter.OncePerRequestFilter.doFilter(OncePerRequestFilter.java:116)
	at org.apache.catalina.core.ApplicationFilterChain.internalDoFilter(ApplicationFilterChain.java:164)
	at org.apache.catalina.core.ApplicationFilterChain.doFilter(ApplicationFilterChain.java:140)
	at org.springframework.web.filter.FormContentFilter.doFilterInternal(FormContentFilter.java:93)
	at org.springframework.web.filter.OncePerRequestFilter.doFilter(OncePerRequestFilter.java:116)
	at org.apache.catalina.core.ApplicationFilterChain.internalDoFilter(ApplicationFilterChain.java:164)
	at org.apache.catalina.core.ApplicationFilterChain.doFilter(ApplicationFilterChain.java:140)
	at org.springframework.web.filter.CharacterEncodingFilter.doFilterInternal(CharacterEncodingFilter.java:201)
	at org.springframework.web.filter.OncePerRequestFilter.doFilter(OncePerRequestFilter.java:116)
	at org.apache.catalina.core.ApplicationFilterChain.internalDoFilter(ApplicationFilterChain.java:164)
	at org.apache.catalina.core.ApplicationFilterChain.doFilter(ApplicationFilterChain.java:140)
	at org.apache.catalina.core.StandardWrapperValve.invoke(StandardWrapperValve.java:167)
	at org.apache.catalina.core.StandardContextValve.invoke(StandardContextValve.java:90)
	at org.apache.catalina.authenticator.AuthenticatorBase.invoke(AuthenticatorBase.java:483)
	at org.apache.catalina.core.StandardHostValve.invoke(StandardHostValve.java:116)
	at org.apache.catalina.valves.ErrorReportValve.invoke(ErrorReportValve.java:93)
	at org.apache.catalina.core.StandardEngineValve.invoke(StandardEngineValve.java:74)
	at org.apache.catalina.connector.CoyoteAdapter.service(CoyoteAdapter.java:344)
	at org.apache.coyote.http11.Http11Processor.service(Http11Processor.java:398)
	at org.apache.coyote.AbstractProcessorLight.process(AbstractProcessorLight.java:63)
	at org.apache.coyote.AbstractProtocol$ConnectionHandler.process(AbstractProtocol.java:903)
	at org.apache.tomcat.util.net.NioEndpoint$SocketProcessor.doRun(NioEndpoint.java:1740)
	at org.apache.tomcat.util.net.SocketProcessorBase.run(SocketProcessorBase.java:52)
	at org.apache.tomcat.util.threads.ThreadPoolExecutor.runWorker(ThreadPoolExecutor.java:1189)
	at org.apache.tomcat.util.threads.ThreadPoolExecutor$Worker.run(ThreadPoolExecutor.java:658)
	at org.apache.tomcat.util.threads.TaskThread$WrappingRunnable.run(TaskThread.java:63)
	at java.base/java.lang.Thread.run(Thread.java:1583)
2025-05-06 18:37:16.040 INFO  com.jiawa.train.common.aspect.LogAspect           :52   [32m1746527836040usr  [0;39m ------------- 开始 -------------
2025-05-06 18:37:16.041 INFO  com.jiawa.train.common.aspect.LogAspect           :53   [32m1746527836040usr  [0;39m 请求地址: http://127.0.0.1:8001/member/member/register POST
2025-05-06 18:37:16.041 INFO  com.jiawa.train.common.aspect.LogAspect           :54   [32m1746527836040usr  [0;39m 类名方法: com.jiawa.train.member.controller.MemberController.register
2025-05-06 18:37:16.041 INFO  com.jiawa.train.common.aspect.LogAspect           :55   [32m1746527836040usr  [0;39m 远程地址: 127.0.0.1
2025-05-06 18:37:16.041 INFO  com.jiawa.train.common.aspect.LogAspect           :83   [32m1746527836040usr  [0;39m 请求参数: ["1234"]
2025-05-06 18:37:16.043 DEBUG com.jiawa.train.member.mapper.MemberMapper.insert :135  [32m1746527836040usr  [0;39m ==>  Preparing: insert into member (id, mobile) values (?, ?)
2025-05-06 18:37:16.043 DEBUG com.jiawa.train.member.mapper.MemberMapper.insert :135  [32m1746527836040usr  [0;39m ==> Parameters: 1746527836041(Long), 1234(String)
2025-05-06 18:37:16.051 DEBUG com.jiawa.train.member.mapper.MemberMapper.insert :135  [32m1746527836040usr  [0;39m <==    Updates: 1
2025-05-06 18:37:16.054 INFO  com.jiawa.train.common.aspect.LogAspect           :107  [32m1746527836040usr  [0;39m 返回结果: 1746527836041
2025-05-06 18:37:16.055 INFO  com.jiawa.train.common.aspect.LogAspect           :108  [32m1746527836040usr  [0;39m ------------- 结束 耗时：15 ms -------------
2025-05-06 18:37:31.120 INFO  com.jiawa.train.common.aspect.LogAspect           :52   [32m1746527851120jdt  [0;39m ------------- 开始 -------------
2025-05-06 18:37:31.121 INFO  com.jiawa.train.common.aspect.LogAspect           :53   [32m1746527851120jdt  [0;39m 请求地址: http://127.0.0.1:8001/member/member/count GET
2025-05-06 18:37:31.121 INFO  com.jiawa.train.common.aspect.LogAspect           :54   [32m1746527851120jdt  [0;39m 类名方法: com.jiawa.train.member.controller.MemberController.count
2025-05-06 18:37:31.121 INFO  com.jiawa.train.common.aspect.LogAspect           :55   [32m1746527851120jdt  [0;39m 远程地址: 127.0.0.1
2025-05-06 18:37:31.121 INFO  com.jiawa.train.common.aspect.LogAspect           :83   [32m1746527851120jdt  [0;39m 请求参数: []
2025-05-06 18:37:31.136 DEBUG c.j.t.member.mapper.MemberMapper.countByExample   :135  [32m1746527851120jdt  [0;39m ==>  Preparing: select count(*) from member
2025-05-06 18:37:31.137 DEBUG c.j.t.member.mapper.MemberMapper.countByExample   :135  [32m1746527851120jdt  [0;39m ==> Parameters: 
2025-05-06 18:37:31.151 TRACE c.j.t.member.mapper.MemberMapper.countByExample   :141  [32m1746527851120jdt  [0;39m <==    Columns: count(*)
2025-05-06 18:37:31.152 TRACE c.j.t.member.mapper.MemberMapper.countByExample   :141  [32m1746527851120jdt  [0;39m <==        Row: 3
2025-05-06 18:37:31.153 DEBUG c.j.t.member.mapper.MemberMapper.countByExample   :135  [32m1746527851120jdt  [0;39m <==      Total: 1
2025-05-06 18:37:31.154 INFO  com.jiawa.train.common.aspect.LogAspect           :107  [32m1746527851120jdt  [0;39m 返回结果: 3
2025-05-06 18:37:31.154 INFO  com.jiawa.train.common.aspect.LogAspect           :108  [32m1746527851120jdt  [0;39m ------------- 结束 耗时：34 ms -------------
2025-05-06 18:39:31.510 INFO  o.s.b.d.a.LocalDevToolsAutoConfiguration$RestartingClassPathChangeChangedEventListener:211  [32m                  [0;39m Restarting due to 1 class path change (0 additions, 1 deletion, 0 modifications)
2025-05-06 18:39:31.514 INFO  o.s.boot.web.embedded.tomcat.GracefulShutdown     :54   [32m                  [0;39m Commencing graceful shutdown. Waiting for active requests to complete
2025-05-06 18:39:31.515 INFO  org.apache.coyote.http11.Http11NioProtocol        :168  [32m                  [0;39m Pausing ProtocolHandler ["http-nio-8001"]
2025-05-06 18:39:31.528 INFO  o.s.boot.web.embedded.tomcat.GracefulShutdown     :76   [32m                  [0;39m Graceful shutdown complete
2025-05-06 18:39:31.529 INFO  org.apache.coyote.http11.Http11NioProtocol        :168  [32m                  [0;39m Stopping ProtocolHandler ["http-nio-8001"]
2025-05-06 18:39:31.532 INFO  com.zaxxer.hikari.HikariDataSource                :349  [32m                  [0;39m HikariPool-1 - Shutdown initiated...
2025-05-06 18:39:31.536 INFO  com.zaxxer.hikari.HikariDataSource                :351  [32m                  [0;39m HikariPool-1 - Shutdown completed.
2025-05-06 18:39:31.615 INFO  com.jiawa.train.member.config.MemberApplication   :53   [32m                  [0;39m Starting MemberApplication using Java 21.0.2 with PID 24804 (E:\12306-train\train\member\target\classes started by user in E:\12306-train\train)
2025-05-06 18:39:31.616 INFO  com.jiawa.train.member.config.MemberApplication   :652  [32m                  [0;39m No active profile set, falling back to 1 default profile: "default"
2025-05-06 18:39:31.770 INFO  o.springframework.cloud.context.scope.GenericScope:282  [32m                  [0;39m BeanFactory id=3b9ffb75-e695-3722-986a-6dffd04c85a7
2025-05-06 18:39:31.846 INFO  o.s.boot.web.embedded.tomcat.TomcatWebServer      :111  [32m                  [0;39m Tomcat initialized with port 8001 (http)
2025-05-06 18:39:31.848 INFO  org.apache.coyote.http11.Http11NioProtocol        :168  [32m                  [0;39m Initializing ProtocolHandler ["http-nio-8001"]
2025-05-06 18:39:31.848 INFO  org.apache.catalina.core.StandardService          :168  [32m                  [0;39m Starting service [Tomcat]
2025-05-06 18:39:31.848 INFO  org.apache.catalina.core.StandardEngine           :168  [32m                  [0;39m Starting Servlet engine: [Apache Tomcat/10.1.40]
2025-05-06 18:39:31.868 INFO  o.a.c.c.C.[Tomcat].[localhost].[/member]          :168  [32m                  [0;39m Initializing Spring embedded WebApplicationContext
2025-05-06 18:39:31.868 INFO  o.s.b.w.s.c.ServletWebServerApplicationContext    :301  [32m                  [0;39m Root WebApplicationContext: initialization completed in 251 ms
2025-05-06 18:39:32.137 INFO  o.s.b.d.autoconfigure.OptionalLiveReloadServer    :59   [32m                  [0;39m LiveReload server is running on port 35729
2025-05-06 18:39:32.170 INFO  org.apache.coyote.http11.Http11NioProtocol        :168  [32m                  [0;39m Starting ProtocolHandler ["http-nio-8001"]
2025-05-06 18:39:32.172 INFO  o.s.boot.web.embedded.tomcat.TomcatWebServer      :243  [32m                  [0;39m Tomcat started on port 8001 (http) with context path '/member'
2025-05-06 18:39:32.184 INFO  com.jiawa.train.member.config.MemberApplication   :59   [32m                  [0;39m Started MemberApplication in 0.607 seconds (process running for 316.549)
2025-05-06 18:39:32.185 INFO  o.s.b.d.a.ConditionEvaluationDeltaLoggingListener :63   [32m                  [0;39m Condition evaluation unchanged
2025-05-06 18:39:32.186 INFO  com.jiawa.train.member.config.MemberApplication   :23   [32m                  [0;39m 启动成功!
2025-05-06 18:39:32.186 INFO  com.jiawa.train.member.config.MemberApplication   :24   [32m                  [0;39m 地址：	http://127.0.0.1:8001/test
2025-05-06 18:39:33.584 INFO  o.s.b.d.a.LocalDevToolsAutoConfiguration$RestartingClassPathChangeChangedEventListener:211  [32m                  [0;39m Restarting due to 1 class path change (1 addition, 0 deletions, 0 modifications)
2025-05-06 18:39:33.585 INFO  o.s.boot.web.embedded.tomcat.GracefulShutdown     :54   [32m                  [0;39m Commencing graceful shutdown. Waiting for active requests to complete
2025-05-06 18:39:33.587 INFO  org.apache.coyote.http11.Http11NioProtocol        :168  [32m                  [0;39m Pausing ProtocolHandler ["http-nio-8001"]
2025-05-06 18:39:33.600 INFO  o.s.boot.web.embedded.tomcat.GracefulShutdown     :76   [32m                  [0;39m Graceful shutdown complete
2025-05-06 18:39:33.600 INFO  org.apache.coyote.http11.Http11NioProtocol        :168  [32m                  [0;39m Stopping ProtocolHandler ["http-nio-8001"]
2025-05-06 18:39:33.664 INFO  com.jiawa.train.member.config.MemberApplication   :53   [32m                  [0;39m Starting MemberApplication using Java 21.0.2 with PID 24804 (E:\12306-train\train\member\target\classes started by user in E:\12306-train\train)
2025-05-06 18:39:33.664 INFO  com.jiawa.train.member.config.MemberApplication   :652  [32m                  [0;39m No active profile set, falling back to 1 default profile: "default"
2025-05-06 18:39:33.763 INFO  o.springframework.cloud.context.scope.GenericScope:282  [32m                  [0;39m BeanFactory id=3b9ffb75-e695-3722-986a-6dffd04c85a7
2025-05-06 18:39:33.815 INFO  o.s.boot.web.embedded.tomcat.TomcatWebServer      :111  [32m                  [0;39m Tomcat initialized with port 8001 (http)
2025-05-06 18:39:33.815 INFO  org.apache.coyote.http11.Http11NioProtocol        :168  [32m                  [0;39m Initializing ProtocolHandler ["http-nio-8001"]
2025-05-06 18:39:33.816 INFO  org.apache.catalina.core.StandardService          :168  [32m                  [0;39m Starting service [Tomcat]
2025-05-06 18:39:33.816 INFO  org.apache.catalina.core.StandardEngine           :168  [32m                  [0;39m Starting Servlet engine: [Apache Tomcat/10.1.40]
2025-05-06 18:39:33.839 INFO  o.a.c.c.C.[Tomcat].[localhost].[/member]          :168  [32m                  [0;39m Initializing Spring embedded WebApplicationContext
2025-05-06 18:39:33.840 INFO  o.s.b.w.s.c.ServletWebServerApplicationContext    :301  [32m                  [0;39m Root WebApplicationContext: initialization completed in 174 ms
2025-05-06 18:39:34.032 INFO  o.s.b.d.autoconfigure.OptionalLiveReloadServer    :59   [32m                  [0;39m LiveReload server is running on port 35729
2025-05-06 18:39:34.064 INFO  org.apache.coyote.http11.Http11NioProtocol        :168  [32m                  [0;39m Starting ProtocolHandler ["http-nio-8001"]
2025-05-06 18:39:34.067 INFO  o.s.boot.web.embedded.tomcat.TomcatWebServer      :243  [32m                  [0;39m Tomcat started on port 8001 (http) with context path '/member'
2025-05-06 18:39:34.078 INFO  com.jiawa.train.member.config.MemberApplication   :59   [32m                  [0;39m Started MemberApplication in 0.443 seconds (process running for 318.443)
2025-05-06 18:39:34.079 INFO  o.s.b.d.a.ConditionEvaluationDeltaLoggingListener :63   [32m                  [0;39m Condition evaluation unchanged
2025-05-06 18:39:34.079 INFO  com.jiawa.train.member.config.MemberApplication   :23   [32m                  [0;39m 启动成功!
2025-05-06 18:39:34.079 INFO  com.jiawa.train.member.config.MemberApplication   :24   [32m                  [0;39m 地址：	http://127.0.0.1:8001/test
2025-05-06 18:39:35.695 INFO  o.s.boot.web.embedded.tomcat.GracefulShutdown     :54   [32m                  [0;39m Commencing graceful shutdown. Waiting for active requests to complete
2025-05-06 18:39:35.711 INFO  o.s.boot.web.embedded.tomcat.GracefulShutdown     :76   [32m                  [0;39m Graceful shutdown complete
2025-05-06 19:52:52.310 INFO  com.jiawa.train.member.config.MemberApplication   :53   [32m                  [0;39m Starting MemberApplication using Java 21.0.2 with PID 19136 (E:\12306-train\train\member\target\classes started by user in E:\12306-train\train)
2025-05-06 19:52:52.311 INFO  com.jiawa.train.member.config.MemberApplication   :652  [32m                  [0;39m No active profile set, falling back to 1 default profile: "default"
2025-05-06 19:52:52.351 INFO  o.s.b.d.env.DevToolsPropertyDefaultsPostProcessor :252  [32m                  [0;39m Devtools property defaults active! Set 'spring.devtools.add-properties' to 'false' to disable
2025-05-06 19:52:52.351 INFO  o.s.b.d.env.DevToolsPropertyDefaultsPostProcessor :252  [32m                  [0;39m For additional web related logging consider setting the 'logging.level.web' property to 'DEBUG'
2025-05-06 19:52:52.891 INFO  o.springframework.cloud.context.scope.GenericScope:282  [32m                  [0;39m BeanFactory id=3b9ffb75-e695-3722-986a-6dffd04c85a7
2025-05-06 19:52:53.333 INFO  o.s.boot.web.embedded.tomcat.TomcatWebServer      :111  [32m                  [0;39m Tomcat initialized with port 8001 (http)
2025-05-06 19:52:53.345 INFO  org.apache.coyote.http11.Http11NioProtocol        :168  [32m                  [0;39m Initializing ProtocolHandler ["http-nio-8001"]
2025-05-06 19:52:53.346 INFO  org.apache.catalina.core.StandardService          :168  [32m                  [0;39m Starting service [Tomcat]
2025-05-06 19:52:53.347 INFO  org.apache.catalina.core.StandardEngine           :168  [32m                  [0;39m Starting Servlet engine: [Apache Tomcat/10.1.40]
2025-05-06 19:52:53.390 INFO  o.a.c.c.C.[Tomcat].[localhost].[/member]          :168  [32m                  [0;39m Initializing Spring embedded WebApplicationContext
2025-05-06 19:52:53.391 INFO  o.s.b.w.s.c.ServletWebServerApplicationContext    :301  [32m                  [0;39m Root WebApplicationContext: initialization completed in 1039 ms
2025-05-06 19:52:54.029 INFO  o.s.b.d.autoconfigure.OptionalLiveReloadServer    :59   [32m                  [0;39m LiveReload server is running on port 35729
2025-05-06 19:52:54.086 INFO  org.apache.coyote.http11.Http11NioProtocol        :168  [32m                  [0;39m Starting ProtocolHandler ["http-nio-8001"]
2025-05-06 19:52:54.100 INFO  o.s.boot.web.embedded.tomcat.TomcatWebServer      :243  [32m                  [0;39m Tomcat started on port 8001 (http) with context path '/member'
2025-05-06 19:52:54.116 INFO  com.jiawa.train.member.config.MemberApplication   :59   [32m                  [0;39m Started MemberApplication in 2.265 seconds (process running for 2.933)
2025-05-06 19:52:54.119 INFO  com.jiawa.train.member.config.MemberApplication   :23   [32m                  [0;39m 启动成功!
2025-05-06 19:52:54.119 INFO  com.jiawa.train.member.config.MemberApplication   :24   [32m                  [0;39m 地址：	http://127.0.0.1:8001/test
2025-05-06 19:53:12.667 INFO  o.a.c.c.C.[Tomcat].[localhost].[/member]          :168  [32m                  [0;39m Initializing Spring DispatcherServlet 'dispatcherServlet'
2025-05-06 19:53:12.667 INFO  org.springframework.web.servlet.DispatcherServlet :532  [32m                  [0;39m Initializing Servlet 'dispatcherServlet'
2025-05-06 19:53:12.668 INFO  org.springframework.web.servlet.DispatcherServlet :554  [32m                  [0;39m Completed initialization in 1 ms
2025-05-06 19:53:12.700 INFO  com.jiawa.train.common.aspect.LogAspect           :52   [32m1746532392696xt6  [0;39m ------------- 开始 -------------
2025-05-06 19:53:12.702 INFO  com.jiawa.train.common.aspect.LogAspect           :53   [32m1746532392696xt6  [0;39m 请求地址: http://127.0.0.1:8001/member/member/register POST
2025-05-06 19:53:12.702 INFO  com.jiawa.train.common.aspect.LogAspect           :54   [32m1746532392696xt6  [0;39m 类名方法: com.jiawa.train.member.controller.MemberController.register
2025-05-06 19:53:12.702 INFO  com.jiawa.train.common.aspect.LogAspect           :55   [32m1746532392696xt6  [0;39m 远程地址: 127.0.0.1
2025-05-06 19:53:12.805 INFO  com.jiawa.train.common.aspect.LogAspect           :83   [32m1746532392696xt6  [0;39m 请求参数: ["1234"]
2025-05-06 19:53:12.838 INFO  com.zaxxer.hikari.HikariDataSource                :109  [32m1746532392696xt6  [0;39m HikariPool-1 - Starting...
2025-05-06 19:53:13.104 INFO  com.zaxxer.hikari.pool.HikariPool                 :554  [32m1746532392696xt6  [0;39m HikariPool-1 - Added connection com.mysql.cj.jdbc.ConnectionImpl@780e7e8
2025-05-06 19:53:13.105 INFO  com.zaxxer.hikari.HikariDataSource                :122  [32m1746532392696xt6  [0;39m HikariPool-1 - Start completed.
2025-05-06 19:53:13.110 DEBUG c.j.t.member.mapper.MemberMapper.selectByExample  :135  [32m1746532392696xt6  [0;39m ==>  Preparing: select id, mobile from member WHERE ( mobile = ? )
2025-05-06 19:53:13.127 DEBUG c.j.t.member.mapper.MemberMapper.selectByExample  :135  [32m1746532392696xt6  [0;39m ==> Parameters: 1234(String)
2025-05-06 19:53:13.144 TRACE c.j.t.member.mapper.MemberMapper.selectByExample  :141  [32m1746532392696xt6  [0;39m <==    Columns: id, mobile
2025-05-06 19:53:13.144 TRACE c.j.t.member.mapper.MemberMapper.selectByExample  :141  [32m1746532392696xt6  [0;39m <==        Row: 1746527836041, 1234
2025-05-06 19:53:13.145 DEBUG c.j.t.member.mapper.MemberMapper.selectByExample  :135  [32m1746532392696xt6  [0;39m <==      Total: 1
2025-05-06 19:53:13.153 ERROR o.a.c.c.C.[.[.[/member].[dispatcherServlet]       :170  [32m1746532392696xt6  [0;39m Servlet.service() for servlet [dispatcherServlet] in context with path [/member] threw exception [Request processing failed: java.lang.RuntimeException: the mobile phone has been created!] with root cause
java.lang.RuntimeException: the mobile phone has been created!
	at com.jiawa.train.member.service.MemberService.register(MemberService.java:27)
	at com.jiawa.train.member.controller.MemberController.register(MemberController.java:22)
	at java.base/jdk.internal.reflect.DirectMethodHandleAccessor.invoke(DirectMethodHandleAccessor.java:103)
	at java.base/java.lang.reflect.Method.invoke(Method.java:580)
	at org.springframework.aop.support.AopUtils.invokeJoinpointUsingReflection(AopUtils.java:359)
	at org.springframework.aop.framework.ReflectiveMethodInvocation.invokeJoinpoint(ReflectiveMethodInvocation.java:196)
	at org.springframework.aop.framework.ReflectiveMethodInvocation.proceed(ReflectiveMethodInvocation.java:163)
	at org.springframework.aop.framework.adapter.MethodBeforeAdviceInterceptor.invoke(MethodBeforeAdviceInterceptor.java:58)
	at org.springframework.aop.framework.ReflectiveMethodInvocation.proceed(ReflectiveMethodInvocation.java:184)
	at org.springframework.aop.aspectj.MethodInvocationProceedingJoinPoint.proceed(MethodInvocationProceedingJoinPoint.java:89)
	at com.jiawa.train.common.aspect.LogAspect.doAround(LogAspect.java:94)
	at java.base/jdk.internal.reflect.DirectMethodHandleAccessor.invoke(DirectMethodHandleAccessor.java:103)
	at java.base/java.lang.reflect.Method.invoke(Method.java:580)
	at org.springframework.aop.aspectj.AbstractAspectJAdvice.invokeAdviceMethodWithGivenArgs(AbstractAspectJAdvice.java:642)
	at org.springframework.aop.aspectj.AbstractAspectJAdvice.invokeAdviceMethod(AbstractAspectJAdvice.java:632)
	at org.springframework.aop.aspectj.AspectJAroundAdvice.invoke(AspectJAroundAdvice.java:71)
	at org.springframework.aop.framework.ReflectiveMethodInvocation.proceed(ReflectiveMethodInvocation.java:184)
	at org.springframework.aop.interceptor.ExposeInvocationInterceptor.invoke(ExposeInvocationInterceptor.java:97)
	at org.springframework.aop.framework.ReflectiveMethodInvocation.proceed(ReflectiveMethodInvocation.java:184)
	at org.springframework.aop.framework.CglibAopProxy$DynamicAdvisedInterceptor.intercept(CglibAopProxy.java:728)
	at com.jiawa.train.member.controller.MemberController$$SpringCGLIB$$0.register(<generated>)
	at java.base/jdk.internal.reflect.DirectMethodHandleAccessor.invoke(DirectMethodHandleAccessor.java:103)
	at java.base/java.lang.reflect.Method.invoke(Method.java:580)
	at org.springframework.web.method.support.InvocableHandlerMethod.doInvoke(InvocableHandlerMethod.java:258)
	at org.springframework.web.method.support.InvocableHandlerMethod.invokeForRequest(InvocableHandlerMethod.java:191)
	at org.springframework.web.servlet.mvc.method.annotation.ServletInvocableHandlerMethod.invokeAndHandle(ServletInvocableHandlerMethod.java:118)
	at org.springframework.web.servlet.mvc.method.annotation.RequestMappingHandlerAdapter.invokeHandlerMethod(RequestMappingHandlerAdapter.java:986)
	at org.springframework.web.servlet.mvc.method.annotation.RequestMappingHandlerAdapter.handleInternal(RequestMappingHandlerAdapter.java:891)
	at org.springframework.web.servlet.mvc.method.AbstractHandlerMethodAdapter.handle(AbstractHandlerMethodAdapter.java:87)
	at org.springframework.web.servlet.DispatcherServlet.doDispatch(DispatcherServlet.java:1089)
	at org.springframework.web.servlet.DispatcherServlet.doService(DispatcherServlet.java:979)
	at org.springframework.web.servlet.FrameworkServlet.processRequest(FrameworkServlet.java:1014)
	at org.springframework.web.servlet.FrameworkServlet.doPost(FrameworkServlet.java:914)
	at jakarta.servlet.http.HttpServlet.service(HttpServlet.java:590)
	at org.springframework.web.servlet.FrameworkServlet.service(FrameworkServlet.java:885)
	at jakarta.servlet.http.HttpServlet.service(HttpServlet.java:658)
	at org.apache.catalina.core.ApplicationFilterChain.internalDoFilter(ApplicationFilterChain.java:195)
	at org.apache.catalina.core.ApplicationFilterChain.doFilter(ApplicationFilterChain.java:140)
	at org.apache.tomcat.websocket.server.WsFilter.doFilter(WsFilter.java:51)
	at org.apache.catalina.core.ApplicationFilterChain.internalDoFilter(ApplicationFilterChain.java:164)
	at org.apache.catalina.core.ApplicationFilterChain.doFilter(ApplicationFilterChain.java:140)
	at org.springframework.web.filter.RequestContextFilter.doFilterInternal(RequestContextFilter.java:100)
	at org.springframework.web.filter.OncePerRequestFilter.doFilter(OncePerRequestFilter.java:116)
	at org.apache.catalina.core.ApplicationFilterChain.internalDoFilter(ApplicationFilterChain.java:164)
	at org.apache.catalina.core.ApplicationFilterChain.doFilter(ApplicationFilterChain.java:140)
	at org.springframework.web.filter.FormContentFilter.doFilterInternal(FormContentFilter.java:93)
	at org.springframework.web.filter.OncePerRequestFilter.doFilter(OncePerRequestFilter.java:116)
	at org.apache.catalina.core.ApplicationFilterChain.internalDoFilter(ApplicationFilterChain.java:164)
	at org.apache.catalina.core.ApplicationFilterChain.doFilter(ApplicationFilterChain.java:140)
	at org.springframework.web.filter.CharacterEncodingFilter.doFilterInternal(CharacterEncodingFilter.java:201)
	at org.springframework.web.filter.OncePerRequestFilter.doFilter(OncePerRequestFilter.java:116)
	at org.apache.catalina.core.ApplicationFilterChain.internalDoFilter(ApplicationFilterChain.java:164)
	at org.apache.catalina.core.ApplicationFilterChain.doFilter(ApplicationFilterChain.java:140)
	at org.apache.catalina.core.StandardWrapperValve.invoke(StandardWrapperValve.java:167)
	at org.apache.catalina.core.StandardContextValve.invoke(StandardContextValve.java:90)
	at org.apache.catalina.authenticator.AuthenticatorBase.invoke(AuthenticatorBase.java:483)
	at org.apache.catalina.core.StandardHostValve.invoke(StandardHostValve.java:116)
	at org.apache.catalina.valves.ErrorReportValve.invoke(ErrorReportValve.java:93)
	at org.apache.catalina.core.StandardEngineValve.invoke(StandardEngineValve.java:74)
	at org.apache.catalina.connector.CoyoteAdapter.service(CoyoteAdapter.java:344)
	at org.apache.coyote.http11.Http11Processor.service(Http11Processor.java:398)
	at org.apache.coyote.AbstractProcessorLight.process(AbstractProcessorLight.java:63)
	at org.apache.coyote.AbstractProtocol$ConnectionHandler.process(AbstractProtocol.java:903)
	at org.apache.tomcat.util.net.NioEndpoint$SocketProcessor.doRun(NioEndpoint.java:1740)
	at org.apache.tomcat.util.net.SocketProcessorBase.run(SocketProcessorBase.java:52)
	at org.apache.tomcat.util.threads.ThreadPoolExecutor.runWorker(ThreadPoolExecutor.java:1189)
	at org.apache.tomcat.util.threads.ThreadPoolExecutor$Worker.run(ThreadPoolExecutor.java:658)
	at org.apache.tomcat.util.threads.TaskThread$WrappingRunnable.run(TaskThread.java:63)
	at java.base/java.lang.Thread.run(Thread.java:1583)
2025-05-06 20:00:39.641 INFO  o.s.b.d.a.LocalDevToolsAutoConfiguration$RestartingClassPathChangeChangedEventListener:211  [32m                  [0;39m Restarting due to 1 class path change (1 addition, 0 deletions, 0 modifications)
2025-05-06 20:00:39.643 INFO  o.s.boot.web.embedded.tomcat.GracefulShutdown     :54   [32m                  [0;39m Commencing graceful shutdown. Waiting for active requests to complete
2025-05-06 20:00:39.644 INFO  org.apache.coyote.http11.Http11NioProtocol        :168  [32m                  [0;39m Pausing ProtocolHandler ["http-nio-8001"]
2025-05-06 20:00:39.660 INFO  o.s.boot.web.embedded.tomcat.GracefulShutdown     :76   [32m                  [0;39m Graceful shutdown complete
2025-05-06 20:00:39.660 INFO  org.apache.coyote.http11.Http11NioProtocol        :168  [32m                  [0;39m Stopping ProtocolHandler ["http-nio-8001"]
2025-05-06 20:00:39.664 INFO  com.zaxxer.hikari.HikariDataSource                :349  [32m                  [0;39m HikariPool-1 - Shutdown initiated...
2025-05-06 20:00:39.671 INFO  com.zaxxer.hikari.HikariDataSource                :351  [32m                  [0;39m HikariPool-1 - Shutdown completed.
2025-05-06 20:00:39.746 INFO  com.jiawa.train.member.config.MemberApplication   :53   [32m                  [0;39m Starting MemberApplication using Java 21.0.2 with PID 19136 (E:\12306-train\train\member\target\classes started by user in E:\12306-train\train)
2025-05-06 20:00:39.746 INFO  com.jiawa.train.member.config.MemberApplication   :652  [32m                  [0;39m No active profile set, falling back to 1 default profile: "default"
2025-05-06 20:00:39.882 INFO  o.springframework.cloud.context.scope.GenericScope:282  [32m                  [0;39m BeanFactory id=3b9ffb75-e695-3722-986a-6dffd04c85a7
2025-05-06 20:00:39.952 INFO  o.s.boot.web.embedded.tomcat.TomcatWebServer      :111  [32m                  [0;39m Tomcat initialized with port 8001 (http)
2025-05-06 20:00:39.955 INFO  org.apache.coyote.http11.Http11NioProtocol        :168  [32m                  [0;39m Initializing ProtocolHandler ["http-nio-8001"]
2025-05-06 20:00:39.955 INFO  org.apache.catalina.core.StandardService          :168  [32m                  [0;39m Starting service [Tomcat]
2025-05-06 20:00:39.955 INFO  org.apache.catalina.core.StandardEngine           :168  [32m                  [0;39m Starting Servlet engine: [Apache Tomcat/10.1.40]
2025-05-06 20:00:39.974 INFO  o.a.c.c.C.[Tomcat].[localhost].[/member]          :168  [32m                  [0;39m Initializing Spring embedded WebApplicationContext
2025-05-06 20:00:39.974 INFO  o.s.b.w.s.c.ServletWebServerApplicationContext    :301  [32m                  [0;39m Root WebApplicationContext: initialization completed in 226 ms
2025-05-06 20:00:40.176 INFO  o.s.b.d.autoconfigure.OptionalLiveReloadServer    :59   [32m                  [0;39m LiveReload server is running on port 35729
2025-05-06 20:00:40.209 INFO  org.apache.coyote.http11.Http11NioProtocol        :168  [32m                  [0;39m Starting ProtocolHandler ["http-nio-8001"]
2025-05-06 20:00:40.211 INFO  o.s.boot.web.embedded.tomcat.TomcatWebServer      :243  [32m                  [0;39m Tomcat started on port 8001 (http) with context path '/member'
2025-05-06 20:00:40.222 INFO  com.jiawa.train.member.config.MemberApplication   :59   [32m                  [0;39m Started MemberApplication in 0.513 seconds (process running for 469.039)
2025-05-06 20:00:40.224 INFO  o.s.b.d.a.ConditionEvaluationDeltaLoggingListener :63   [32m                  [0;39m Condition evaluation unchanged
2025-05-06 20:00:40.224 INFO  com.jiawa.train.member.config.MemberApplication   :23   [32m                  [0;39m 启动成功!
2025-05-06 20:00:40.224 INFO  com.jiawa.train.member.config.MemberApplication   :24   [32m                  [0;39m 地址：	http://127.0.0.1:8001/test
2025-05-06 20:01:18.127 INFO  o.s.b.d.a.LocalDevToolsAutoConfiguration$RestartingClassPathChangeChangedEventListener:211  [32m                  [0;39m Restarting due to 1 class path change (0 additions, 1 deletion, 0 modifications)
2025-05-06 20:01:18.129 INFO  o.s.boot.web.embedded.tomcat.GracefulShutdown     :54   [32m                  [0;39m Commencing graceful shutdown. Waiting for active requests to complete
2025-05-06 20:01:18.131 INFO  org.apache.coyote.http11.Http11NioProtocol        :168  [32m                  [0;39m Pausing ProtocolHandler ["http-nio-8001"]
2025-05-06 20:01:18.145 INFO  o.s.boot.web.embedded.tomcat.GracefulShutdown     :76   [32m                  [0;39m Graceful shutdown complete
2025-05-06 20:01:18.146 INFO  org.apache.coyote.http11.Http11NioProtocol        :168  [32m                  [0;39m Stopping ProtocolHandler ["http-nio-8001"]
2025-05-06 20:01:18.230 INFO  com.jiawa.train.member.config.MemberApplication   :53   [32m                  [0;39m Starting MemberApplication using Java 21.0.2 with PID 19136 (E:\12306-train\train\member\target\classes started by user in E:\12306-train\train)
2025-05-06 20:01:18.230 INFO  com.jiawa.train.member.config.MemberApplication   :652  [32m                  [0;39m No active profile set, falling back to 1 default profile: "default"
2025-05-06 20:01:18.349 INFO  o.springframework.cloud.context.scope.GenericScope:282  [32m                  [0;39m BeanFactory id=3b9ffb75-e695-3722-986a-6dffd04c85a7
2025-05-06 20:01:18.409 INFO  o.s.boot.web.embedded.tomcat.TomcatWebServer      :111  [32m                  [0;39m Tomcat initialized with port 8001 (http)
2025-05-06 20:01:18.410 INFO  org.apache.coyote.http11.Http11NioProtocol        :168  [32m                  [0;39m Initializing ProtocolHandler ["http-nio-8001"]
2025-05-06 20:01:18.410 INFO  org.apache.catalina.core.StandardService          :168  [32m                  [0;39m Starting service [Tomcat]
2025-05-06 20:01:18.410 INFO  org.apache.catalina.core.StandardEngine           :168  [32m                  [0;39m Starting Servlet engine: [Apache Tomcat/10.1.40]
2025-05-06 20:01:18.437 INFO  o.a.c.c.C.[Tomcat].[localhost].[/member]          :168  [32m                  [0;39m Initializing Spring embedded WebApplicationContext
2025-05-06 20:01:18.437 INFO  o.s.b.w.s.c.ServletWebServerApplicationContext    :301  [32m                  [0;39m Root WebApplicationContext: initialization completed in 206 ms
2025-05-06 20:01:18.642 INFO  o.s.b.d.autoconfigure.OptionalLiveReloadServer    :59   [32m                  [0;39m LiveReload server is running on port 35729
2025-05-06 20:01:18.673 INFO  org.apache.coyote.http11.Http11NioProtocol        :168  [32m                  [0;39m Starting ProtocolHandler ["http-nio-8001"]
2025-05-06 20:01:18.677 INFO  o.s.boot.web.embedded.tomcat.TomcatWebServer      :243  [32m                  [0;39m Tomcat started on port 8001 (http) with context path '/member'
2025-05-06 20:01:18.689 INFO  com.jiawa.train.member.config.MemberApplication   :59   [32m                  [0;39m Started MemberApplication in 0.502 seconds (process running for 507.506)
2025-05-06 20:01:18.690 INFO  o.s.b.d.a.ConditionEvaluationDeltaLoggingListener :63   [32m                  [0;39m Condition evaluation unchanged
2025-05-06 20:01:18.691 INFO  com.jiawa.train.member.config.MemberApplication   :23   [32m                  [0;39m 启动成功!
2025-05-06 20:01:18.691 INFO  com.jiawa.train.member.config.MemberApplication   :24   [32m                  [0;39m 地址：	http://127.0.0.1:8001/test
2025-05-06 20:01:20.067 INFO  o.s.b.d.a.LocalDevToolsAutoConfiguration$RestartingClassPathChangeChangedEventListener:211  [32m                  [0;39m Restarting due to 1 class path change (1 addition, 0 deletions, 0 modifications)
2025-05-06 20:01:20.068 INFO  o.s.boot.web.embedded.tomcat.GracefulShutdown     :54   [32m                  [0;39m Commencing graceful shutdown. Waiting for active requests to complete
2025-05-06 20:01:20.068 INFO  org.apache.coyote.http11.Http11NioProtocol        :168  [32m                  [0;39m Pausing ProtocolHandler ["http-nio-8001"]
2025-05-06 20:01:20.079 INFO  o.s.boot.web.embedded.tomcat.GracefulShutdown     :76   [32m                  [0;39m Graceful shutdown complete
2025-05-06 20:01:20.079 INFO  org.apache.coyote.http11.Http11NioProtocol        :168  [32m                  [0;39m Stopping ProtocolHandler ["http-nio-8001"]
2025-05-06 20:01:20.141 INFO  com.jiawa.train.member.config.MemberApplication   :53   [32m                  [0;39m Starting MemberApplication using Java 21.0.2 with PID 19136 (E:\12306-train\train\member\target\classes started by user in E:\12306-train\train)
2025-05-06 20:01:20.142 INFO  com.jiawa.train.member.config.MemberApplication   :652  [32m                  [0;39m No active profile set, falling back to 1 default profile: "default"
2025-05-06 20:01:20.239 INFO  o.springframework.cloud.context.scope.GenericScope:282  [32m                  [0;39m BeanFactory id=3b9ffb75-e695-3722-986a-6dffd04c85a7
2025-05-06 20:01:20.282 INFO  o.s.boot.web.embedded.tomcat.TomcatWebServer      :111  [32m                  [0;39m Tomcat initialized with port 8001 (http)
2025-05-06 20:01:20.282 INFO  org.apache.coyote.http11.Http11NioProtocol        :168  [32m                  [0;39m Initializing ProtocolHandler ["http-nio-8001"]
2025-05-06 20:01:20.282 INFO  org.apache.catalina.core.StandardService          :168  [32m                  [0;39m Starting service [Tomcat]
2025-05-06 20:01:20.282 INFO  org.apache.catalina.core.StandardEngine           :168  [32m                  [0;39m Starting Servlet engine: [Apache Tomcat/10.1.40]
2025-05-06 20:01:20.321 INFO  o.a.c.c.C.[Tomcat].[localhost].[/member]          :168  [32m                  [0;39m Initializing Spring embedded WebApplicationContext
2025-05-06 20:01:20.321 INFO  o.s.b.w.s.c.ServletWebServerApplicationContext    :301  [32m                  [0;39m Root WebApplicationContext: initialization completed in 178 ms
2025-05-06 20:01:20.494 INFO  o.s.b.d.autoconfigure.OptionalLiveReloadServer    :59   [32m                  [0;39m LiveReload server is running on port 35729
2025-05-06 20:01:20.527 INFO  org.apache.coyote.http11.Http11NioProtocol        :168  [32m                  [0;39m Starting ProtocolHandler ["http-nio-8001"]
2025-05-06 20:01:20.529 INFO  o.s.boot.web.embedded.tomcat.TomcatWebServer      :243  [32m                  [0;39m Tomcat started on port 8001 (http) with context path '/member'
2025-05-06 20:01:20.538 INFO  com.jiawa.train.member.config.MemberApplication   :59   [32m                  [0;39m Started MemberApplication in 0.426 seconds (process running for 509.355)
2025-05-06 20:01:20.539 INFO  o.s.b.d.a.ConditionEvaluationDeltaLoggingListener :63   [32m                  [0;39m Condition evaluation unchanged
2025-05-06 20:01:20.539 INFO  com.jiawa.train.member.config.MemberApplication   :23   [32m                  [0;39m 启动成功!
2025-05-06 20:01:20.539 INFO  com.jiawa.train.member.config.MemberApplication   :24   [32m                  [0;39m 地址：	http://127.0.0.1:8001/test
2025-05-06 20:03:19.296 INFO  o.s.b.d.a.LocalDevToolsAutoConfiguration$RestartingClassPathChangeChangedEventListener:211  [32m                  [0;39m Restarting due to 2 class path changes (0 additions, 0 deletions, 2 modifications)
2025-05-06 20:03:19.297 INFO  o.s.boot.web.embedded.tomcat.GracefulShutdown     :54   [32m                  [0;39m Commencing graceful shutdown. Waiting for active requests to complete
2025-05-06 20:03:19.297 INFO  org.apache.coyote.http11.Http11NioProtocol        :168  [32m                  [0;39m Pausing ProtocolHandler ["http-nio-8001"]
2025-05-06 20:03:19.312 INFO  o.s.boot.web.embedded.tomcat.GracefulShutdown     :76   [32m                  [0;39m Graceful shutdown complete
2025-05-06 20:03:19.312 INFO  org.apache.coyote.http11.Http11NioProtocol        :168  [32m                  [0;39m Stopping ProtocolHandler ["http-nio-8001"]
2025-05-06 20:03:19.381 INFO  com.jiawa.train.member.config.MemberApplication   :53   [32m                  [0;39m Starting MemberApplication using Java 21.0.2 with PID 19136 (E:\12306-train\train\member\target\classes started by user in E:\12306-train\train)
2025-05-06 20:03:19.382 INFO  com.jiawa.train.member.config.MemberApplication   :652  [32m                  [0;39m No active profile set, falling back to 1 default profile: "default"
2025-05-06 20:03:19.484 INFO  o.springframework.cloud.context.scope.GenericScope:282  [32m                  [0;39m BeanFactory id=3b9ffb75-e695-3722-986a-6dffd04c85a7
2025-05-06 20:03:19.527 INFO  o.s.boot.web.embedded.tomcat.TomcatWebServer      :111  [32m                  [0;39m Tomcat initialized with port 8001 (http)
2025-05-06 20:03:19.527 INFO  org.apache.coyote.http11.Http11NioProtocol        :168  [32m                  [0;39m Initializing ProtocolHandler ["http-nio-8001"]
2025-05-06 20:03:19.527 INFO  org.apache.catalina.core.StandardService          :168  [32m                  [0;39m Starting service [Tomcat]
2025-05-06 20:03:19.528 INFO  org.apache.catalina.core.StandardEngine           :168  [32m                  [0;39m Starting Servlet engine: [Apache Tomcat/10.1.40]
2025-05-06 20:03:19.547 INFO  o.a.c.c.C.[Tomcat].[localhost].[/member]          :168  [32m                  [0;39m Initializing Spring embedded WebApplicationContext
2025-05-06 20:03:19.548 INFO  o.s.b.w.s.c.ServletWebServerApplicationContext    :301  [32m                  [0;39m Root WebApplicationContext: initialization completed in 165 ms
2025-05-06 20:03:19.695 INFO  o.s.b.d.autoconfigure.OptionalLiveReloadServer    :59   [32m                  [0;39m LiveReload server is running on port 35729
2025-05-06 20:03:19.719 INFO  org.apache.coyote.http11.Http11NioProtocol        :168  [32m                  [0;39m Starting ProtocolHandler ["http-nio-8001"]
2025-05-06 20:03:19.721 INFO  o.s.boot.web.embedded.tomcat.TomcatWebServer      :243  [32m                  [0;39m Tomcat started on port 8001 (http) with context path '/member'
2025-05-06 20:03:19.733 INFO  com.jiawa.train.member.config.MemberApplication   :59   [32m                  [0;39m Started MemberApplication in 0.389 seconds (process running for 628.549)
2025-05-06 20:03:19.733 INFO  o.s.b.d.a.ConditionEvaluationDeltaLoggingListener :63   [32m                  [0;39m Condition evaluation unchanged
2025-05-06 20:03:19.734 INFO  com.jiawa.train.member.config.MemberApplication   :23   [32m                  [0;39m 启动成功!
2025-05-06 20:03:19.734 INFO  com.jiawa.train.member.config.MemberApplication   :24   [32m                  [0;39m 地址：	http://127.0.0.1:8001/test
2025-05-06 20:03:44.937 INFO  o.a.c.c.C.[Tomcat].[localhost].[/member]          :168  [32m                  [0;39m Initializing Spring DispatcherServlet 'dispatcherServlet'
2025-05-06 20:03:44.937 INFO  org.springframework.web.servlet.DispatcherServlet :532  [32m                  [0;39m Initializing Servlet 'dispatcherServlet'
2025-05-06 20:03:44.938 INFO  org.springframework.web.servlet.DispatcherServlet :554  [32m                  [0;39m Completed initialization in 1 ms
2025-05-06 20:03:44.944 INFO  com.jiawa.train.common.aspect.LogAspect           :52   [32m1746533024943ece  [0;39m ------------- 开始 -------------
2025-05-06 20:03:44.944 INFO  com.jiawa.train.common.aspect.LogAspect           :53   [32m1746533024943ece  [0;39m 请求地址: http://127.0.0.1:8001/member/member/register POST
2025-05-06 20:03:44.945 INFO  com.jiawa.train.common.aspect.LogAspect           :54   [32m1746533024943ece  [0;39m 类名方法: com.jiawa.train.member.controller.MemberController.register
2025-05-06 20:03:44.945 INFO  com.jiawa.train.common.aspect.LogAspect           :55   [32m1746533024943ece  [0;39m 远程地址: 127.0.0.1
2025-05-06 20:03:44.949 INFO  com.jiawa.train.common.aspect.LogAspect           :83   [32m1746533024943ece  [0;39m 请求参数: [{}]
2025-05-06 20:03:44.951 INFO  com.zaxxer.hikari.HikariDataSource                :109  [32m1746533024943ece  [0;39m HikariPool-2 - Starting...
2025-05-06 20:03:44.987 INFO  com.zaxxer.hikari.pool.HikariPool                 :554  [32m1746533024943ece  [0;39m HikariPool-2 - Added connection com.mysql.cj.jdbc.ConnectionImpl@71500b6c
2025-05-06 20:03:44.988 INFO  com.zaxxer.hikari.HikariDataSource                :122  [32m1746533024943ece  [0;39m HikariPool-2 - Start completed.
2025-05-06 20:03:44.988 DEBUG c.j.t.member.mapper.MemberMapper.selectByExample  :135  [32m1746533024943ece  [0;39m ==>  Preparing: select id, mobile from member WHERE ( mobile = ? )
2025-05-06 20:03:44.988 DEBUG c.j.t.member.mapper.MemberMapper.selectByExample  :135  [32m1746533024943ece  [0;39m ==> Parameters: 1234(String)
2025-05-06 20:03:44.990 TRACE c.j.t.member.mapper.MemberMapper.selectByExample  :141  [32m1746533024943ece  [0;39m <==    Columns: id, mobile
2025-05-06 20:03:44.991 TRACE c.j.t.member.mapper.MemberMapper.selectByExample  :141  [32m1746533024943ece  [0;39m <==        Row: 1746527836041, 1234
2025-05-06 20:03:44.991 DEBUG c.j.t.member.mapper.MemberMapper.selectByExample  :135  [32m1746533024943ece  [0;39m <==      Total: 1
2025-05-06 20:03:44.992 ERROR o.a.c.c.C.[.[.[/member].[dispatcherServlet]       :170  [32m1746533024943ece  [0;39m Servlet.service() for servlet [dispatcherServlet] in context with path [/member] threw exception [Request processing failed: java.lang.RuntimeException: the mobile phone has been created!] with root cause
java.lang.RuntimeException: the mobile phone has been created!
	at com.jiawa.train.member.service.MemberService.register(MemberService.java:29)
	at com.jiawa.train.member.controller.MemberController.register(MemberController.java:23)
	at java.base/jdk.internal.reflect.DirectMethodHandleAccessor.invoke(DirectMethodHandleAccessor.java:103)
	at java.base/java.lang.reflect.Method.invoke(Method.java:580)
	at org.springframework.aop.support.AopUtils.invokeJoinpointUsingReflection(AopUtils.java:359)
	at org.springframework.aop.framework.ReflectiveMethodInvocation.invokeJoinpoint(ReflectiveMethodInvocation.java:196)
	at org.springframework.aop.framework.ReflectiveMethodInvocation.proceed(ReflectiveMethodInvocation.java:163)
	at org.springframework.aop.framework.adapter.MethodBeforeAdviceInterceptor.invoke(MethodBeforeAdviceInterceptor.java:58)
	at org.springframework.aop.framework.ReflectiveMethodInvocation.proceed(ReflectiveMethodInvocation.java:184)
	at org.springframework.aop.aspectj.MethodInvocationProceedingJoinPoint.proceed(MethodInvocationProceedingJoinPoint.java:89)
	at com.jiawa.train.common.aspect.LogAspect.doAround(LogAspect.java:94)
	at java.base/jdk.internal.reflect.DirectMethodHandleAccessor.invoke(DirectMethodHandleAccessor.java:103)
	at java.base/java.lang.reflect.Method.invoke(Method.java:580)
	at org.springframework.aop.aspectj.AbstractAspectJAdvice.invokeAdviceMethodWithGivenArgs(AbstractAspectJAdvice.java:642)
	at org.springframework.aop.aspectj.AbstractAspectJAdvice.invokeAdviceMethod(AbstractAspectJAdvice.java:632)
	at org.springframework.aop.aspectj.AspectJAroundAdvice.invoke(AspectJAroundAdvice.java:71)
	at org.springframework.aop.framework.ReflectiveMethodInvocation.proceed(ReflectiveMethodInvocation.java:184)
	at org.springframework.aop.interceptor.ExposeInvocationInterceptor.invoke(ExposeInvocationInterceptor.java:97)
	at org.springframework.aop.framework.ReflectiveMethodInvocation.proceed(ReflectiveMethodInvocation.java:184)
	at org.springframework.aop.framework.CglibAopProxy$DynamicAdvisedInterceptor.intercept(CglibAopProxy.java:728)
	at com.jiawa.train.member.controller.MemberController$$SpringCGLIB$$0.register(<generated>)
	at java.base/jdk.internal.reflect.DirectMethodHandleAccessor.invoke(DirectMethodHandleAccessor.java:103)
	at java.base/java.lang.reflect.Method.invoke(Method.java:580)
	at org.springframework.web.method.support.InvocableHandlerMethod.doInvoke(InvocableHandlerMethod.java:258)
	at org.springframework.web.method.support.InvocableHandlerMethod.invokeForRequest(InvocableHandlerMethod.java:191)
	at org.springframework.web.servlet.mvc.method.annotation.ServletInvocableHandlerMethod.invokeAndHandle(ServletInvocableHandlerMethod.java:118)
	at org.springframework.web.servlet.mvc.method.annotation.RequestMappingHandlerAdapter.invokeHandlerMethod(RequestMappingHandlerAdapter.java:986)
	at org.springframework.web.servlet.mvc.method.annotation.RequestMappingHandlerAdapter.handleInternal(RequestMappingHandlerAdapter.java:891)
	at org.springframework.web.servlet.mvc.method.AbstractHandlerMethodAdapter.handle(AbstractHandlerMethodAdapter.java:87)
	at org.springframework.web.servlet.DispatcherServlet.doDispatch(DispatcherServlet.java:1089)
	at org.springframework.web.servlet.DispatcherServlet.doService(DispatcherServlet.java:979)
	at org.springframework.web.servlet.FrameworkServlet.processRequest(FrameworkServlet.java:1014)
	at org.springframework.web.servlet.FrameworkServlet.doPost(FrameworkServlet.java:914)
	at jakarta.servlet.http.HttpServlet.service(HttpServlet.java:590)
	at org.springframework.web.servlet.FrameworkServlet.service(FrameworkServlet.java:885)
	at jakarta.servlet.http.HttpServlet.service(HttpServlet.java:658)
	at org.apache.catalina.core.ApplicationFilterChain.internalDoFilter(ApplicationFilterChain.java:195)
	at org.apache.catalina.core.ApplicationFilterChain.doFilter(ApplicationFilterChain.java:140)
	at org.apache.tomcat.websocket.server.WsFilter.doFilter(WsFilter.java:51)
	at org.apache.catalina.core.ApplicationFilterChain.internalDoFilter(ApplicationFilterChain.java:164)
	at org.apache.catalina.core.ApplicationFilterChain.doFilter(ApplicationFilterChain.java:140)
	at org.springframework.web.filter.RequestContextFilter.doFilterInternal(RequestContextFilter.java:100)
	at org.springframework.web.filter.OncePerRequestFilter.doFilter(OncePerRequestFilter.java:116)
	at org.apache.catalina.core.ApplicationFilterChain.internalDoFilter(ApplicationFilterChain.java:164)
	at org.apache.catalina.core.ApplicationFilterChain.doFilter(ApplicationFilterChain.java:140)
	at org.springframework.web.filter.FormContentFilter.doFilterInternal(FormContentFilter.java:93)
	at org.springframework.web.filter.OncePerRequestFilter.doFilter(OncePerRequestFilter.java:116)
	at org.apache.catalina.core.ApplicationFilterChain.internalDoFilter(ApplicationFilterChain.java:164)
	at org.apache.catalina.core.ApplicationFilterChain.doFilter(ApplicationFilterChain.java:140)
	at org.springframework.web.filter.CharacterEncodingFilter.doFilterInternal(CharacterEncodingFilter.java:201)
	at org.springframework.web.filter.OncePerRequestFilter.doFilter(OncePerRequestFilter.java:116)
	at org.apache.catalina.core.ApplicationFilterChain.internalDoFilter(ApplicationFilterChain.java:164)
	at org.apache.catalina.core.ApplicationFilterChain.doFilter(ApplicationFilterChain.java:140)
	at org.apache.catalina.core.StandardWrapperValve.invoke(StandardWrapperValve.java:167)
	at org.apache.catalina.core.StandardContextValve.invoke(StandardContextValve.java:90)
	at org.apache.catalina.authenticator.AuthenticatorBase.invoke(AuthenticatorBase.java:483)
	at org.apache.catalina.core.StandardHostValve.invoke(StandardHostValve.java:116)
	at org.apache.catalina.valves.ErrorReportValve.invoke(ErrorReportValve.java:93)
	at org.apache.catalina.core.StandardEngineValve.invoke(StandardEngineValve.java:74)
	at org.apache.catalina.connector.CoyoteAdapter.service(CoyoteAdapter.java:344)
	at org.apache.coyote.http11.Http11Processor.service(Http11Processor.java:398)
	at org.apache.coyote.AbstractProcessorLight.process(AbstractProcessorLight.java:63)
	at org.apache.coyote.AbstractProtocol$ConnectionHandler.process(AbstractProtocol.java:903)
	at org.apache.tomcat.util.net.NioEndpoint$SocketProcessor.doRun(NioEndpoint.java:1740)
	at org.apache.tomcat.util.net.SocketProcessorBase.run(SocketProcessorBase.java:52)
	at org.apache.tomcat.util.threads.ThreadPoolExecutor.runWorker(ThreadPoolExecutor.java:1189)
	at org.apache.tomcat.util.threads.ThreadPoolExecutor$Worker.run(ThreadPoolExecutor.java:658)
	at org.apache.tomcat.util.threads.TaskThread$WrappingRunnable.run(TaskThread.java:63)
	at java.base/java.lang.Thread.run(Thread.java:1583)
2025-05-06 20:03:57.699 INFO  com.jiawa.train.common.aspect.LogAspect           :52   [32m1746533037699ivh  [0;39m ------------- 开始 -------------
2025-05-06 20:03:57.700 INFO  com.jiawa.train.common.aspect.LogAspect           :53   [32m1746533037699ivh  [0;39m 请求地址: http://127.0.0.1:8001/member/member/register POST
2025-05-06 20:03:57.700 INFO  com.jiawa.train.common.aspect.LogAspect           :54   [32m1746533037699ivh  [0;39m 类名方法: com.jiawa.train.member.controller.MemberController.register
2025-05-06 20:03:57.700 INFO  com.jiawa.train.common.aspect.LogAspect           :55   [32m1746533037699ivh  [0;39m 远程地址: 127.0.0.1
2025-05-06 20:03:57.700 INFO  com.jiawa.train.common.aspect.LogAspect           :83   [32m1746533037699ivh  [0;39m 请求参数: [{}]
2025-05-06 20:03:57.702 DEBUG c.j.t.member.mapper.MemberMapper.selectByExample  :135  [32m1746533037699ivh  [0;39m ==>  Preparing: select id, mobile from member WHERE ( mobile = ? )
2025-05-06 20:03:57.702 DEBUG c.j.t.member.mapper.MemberMapper.selectByExample  :135  [32m1746533037699ivh  [0;39m ==> Parameters: 12345(String)
2025-05-06 20:03:57.704 DEBUG c.j.t.member.mapper.MemberMapper.selectByExample  :135  [32m1746533037699ivh  [0;39m <==      Total: 0
2025-05-06 20:03:57.704 DEBUG com.jiawa.train.member.mapper.MemberMapper.insert :135  [32m1746533037699ivh  [0;39m ==>  Preparing: insert into member (id, mobile) values (?, ?)
2025-05-06 20:03:57.706 DEBUG com.jiawa.train.member.mapper.MemberMapper.insert :135  [32m1746533037699ivh  [0;39m ==> Parameters: 1746533037704(Long), 12345(String)
2025-05-06 20:03:57.716 DEBUG com.jiawa.train.member.mapper.MemberMapper.insert :135  [32m1746533037699ivh  [0;39m <==    Updates: 1
2025-05-06 20:03:57.719 INFO  com.jiawa.train.common.aspect.LogAspect           :107  [32m1746533037699ivh  [0;39m 返回结果: 1746533037704
2025-05-06 20:03:57.719 INFO  com.jiawa.train.common.aspect.LogAspect           :108  [32m1746533037699ivh  [0;39m ------------- 结束 耗时：20 ms -------------
2025-05-06 20:05:50.322 INFO  com.jiawa.train.common.aspect.LogAspect           :52   [32m1746533150322gco  [0;39m ------------- 开始 -------------
2025-05-06 20:05:50.322 INFO  com.jiawa.train.common.aspect.LogAspect           :53   [32m1746533150322gco  [0;39m 请求地址: http://127.0.0.1:8001/member/member/count GET
2025-05-06 20:05:50.322 INFO  com.jiawa.train.common.aspect.LogAspect           :54   [32m1746533150322gco  [0;39m 类名方法: com.jiawa.train.member.controller.MemberController.count
2025-05-06 20:05:50.322 INFO  com.jiawa.train.common.aspect.LogAspect           :55   [32m1746533150322gco  [0;39m 远程地址: 127.0.0.1
2025-05-06 20:05:50.322 INFO  com.jiawa.train.common.aspect.LogAspect           :83   [32m1746533150322gco  [0;39m 请求参数: []
2025-05-06 20:05:50.324 DEBUG c.j.t.member.mapper.MemberMapper.countByExample   :135  [32m1746533150322gco  [0;39m ==>  Preparing: select count(*) from member
2025-05-06 20:05:50.325 DEBUG c.j.t.member.mapper.MemberMapper.countByExample   :135  [32m1746533150322gco  [0;39m ==> Parameters: 
2025-05-06 20:05:50.327 TRACE c.j.t.member.mapper.MemberMapper.countByExample   :141  [32m1746533150322gco  [0;39m <==    Columns: count(*)
2025-05-06 20:05:50.327 TRACE c.j.t.member.mapper.MemberMapper.countByExample   :141  [32m1746533150322gco  [0;39m <==        Row: 4
2025-05-06 20:05:50.328 DEBUG c.j.t.member.mapper.MemberMapper.countByExample   :135  [32m1746533150322gco  [0;39m <==      Total: 1
2025-05-06 20:05:50.328 INFO  com.jiawa.train.common.aspect.LogAspect           :107  [32m1746533150322gco  [0;39m 返回结果: 4
2025-05-06 20:05:50.328 INFO  com.jiawa.train.common.aspect.LogAspect           :108  [32m1746533150322gco  [0;39m ------------- 结束 耗时：6 ms -------------
2025-05-06 20:05:56.023 INFO  com.jiawa.train.common.aspect.LogAspect           :52   [32m17465331560237hw  [0;39m ------------- 开始 -------------
2025-05-06 20:05:56.023 INFO  com.jiawa.train.common.aspect.LogAspect           :53   [32m17465331560237hw  [0;39m 请求地址: http://127.0.0.1:8001/member/member/register POST
2025-05-06 20:05:56.024 INFO  com.jiawa.train.common.aspect.LogAspect           :54   [32m17465331560237hw  [0;39m 类名方法: com.jiawa.train.member.controller.MemberController.register
2025-05-06 20:05:56.024 INFO  com.jiawa.train.common.aspect.LogAspect           :55   [32m17465331560237hw  [0;39m 远程地址: 127.0.0.1
2025-05-06 20:05:56.024 INFO  com.jiawa.train.common.aspect.LogAspect           :83   [32m17465331560237hw  [0;39m 请求参数: [{}]
2025-05-06 20:05:56.026 DEBUG c.j.t.member.mapper.MemberMapper.selectByExample  :135  [32m17465331560237hw  [0;39m ==>  Preparing: select id, mobile from member WHERE ( mobile = ? )
2025-05-06 20:05:56.026 DEBUG c.j.t.member.mapper.MemberMapper.selectByExample  :135  [32m17465331560237hw  [0;39m ==> Parameters: 12345(String)
2025-05-06 20:05:56.027 TRACE c.j.t.member.mapper.MemberMapper.selectByExample  :141  [32m17465331560237hw  [0;39m <==    Columns: id, mobile
2025-05-06 20:05:56.027 TRACE c.j.t.member.mapper.MemberMapper.selectByExample  :141  [32m17465331560237hw  [0;39m <==        Row: 1746533037704, 12345
2025-05-06 20:05:56.028 DEBUG c.j.t.member.mapper.MemberMapper.selectByExample  :135  [32m17465331560237hw  [0;39m <==      Total: 1
2025-05-06 20:05:56.029 ERROR o.a.c.c.C.[.[.[/member].[dispatcherServlet]       :170  [32m17465331560237hw  [0;39m Servlet.service() for servlet [dispatcherServlet] in context with path [/member] threw exception [Request processing failed: java.lang.RuntimeException: the mobile phone has been created!] with root cause
java.lang.RuntimeException: the mobile phone has been created!
	at com.jiawa.train.member.service.MemberService.register(MemberService.java:29)
	at com.jiawa.train.member.controller.MemberController.register(MemberController.java:23)
	at java.base/jdk.internal.reflect.DirectMethodHandleAccessor.invoke(DirectMethodHandleAccessor.java:103)
	at java.base/java.lang.reflect.Method.invoke(Method.java:580)
	at org.springframework.aop.support.AopUtils.invokeJoinpointUsingReflection(AopUtils.java:359)
	at org.springframework.aop.framework.ReflectiveMethodInvocation.invokeJoinpoint(ReflectiveMethodInvocation.java:196)
	at org.springframework.aop.framework.ReflectiveMethodInvocation.proceed(ReflectiveMethodInvocation.java:163)
	at org.springframework.aop.framework.adapter.MethodBeforeAdviceInterceptor.invoke(MethodBeforeAdviceInterceptor.java:58)
	at org.springframework.aop.framework.ReflectiveMethodInvocation.proceed(ReflectiveMethodInvocation.java:184)
	at org.springframework.aop.aspectj.MethodInvocationProceedingJoinPoint.proceed(MethodInvocationProceedingJoinPoint.java:89)
	at com.jiawa.train.common.aspect.LogAspect.doAround(LogAspect.java:94)
	at java.base/jdk.internal.reflect.DirectMethodHandleAccessor.invoke(DirectMethodHandleAccessor.java:103)
	at java.base/java.lang.reflect.Method.invoke(Method.java:580)
	at org.springframework.aop.aspectj.AbstractAspectJAdvice.invokeAdviceMethodWithGivenArgs(AbstractAspectJAdvice.java:642)
	at org.springframework.aop.aspectj.AbstractAspectJAdvice.invokeAdviceMethod(AbstractAspectJAdvice.java:632)
	at org.springframework.aop.aspectj.AspectJAroundAdvice.invoke(AspectJAroundAdvice.java:71)
	at org.springframework.aop.framework.ReflectiveMethodInvocation.proceed(ReflectiveMethodInvocation.java:184)
	at org.springframework.aop.interceptor.ExposeInvocationInterceptor.invoke(ExposeInvocationInterceptor.java:97)
	at org.springframework.aop.framework.ReflectiveMethodInvocation.proceed(ReflectiveMethodInvocation.java:184)
	at org.springframework.aop.framework.CglibAopProxy$DynamicAdvisedInterceptor.intercept(CglibAopProxy.java:728)
	at com.jiawa.train.member.controller.MemberController$$SpringCGLIB$$0.register(<generated>)
	at java.base/jdk.internal.reflect.DirectMethodHandleAccessor.invoke(DirectMethodHandleAccessor.java:103)
	at java.base/java.lang.reflect.Method.invoke(Method.java:580)
	at org.springframework.web.method.support.InvocableHandlerMethod.doInvoke(InvocableHandlerMethod.java:258)
	at org.springframework.web.method.support.InvocableHandlerMethod.invokeForRequest(InvocableHandlerMethod.java:191)
	at org.springframework.web.servlet.mvc.method.annotation.ServletInvocableHandlerMethod.invokeAndHandle(ServletInvocableHandlerMethod.java:118)
	at org.springframework.web.servlet.mvc.method.annotation.RequestMappingHandlerAdapter.invokeHandlerMethod(RequestMappingHandlerAdapter.java:986)
	at org.springframework.web.servlet.mvc.method.annotation.RequestMappingHandlerAdapter.handleInternal(RequestMappingHandlerAdapter.java:891)
	at org.springframework.web.servlet.mvc.method.AbstractHandlerMethodAdapter.handle(AbstractHandlerMethodAdapter.java:87)
	at org.springframework.web.servlet.DispatcherServlet.doDispatch(DispatcherServlet.java:1089)
	at org.springframework.web.servlet.DispatcherServlet.doService(DispatcherServlet.java:979)
	at org.springframework.web.servlet.FrameworkServlet.processRequest(FrameworkServlet.java:1014)
	at org.springframework.web.servlet.FrameworkServlet.doPost(FrameworkServlet.java:914)
	at jakarta.servlet.http.HttpServlet.service(HttpServlet.java:590)
	at org.springframework.web.servlet.FrameworkServlet.service(FrameworkServlet.java:885)
	at jakarta.servlet.http.HttpServlet.service(HttpServlet.java:658)
	at org.apache.catalina.core.ApplicationFilterChain.internalDoFilter(ApplicationFilterChain.java:195)
	at org.apache.catalina.core.ApplicationFilterChain.doFilter(ApplicationFilterChain.java:140)
	at org.apache.tomcat.websocket.server.WsFilter.doFilter(WsFilter.java:51)
	at org.apache.catalina.core.ApplicationFilterChain.internalDoFilter(ApplicationFilterChain.java:164)
	at org.apache.catalina.core.ApplicationFilterChain.doFilter(ApplicationFilterChain.java:140)
	at org.springframework.web.filter.RequestContextFilter.doFilterInternal(RequestContextFilter.java:100)
	at org.springframework.web.filter.OncePerRequestFilter.doFilter(OncePerRequestFilter.java:116)
	at org.apache.catalina.core.ApplicationFilterChain.internalDoFilter(ApplicationFilterChain.java:164)
	at org.apache.catalina.core.ApplicationFilterChain.doFilter(ApplicationFilterChain.java:140)
	at org.springframework.web.filter.FormContentFilter.doFilterInternal(FormContentFilter.java:93)
	at org.springframework.web.filter.OncePerRequestFilter.doFilter(OncePerRequestFilter.java:116)
	at org.apache.catalina.core.ApplicationFilterChain.internalDoFilter(ApplicationFilterChain.java:164)
	at org.apache.catalina.core.ApplicationFilterChain.doFilter(ApplicationFilterChain.java:140)
	at org.springframework.web.filter.CharacterEncodingFilter.doFilterInternal(CharacterEncodingFilter.java:201)
	at org.springframework.web.filter.OncePerRequestFilter.doFilter(OncePerRequestFilter.java:116)
	at org.apache.catalina.core.ApplicationFilterChain.internalDoFilter(ApplicationFilterChain.java:164)
	at org.apache.catalina.core.ApplicationFilterChain.doFilter(ApplicationFilterChain.java:140)
	at org.apache.catalina.core.StandardWrapperValve.invoke(StandardWrapperValve.java:167)
	at org.apache.catalina.core.StandardContextValve.invoke(StandardContextValve.java:90)
	at org.apache.catalina.authenticator.AuthenticatorBase.invoke(AuthenticatorBase.java:483)
	at org.apache.catalina.core.StandardHostValve.invoke(StandardHostValve.java:116)
	at org.apache.catalina.valves.ErrorReportValve.invoke(ErrorReportValve.java:93)
	at org.apache.catalina.core.StandardEngineValve.invoke(StandardEngineValve.java:74)
	at org.apache.catalina.connector.CoyoteAdapter.service(CoyoteAdapter.java:344)
	at org.apache.coyote.http11.Http11Processor.service(Http11Processor.java:398)
	at org.apache.coyote.AbstractProcessorLight.process(AbstractProcessorLight.java:63)
	at org.apache.coyote.AbstractProtocol$ConnectionHandler.process(AbstractProtocol.java:903)
	at org.apache.tomcat.util.net.NioEndpoint$SocketProcessor.doRun(NioEndpoint.java:1740)
	at org.apache.tomcat.util.net.SocketProcessorBase.run(SocketProcessorBase.java:52)
	at org.apache.tomcat.util.threads.ThreadPoolExecutor.runWorker(ThreadPoolExecutor.java:1189)
	at org.apache.tomcat.util.threads.ThreadPoolExecutor$Worker.run(ThreadPoolExecutor.java:658)
	at org.apache.tomcat.util.threads.TaskThread$WrappingRunnable.run(TaskThread.java:63)
	at java.base/java.lang.Thread.run(Thread.java:1583)
2025-05-06 20:06:11.748 INFO  o.s.boot.web.embedded.tomcat.GracefulShutdown     :54   [32m                  [0;39m Commencing graceful shutdown. Waiting for active requests to complete
2025-05-06 20:06:11.763 INFO  o.s.boot.web.embedded.tomcat.GracefulShutdown     :76   [32m                  [0;39m Graceful shutdown complete
2025-05-06 20:06:11.765 INFO  com.zaxxer.hikari.HikariDataSource                :349  [32m                  [0;39m HikariPool-2 - Shutdown initiated...
2025-05-06 20:06:11.775 INFO  com.zaxxer.hikari.HikariDataSource                :351  [32m                  [0;39m HikariPool-2 - Shutdown completed.
2025-05-06 20:06:14.466 INFO  com.jiawa.train.member.config.MemberApplication   :53   [32m                  [0;39m Starting MemberApplication using Java 21.0.2 with PID 24908 (E:\12306-train\train\member\target\classes started by user in E:\12306-train\train)
2025-05-06 20:06:14.467 INFO  com.jiawa.train.member.config.MemberApplication   :652  [32m                  [0;39m No active profile set, falling back to 1 default profile: "default"
2025-05-06 20:06:14.507 INFO  o.s.b.d.env.DevToolsPropertyDefaultsPostProcessor :252  [32m                  [0;39m Devtools property defaults active! Set 'spring.devtools.add-properties' to 'false' to disable
2025-05-06 20:06:14.507 INFO  o.s.b.d.env.DevToolsPropertyDefaultsPostProcessor :252  [32m                  [0;39m For additional web related logging consider setting the 'logging.level.web' property to 'DEBUG'
2025-05-06 20:06:15.090 INFO  o.springframework.cloud.context.scope.GenericScope:282  [32m                  [0;39m BeanFactory id=3b9ffb75-e695-3722-986a-6dffd04c85a7
2025-05-06 20:06:15.523 INFO  o.s.boot.web.embedded.tomcat.TomcatWebServer      :111  [32m                  [0;39m Tomcat initialized with port 8001 (http)
2025-05-06 20:06:15.535 INFO  org.apache.coyote.http11.Http11NioProtocol        :168  [32m                  [0;39m Initializing ProtocolHandler ["http-nio-8001"]
2025-05-06 20:06:15.536 INFO  org.apache.catalina.core.StandardService          :168  [32m                  [0;39m Starting service [Tomcat]
2025-05-06 20:06:15.537 INFO  org.apache.catalina.core.StandardEngine           :168  [32m                  [0;39m Starting Servlet engine: [Apache Tomcat/10.1.40]
2025-05-06 20:06:15.577 INFO  o.a.c.c.C.[Tomcat].[localhost].[/member]          :168  [32m                  [0;39m Initializing Spring embedded WebApplicationContext
2025-05-06 20:06:15.578 INFO  o.s.b.w.s.c.ServletWebServerApplicationContext    :301  [32m                  [0;39m Root WebApplicationContext: initialization completed in 1070 ms
2025-05-06 20:06:16.212 INFO  o.s.b.d.autoconfigure.OptionalLiveReloadServer    :59   [32m                  [0;39m LiveReload server is running on port 35729
2025-05-06 20:06:16.266 INFO  org.apache.coyote.http11.Http11NioProtocol        :168  [32m                  [0;39m Starting ProtocolHandler ["http-nio-8001"]
2025-05-06 20:06:16.278 INFO  o.s.boot.web.embedded.tomcat.TomcatWebServer      :243  [32m                  [0;39m Tomcat started on port 8001 (http) with context path '/member'
2025-05-06 20:06:16.293 INFO  com.jiawa.train.member.config.MemberApplication   :59   [32m                  [0;39m Started MemberApplication in 2.203 seconds (process running for 2.787)
2025-05-06 20:06:16.295 INFO  com.jiawa.train.member.config.MemberApplication   :23   [32m                  [0;39m 启动成功!
2025-05-06 20:06:16.295 INFO  com.jiawa.train.member.config.MemberApplication   :24   [32m                  [0;39m 地址：	http://127.0.0.1:8001/test
2025-05-06 20:06:19.031 INFO  o.a.c.c.C.[Tomcat].[localhost].[/member]          :168  [32m                  [0;39m Initializing Spring DispatcherServlet 'dispatcherServlet'
2025-05-06 20:06:19.032 INFO  org.springframework.web.servlet.DispatcherServlet :532  [32m                  [0;39m Initializing Servlet 'dispatcherServlet'
2025-05-06 20:06:19.033 INFO  org.springframework.web.servlet.DispatcherServlet :554  [32m                  [0;39m Completed initialization in 0 ms
2025-05-06 20:06:19.062 INFO  com.jiawa.train.common.aspect.LogAspect           :52   [32m17465331790587t4  [0;39m ------------- 开始 -------------
2025-05-06 20:06:19.062 INFO  com.jiawa.train.common.aspect.LogAspect           :53   [32m17465331790587t4  [0;39m 请求地址: http://127.0.0.1:8001/member/member/register POST
2025-05-06 20:06:19.062 INFO  com.jiawa.train.common.aspect.LogAspect           :54   [32m17465331790587t4  [0;39m 类名方法: com.jiawa.train.member.controller.MemberController.register
2025-05-06 20:06:19.063 INFO  com.jiawa.train.common.aspect.LogAspect           :55   [32m17465331790587t4  [0;39m 远程地址: 127.0.0.1
2025-05-06 20:06:19.154 INFO  com.jiawa.train.common.aspect.LogAspect           :83   [32m17465331790587t4  [0;39m 请求参数: [{"mobile":"12345"}]
2025-05-06 20:06:19.181 INFO  com.zaxxer.hikari.HikariDataSource                :109  [32m17465331790587t4  [0;39m HikariPool-1 - Starting...
2025-05-06 20:06:19.360 INFO  com.zaxxer.hikari.pool.HikariPool                 :554  [32m17465331790587t4  [0;39m HikariPool-1 - Added connection com.mysql.cj.jdbc.ConnectionImpl@44b8433d
2025-05-06 20:06:19.361 INFO  com.zaxxer.hikari.HikariDataSource                :122  [32m17465331790587t4  [0;39m HikariPool-1 - Start completed.
2025-05-06 20:06:19.366 DEBUG c.j.t.member.mapper.MemberMapper.selectByExample  :135  [32m17465331790587t4  [0;39m ==>  Preparing: select id, mobile from member WHERE ( mobile = ? )
2025-05-06 20:06:19.383 DEBUG c.j.t.member.mapper.MemberMapper.selectByExample  :135  [32m17465331790587t4  [0;39m ==> Parameters: 12345(String)
2025-05-06 20:06:19.396 TRACE c.j.t.member.mapper.MemberMapper.selectByExample  :141  [32m17465331790587t4  [0;39m <==    Columns: id, mobile
2025-05-06 20:06:19.396 TRACE c.j.t.member.mapper.MemberMapper.selectByExample  :141  [32m17465331790587t4  [0;39m <==        Row: 1746533037704, 12345
2025-05-06 20:06:19.398 DEBUG c.j.t.member.mapper.MemberMapper.selectByExample  :135  [32m17465331790587t4  [0;39m <==      Total: 1
2025-05-06 20:06:19.404 ERROR o.a.c.c.C.[.[.[/member].[dispatcherServlet]       :170  [32m17465331790587t4  [0;39m Servlet.service() for servlet [dispatcherServlet] in context with path [/member] threw exception [Request processing failed: java.lang.RuntimeException: the mobile phone has been created!] with root cause
java.lang.RuntimeException: the mobile phone has been created!
	at com.jiawa.train.member.service.MemberService.register(MemberService.java:29)
	at com.jiawa.train.member.controller.MemberController.register(MemberController.java:23)
	at java.base/jdk.internal.reflect.DirectMethodHandleAccessor.invoke(DirectMethodHandleAccessor.java:103)
	at java.base/java.lang.reflect.Method.invoke(Method.java:580)
	at org.springframework.aop.support.AopUtils.invokeJoinpointUsingReflection(AopUtils.java:359)
	at org.springframework.aop.framework.ReflectiveMethodInvocation.invokeJoinpoint(ReflectiveMethodInvocation.java:196)
	at org.springframework.aop.framework.ReflectiveMethodInvocation.proceed(ReflectiveMethodInvocation.java:163)
	at org.springframework.aop.framework.adapter.MethodBeforeAdviceInterceptor.invoke(MethodBeforeAdviceInterceptor.java:58)
	at org.springframework.aop.framework.ReflectiveMethodInvocation.proceed(ReflectiveMethodInvocation.java:184)
	at org.springframework.aop.aspectj.MethodInvocationProceedingJoinPoint.proceed(MethodInvocationProceedingJoinPoint.java:89)
	at com.jiawa.train.common.aspect.LogAspect.doAround(LogAspect.java:94)
	at java.base/jdk.internal.reflect.DirectMethodHandleAccessor.invoke(DirectMethodHandleAccessor.java:103)
	at java.base/java.lang.reflect.Method.invoke(Method.java:580)
	at org.springframework.aop.aspectj.AbstractAspectJAdvice.invokeAdviceMethodWithGivenArgs(AbstractAspectJAdvice.java:642)
	at org.springframework.aop.aspectj.AbstractAspectJAdvice.invokeAdviceMethod(AbstractAspectJAdvice.java:632)
	at org.springframework.aop.aspectj.AspectJAroundAdvice.invoke(AspectJAroundAdvice.java:71)
	at org.springframework.aop.framework.ReflectiveMethodInvocation.proceed(ReflectiveMethodInvocation.java:184)
	at org.springframework.aop.interceptor.ExposeInvocationInterceptor.invoke(ExposeInvocationInterceptor.java:97)
	at org.springframework.aop.framework.ReflectiveMethodInvocation.proceed(ReflectiveMethodInvocation.java:184)
	at org.springframework.aop.framework.CglibAopProxy$DynamicAdvisedInterceptor.intercept(CglibAopProxy.java:728)
	at com.jiawa.train.member.controller.MemberController$$SpringCGLIB$$0.register(<generated>)
	at java.base/jdk.internal.reflect.DirectMethodHandleAccessor.invoke(DirectMethodHandleAccessor.java:103)
	at java.base/java.lang.reflect.Method.invoke(Method.java:580)
	at org.springframework.web.method.support.InvocableHandlerMethod.doInvoke(InvocableHandlerMethod.java:258)
	at org.springframework.web.method.support.InvocableHandlerMethod.invokeForRequest(InvocableHandlerMethod.java:191)
	at org.springframework.web.servlet.mvc.method.annotation.ServletInvocableHandlerMethod.invokeAndHandle(ServletInvocableHandlerMethod.java:118)
	at org.springframework.web.servlet.mvc.method.annotation.RequestMappingHandlerAdapter.invokeHandlerMethod(RequestMappingHandlerAdapter.java:986)
	at org.springframework.web.servlet.mvc.method.annotation.RequestMappingHandlerAdapter.handleInternal(RequestMappingHandlerAdapter.java:891)
	at org.springframework.web.servlet.mvc.method.AbstractHandlerMethodAdapter.handle(AbstractHandlerMethodAdapter.java:87)
	at org.springframework.web.servlet.DispatcherServlet.doDispatch(DispatcherServlet.java:1089)
	at org.springframework.web.servlet.DispatcherServlet.doService(DispatcherServlet.java:979)
	at org.springframework.web.servlet.FrameworkServlet.processRequest(FrameworkServlet.java:1014)
	at org.springframework.web.servlet.FrameworkServlet.doPost(FrameworkServlet.java:914)
	at jakarta.servlet.http.HttpServlet.service(HttpServlet.java:590)
	at org.springframework.web.servlet.FrameworkServlet.service(FrameworkServlet.java:885)
	at jakarta.servlet.http.HttpServlet.service(HttpServlet.java:658)
	at org.apache.catalina.core.ApplicationFilterChain.internalDoFilter(ApplicationFilterChain.java:195)
	at org.apache.catalina.core.ApplicationFilterChain.doFilter(ApplicationFilterChain.java:140)
	at org.apache.tomcat.websocket.server.WsFilter.doFilter(WsFilter.java:51)
	at org.apache.catalina.core.ApplicationFilterChain.internalDoFilter(ApplicationFilterChain.java:164)
	at org.apache.catalina.core.ApplicationFilterChain.doFilter(ApplicationFilterChain.java:140)
	at org.springframework.web.filter.RequestContextFilter.doFilterInternal(RequestContextFilter.java:100)
	at org.springframework.web.filter.OncePerRequestFilter.doFilter(OncePerRequestFilter.java:116)
	at org.apache.catalina.core.ApplicationFilterChain.internalDoFilter(ApplicationFilterChain.java:164)
	at org.apache.catalina.core.ApplicationFilterChain.doFilter(ApplicationFilterChain.java:140)
	at org.springframework.web.filter.FormContentFilter.doFilterInternal(FormContentFilter.java:93)
	at org.springframework.web.filter.OncePerRequestFilter.doFilter(OncePerRequestFilter.java:116)
	at org.apache.catalina.core.ApplicationFilterChain.internalDoFilter(ApplicationFilterChain.java:164)
	at org.apache.catalina.core.ApplicationFilterChain.doFilter(ApplicationFilterChain.java:140)
	at org.springframework.web.filter.CharacterEncodingFilter.doFilterInternal(CharacterEncodingFilter.java:201)
	at org.springframework.web.filter.OncePerRequestFilter.doFilter(OncePerRequestFilter.java:116)
	at org.apache.catalina.core.ApplicationFilterChain.internalDoFilter(ApplicationFilterChain.java:164)
	at org.apache.catalina.core.ApplicationFilterChain.doFilter(ApplicationFilterChain.java:140)
	at org.apache.catalina.core.StandardWrapperValve.invoke(StandardWrapperValve.java:167)
	at org.apache.catalina.core.StandardContextValve.invoke(StandardContextValve.java:90)
	at org.apache.catalina.authenticator.AuthenticatorBase.invoke(AuthenticatorBase.java:483)
	at org.apache.catalina.core.StandardHostValve.invoke(StandardHostValve.java:116)
	at org.apache.catalina.valves.ErrorReportValve.invoke(ErrorReportValve.java:93)
	at org.apache.catalina.core.StandardEngineValve.invoke(StandardEngineValve.java:74)
	at org.apache.catalina.connector.CoyoteAdapter.service(CoyoteAdapter.java:344)
	at org.apache.coyote.http11.Http11Processor.service(Http11Processor.java:398)
	at org.apache.coyote.AbstractProcessorLight.process(AbstractProcessorLight.java:63)
	at org.apache.coyote.AbstractProtocol$ConnectionHandler.process(AbstractProtocol.java:903)
	at org.apache.tomcat.util.net.NioEndpoint$SocketProcessor.doRun(NioEndpoint.java:1740)
	at org.apache.tomcat.util.net.SocketProcessorBase.run(SocketProcessorBase.java:52)
	at org.apache.tomcat.util.threads.ThreadPoolExecutor.runWorker(ThreadPoolExecutor.java:1189)
	at org.apache.tomcat.util.threads.ThreadPoolExecutor$Worker.run(ThreadPoolExecutor.java:658)
	at org.apache.tomcat.util.threads.TaskThread$WrappingRunnable.run(TaskThread.java:63)
	at java.base/java.lang.Thread.run(Thread.java:1583)
2025-05-06 20:06:36.943 INFO  com.jiawa.train.common.aspect.LogAspect           :52   [32m174653319694391u  [0;39m ------------- 开始 -------------
2025-05-06 20:06:36.943 INFO  com.jiawa.train.common.aspect.LogAspect           :53   [32m174653319694391u  [0;39m 请求地址: http://127.0.0.1:8001/member/member/register POST
2025-05-06 20:06:36.944 INFO  com.jiawa.train.common.aspect.LogAspect           :54   [32m174653319694391u  [0;39m 类名方法: com.jiawa.train.member.controller.MemberController.register
2025-05-06 20:06:36.944 INFO  com.jiawa.train.common.aspect.LogAspect           :55   [32m174653319694391u  [0;39m 远程地址: 127.0.0.1
2025-05-06 20:06:36.944 INFO  com.jiawa.train.common.aspect.LogAspect           :83   [32m174653319694391u  [0;39m 请求参数: [{"mobile":"1234566"}]
2025-05-06 20:06:36.946 DEBUG c.j.t.member.mapper.MemberMapper.selectByExample  :135  [32m174653319694391u  [0;39m ==>  Preparing: select id, mobile from member WHERE ( mobile = ? )
2025-05-06 20:06:36.946 DEBUG c.j.t.member.mapper.MemberMapper.selectByExample  :135  [32m174653319694391u  [0;39m ==> Parameters: 1234566(String)
2025-05-06 20:06:36.947 DEBUG c.j.t.member.mapper.MemberMapper.selectByExample  :135  [32m174653319694391u  [0;39m <==      Total: 0
2025-05-06 20:06:36.948 DEBUG com.jiawa.train.member.mapper.MemberMapper.insert :135  [32m174653319694391u  [0;39m ==>  Preparing: insert into member (id, mobile) values (?, ?)
2025-05-06 20:06:36.949 DEBUG com.jiawa.train.member.mapper.MemberMapper.insert :135  [32m174653319694391u  [0;39m ==> Parameters: 1746533196947(Long), 1234566(String)
2025-05-06 20:06:36.954 DEBUG com.jiawa.train.member.mapper.MemberMapper.insert :135  [32m174653319694391u  [0;39m <==    Updates: 1
2025-05-06 20:06:36.957 INFO  com.jiawa.train.common.aspect.LogAspect           :107  [32m174653319694391u  [0;39m 返回结果: 1746533196947
2025-05-06 20:06:36.957 INFO  com.jiawa.train.common.aspect.LogAspect           :108  [32m174653319694391u  [0;39m ------------- 结束 耗时：14 ms -------------
2025-05-06 20:10:04.325 INFO  o.s.b.d.a.LocalDevToolsAutoConfiguration$RestartingClassPathChangeChangedEventListener:211  [32m                  [0;39m Restarting due to 1 class path change (1 addition, 0 deletions, 0 modifications)
2025-05-06 20:10:04.327 INFO  o.s.boot.web.embedded.tomcat.GracefulShutdown     :54   [32m                  [0;39m Commencing graceful shutdown. Waiting for active requests to complete
2025-05-06 20:10:04.328 INFO  org.apache.coyote.http11.Http11NioProtocol        :168  [32m                  [0;39m Pausing ProtocolHandler ["http-nio-8001"]
2025-05-06 20:10:04.342 INFO  o.s.boot.web.embedded.tomcat.GracefulShutdown     :76   [32m                  [0;39m Graceful shutdown complete
2025-05-06 20:10:04.343 INFO  org.apache.coyote.http11.Http11NioProtocol        :168  [32m                  [0;39m Stopping ProtocolHandler ["http-nio-8001"]
2025-05-06 20:10:04.348 INFO  com.zaxxer.hikari.HikariDataSource                :349  [32m                  [0;39m HikariPool-1 - Shutdown initiated...
2025-05-06 20:10:04.353 INFO  com.zaxxer.hikari.HikariDataSource                :351  [32m                  [0;39m HikariPool-1 - Shutdown completed.
2025-05-06 20:10:04.422 INFO  com.jiawa.train.member.config.MemberApplication   :53   [32m                  [0;39m Starting MemberApplication using Java 21.0.2 with PID 24908 (E:\12306-train\train\member\target\classes started by user in E:\12306-train\train)
2025-05-06 20:10:04.422 INFO  com.jiawa.train.member.config.MemberApplication   :652  [32m                  [0;39m No active profile set, falling back to 1 default profile: "default"
2025-05-06 20:10:04.541 INFO  o.springframework.cloud.context.scope.GenericScope:282  [32m                  [0;39m BeanFactory id=3b9ffb75-e695-3722-986a-6dffd04c85a7
2025-05-06 20:10:04.608 INFO  o.s.boot.web.embedded.tomcat.TomcatWebServer      :111  [32m                  [0;39m Tomcat initialized with port 8001 (http)
2025-05-06 20:10:04.609 INFO  org.apache.coyote.http11.Http11NioProtocol        :168  [32m                  [0;39m Initializing ProtocolHandler ["http-nio-8001"]
2025-05-06 20:10:04.609 INFO  org.apache.catalina.core.StandardService          :168  [32m                  [0;39m Starting service [Tomcat]
2025-05-06 20:10:04.609 INFO  org.apache.catalina.core.StandardEngine           :168  [32m                  [0;39m Starting Servlet engine: [Apache Tomcat/10.1.40]
2025-05-06 20:10:04.630 INFO  o.a.c.c.C.[Tomcat].[localhost].[/member]          :168  [32m                  [0;39m Initializing Spring embedded WebApplicationContext
2025-05-06 20:10:04.630 INFO  o.s.b.w.s.c.ServletWebServerApplicationContext    :301  [32m                  [0;39m Root WebApplicationContext: initialization completed in 207 ms
2025-05-06 20:10:04.865 INFO  o.s.b.d.autoconfigure.OptionalLiveReloadServer    :59   [32m                  [0;39m LiveReload server is running on port 35729
2025-05-06 20:10:04.903 INFO  org.apache.coyote.http11.Http11NioProtocol        :168  [32m                  [0;39m Starting ProtocolHandler ["http-nio-8001"]
2025-05-06 20:10:04.907 INFO  o.s.boot.web.embedded.tomcat.TomcatWebServer      :243  [32m                  [0;39m Tomcat started on port 8001 (http) with context path '/member'
2025-05-06 20:10:04.920 INFO  com.jiawa.train.member.config.MemberApplication   :59   [32m                  [0;39m Started MemberApplication in 0.532 seconds (process running for 231.416)
2025-05-06 20:10:04.922 INFO  o.s.b.d.a.ConditionEvaluationDeltaLoggingListener :63   [32m                  [0;39m Condition evaluation unchanged
2025-05-06 20:10:04.923 INFO  com.jiawa.train.member.config.MemberApplication   :23   [32m                  [0;39m 启动成功!
2025-05-06 20:10:04.923 INFO  com.jiawa.train.member.config.MemberApplication   :24   [32m                  [0;39m 地址：	http://127.0.0.1:8001/test
2025-05-06 20:10:20.906 INFO  o.s.b.d.a.LocalDevToolsAutoConfiguration$RestartingClassPathChangeChangedEventListener:211  [32m                  [0;39m Restarting due to 1 class path change (0 additions, 0 deletions, 1 modification)
2025-05-06 20:10:20.907 INFO  o.s.boot.web.embedded.tomcat.GracefulShutdown     :54   [32m                  [0;39m Commencing graceful shutdown. Waiting for active requests to complete
2025-05-06 20:10:20.907 INFO  org.apache.coyote.http11.Http11NioProtocol        :168  [32m                  [0;39m Pausing ProtocolHandler ["http-nio-8001"]
2025-05-06 20:10:20.920 INFO  o.s.boot.web.embedded.tomcat.GracefulShutdown     :76   [32m                  [0;39m Graceful shutdown complete
2025-05-06 20:10:20.921 INFO  org.apache.coyote.http11.Http11NioProtocol        :168  [32m                  [0;39m Stopping ProtocolHandler ["http-nio-8001"]
2025-05-06 20:10:20.987 INFO  com.jiawa.train.member.config.MemberApplication   :53   [32m                  [0;39m Starting MemberApplication using Java 21.0.2 with PID 24908 (E:\12306-train\train\member\target\classes started by user in E:\12306-train\train)
2025-05-06 20:10:20.987 INFO  com.jiawa.train.member.config.MemberApplication   :652  [32m                  [0;39m No active profile set, falling back to 1 default profile: "default"
2025-05-06 20:10:21.095 INFO  o.springframework.cloud.context.scope.GenericScope:282  [32m                  [0;39m BeanFactory id=3b9ffb75-e695-3722-986a-6dffd04c85a7
2025-05-06 20:10:21.149 INFO  o.s.boot.web.embedded.tomcat.TomcatWebServer      :111  [32m                  [0;39m Tomcat initialized with port 8001 (http)
2025-05-06 20:10:21.149 INFO  org.apache.coyote.http11.Http11NioProtocol        :168  [32m                  [0;39m Initializing ProtocolHandler ["http-nio-8001"]
2025-05-06 20:10:21.149 INFO  org.apache.catalina.core.StandardService          :168  [32m                  [0;39m Starting service [Tomcat]
2025-05-06 20:10:21.150 INFO  org.apache.catalina.core.StandardEngine           :168  [32m                  [0;39m Starting Servlet engine: [Apache Tomcat/10.1.40]
2025-05-06 20:10:21.171 INFO  o.a.c.c.C.[Tomcat].[localhost].[/member]          :168  [32m                  [0;39m Initializing Spring embedded WebApplicationContext
2025-05-06 20:10:21.171 INFO  o.s.b.w.s.c.ServletWebServerApplicationContext    :301  [32m                  [0;39m Root WebApplicationContext: initialization completed in 183 ms
2025-05-06 20:10:21.330 INFO  o.s.b.d.autoconfigure.OptionalLiveReloadServer    :59   [32m                  [0;39m LiveReload server is running on port 35729
2025-05-06 20:10:21.355 INFO  org.apache.coyote.http11.Http11NioProtocol        :168  [32m                  [0;39m Starting ProtocolHandler ["http-nio-8001"]
2025-05-06 20:10:21.357 INFO  o.s.boot.web.embedded.tomcat.TomcatWebServer      :243  [32m                  [0;39m Tomcat started on port 8001 (http) with context path '/member'
2025-05-06 20:10:21.368 INFO  com.jiawa.train.member.config.MemberApplication   :59   [32m                  [0;39m Started MemberApplication in 0.41 seconds (process running for 247.863)
2025-05-06 20:10:21.369 INFO  o.s.b.d.a.ConditionEvaluationDeltaLoggingListener :63   [32m                  [0;39m Condition evaluation unchanged
2025-05-06 20:10:21.369 INFO  com.jiawa.train.member.config.MemberApplication   :23   [32m                  [0;39m 启动成功!
2025-05-06 20:10:21.370 INFO  com.jiawa.train.member.config.MemberApplication   :24   [32m                  [0;39m 地址：	http://127.0.0.1:8001/test
2025-05-06 20:16:39.686 INFO  o.s.b.d.a.LocalDevToolsAutoConfiguration$RestartingClassPathChangeChangedEventListener:211  [32m                  [0;39m Restarting due to 1 class path change (0 additions, 0 deletions, 1 modification)
2025-05-06 20:16:39.687 INFO  o.s.boot.web.embedded.tomcat.GracefulShutdown     :54   [32m                  [0;39m Commencing graceful shutdown. Waiting for active requests to complete
2025-05-06 20:16:39.687 INFO  org.apache.coyote.http11.Http11NioProtocol        :168  [32m                  [0;39m Pausing ProtocolHandler ["http-nio-8001"]
2025-05-06 20:16:39.700 INFO  o.s.boot.web.embedded.tomcat.GracefulShutdown     :76   [32m                  [0;39m Graceful shutdown complete
2025-05-06 20:16:39.701 INFO  org.apache.coyote.http11.Http11NioProtocol        :168  [32m                  [0;39m Stopping ProtocolHandler ["http-nio-8001"]
2025-05-06 20:16:39.771 INFO  com.jiawa.train.member.config.MemberApplication   :53   [32m                  [0;39m Starting MemberApplication using Java 21.0.2 with PID 24908 (E:\12306-train\train\member\target\classes started by user in E:\12306-train\train)
2025-05-06 20:16:39.772 INFO  com.jiawa.train.member.config.MemberApplication   :652  [32m                  [0;39m No active profile set, falling back to 1 default profile: "default"
2025-05-06 20:16:39.882 INFO  o.springframework.cloud.context.scope.GenericScope:282  [32m                  [0;39m BeanFactory id=3b9ffb75-e695-3722-986a-6dffd04c85a7
2025-05-06 20:16:39.936 INFO  o.s.boot.web.embedded.tomcat.TomcatWebServer      :111  [32m                  [0;39m Tomcat initialized with port 8001 (http)
2025-05-06 20:16:39.937 INFO  org.apache.coyote.http11.Http11NioProtocol        :168  [32m                  [0;39m Initializing ProtocolHandler ["http-nio-8001"]
2025-05-06 20:16:39.937 INFO  org.apache.catalina.core.StandardService          :168  [32m                  [0;39m Starting service [Tomcat]
2025-05-06 20:16:39.937 INFO  org.apache.catalina.core.StandardEngine           :168  [32m                  [0;39m Starting Servlet engine: [Apache Tomcat/10.1.40]
2025-05-06 20:16:39.964 INFO  o.a.c.c.C.[Tomcat].[localhost].[/member]          :168  [32m                  [0;39m Initializing Spring embedded WebApplicationContext
2025-05-06 20:16:39.965 INFO  o.s.b.w.s.c.ServletWebServerApplicationContext    :301  [32m                  [0;39m Root WebApplicationContext: initialization completed in 192 ms
2025-05-06 20:16:40.143 INFO  o.s.b.d.autoconfigure.OptionalLiveReloadServer    :59   [32m                  [0;39m LiveReload server is running on port 35729
2025-05-06 20:16:40.175 INFO  org.apache.coyote.http11.Http11NioProtocol        :168  [32m                  [0;39m Starting ProtocolHandler ["http-nio-8001"]
2025-05-06 20:16:40.178 INFO  o.s.boot.web.embedded.tomcat.TomcatWebServer      :243  [32m                  [0;39m Tomcat started on port 8001 (http) with context path '/member'
2025-05-06 20:16:40.190 INFO  com.jiawa.train.member.config.MemberApplication   :59   [32m                  [0;39m Started MemberApplication in 0.453 seconds (process running for 626.684)
2025-05-06 20:16:40.190 INFO  o.s.b.d.a.ConditionEvaluationDeltaLoggingListener :63   [32m                  [0;39m Condition evaluation unchanged
2025-05-06 20:16:40.190 INFO  com.jiawa.train.member.config.MemberApplication   :23   [32m                  [0;39m 启动成功!
2025-05-06 20:16:40.191 INFO  com.jiawa.train.member.config.MemberApplication   :24   [32m                  [0;39m 地址：	http://127.0.0.1:8001/test
2025-05-06 20:17:45.099 INFO  o.s.b.d.a.LocalDevToolsAutoConfiguration$RestartingClassPathChangeChangedEventListener:211  [32m                  [0;39m Restarting due to 1 class path change (0 additions, 0 deletions, 1 modification)
2025-05-06 20:17:45.100 INFO  o.s.boot.web.embedded.tomcat.GracefulShutdown     :54   [32m                  [0;39m Commencing graceful shutdown. Waiting for active requests to complete
2025-05-06 20:17:45.100 INFO  org.apache.coyote.http11.Http11NioProtocol        :168  [32m                  [0;39m Pausing ProtocolHandler ["http-nio-8001"]
2025-05-06 20:17:45.113 INFO  o.s.boot.web.embedded.tomcat.GracefulShutdown     :76   [32m                  [0;39m Graceful shutdown complete
2025-05-06 20:17:45.114 INFO  org.apache.coyote.http11.Http11NioProtocol        :168  [32m                  [0;39m Stopping ProtocolHandler ["http-nio-8001"]
2025-05-06 20:17:45.173 INFO  com.jiawa.train.member.config.MemberApplication   :53   [32m                  [0;39m Starting MemberApplication using Java 21.0.2 with PID 24908 (E:\12306-train\train\member\target\classes started by user in E:\12306-train\train)
2025-05-06 20:17:45.173 INFO  com.jiawa.train.member.config.MemberApplication   :652  [32m                  [0;39m No active profile set, falling back to 1 default profile: "default"
2025-05-06 20:17:45.279 INFO  o.springframework.cloud.context.scope.GenericScope:282  [32m                  [0;39m BeanFactory id=3b9ffb75-e695-3722-986a-6dffd04c85a7
2025-05-06 20:17:45.353 INFO  o.s.boot.web.embedded.tomcat.TomcatWebServer      :111  [32m                  [0;39m Tomcat initialized with port 8001 (http)
2025-05-06 20:17:45.354 INFO  org.apache.coyote.http11.Http11NioProtocol        :168  [32m                  [0;39m Initializing ProtocolHandler ["http-nio-8001"]
2025-05-06 20:17:45.354 INFO  org.apache.catalina.core.StandardService          :168  [32m                  [0;39m Starting service [Tomcat]
2025-05-06 20:17:45.354 INFO  org.apache.catalina.core.StandardEngine           :168  [32m                  [0;39m Starting Servlet engine: [Apache Tomcat/10.1.40]
2025-05-06 20:17:45.373 INFO  o.a.c.c.C.[Tomcat].[localhost].[/member]          :168  [32m                  [0;39m Initializing Spring embedded WebApplicationContext
2025-05-06 20:17:45.373 INFO  o.s.b.w.s.c.ServletWebServerApplicationContext    :301  [32m                  [0;39m Root WebApplicationContext: initialization completed in 199 ms
2025-05-06 20:17:45.524 INFO  o.s.b.d.autoconfigure.OptionalLiveReloadServer    :59   [32m                  [0;39m LiveReload server is running on port 35729
2025-05-06 20:17:45.550 INFO  org.apache.coyote.http11.Http11NioProtocol        :168  [32m                  [0;39m Starting ProtocolHandler ["http-nio-8001"]
2025-05-06 20:17:45.553 INFO  o.s.boot.web.embedded.tomcat.TomcatWebServer      :243  [32m                  [0;39m Tomcat started on port 8001 (http) with context path '/member'
2025-05-06 20:17:45.563 INFO  com.jiawa.train.member.config.MemberApplication   :59   [32m                  [0;39m Started MemberApplication in 0.418 seconds (process running for 692.059)
2025-05-06 20:17:45.564 INFO  o.s.b.d.a.ConditionEvaluationDeltaLoggingListener :63   [32m                  [0;39m Condition evaluation unchanged
2025-05-06 20:17:45.564 INFO  com.jiawa.train.member.config.MemberApplication   :23   [32m                  [0;39m 启动成功!
2025-05-06 20:17:45.564 INFO  com.jiawa.train.member.config.MemberApplication   :24   [32m                  [0;39m 地址：	http://127.0.0.1:8001/test
2025-05-06 20:18:12.176 INFO  o.a.c.c.C.[Tomcat].[localhost].[/member]          :168  [32m                  [0;39m Initializing Spring DispatcherServlet 'dispatcherServlet'
2025-05-06 20:18:12.176 INFO  org.springframework.web.servlet.DispatcherServlet :532  [32m                  [0;39m Initializing Servlet 'dispatcherServlet'
2025-05-06 20:18:12.176 INFO  org.springframework.web.servlet.DispatcherServlet :554  [32m                  [0;39m Completed initialization in 0 ms
2025-05-06 20:18:12.180 INFO  com.jiawa.train.common.aspect.LogAspect           :52   [32m1746533892178aqi  [0;39m ------------- 开始 -------------
2025-05-06 20:18:12.180 INFO  com.jiawa.train.common.aspect.LogAspect           :53   [32m1746533892178aqi  [0;39m 请求地址: http://127.0.0.1:8001/member/member/register POST
2025-05-06 20:18:12.180 INFO  com.jiawa.train.common.aspect.LogAspect           :54   [32m1746533892178aqi  [0;39m 类名方法: com.jiawa.train.member.controller.MemberController.register
2025-05-06 20:18:12.181 INFO  com.jiawa.train.common.aspect.LogAspect           :55   [32m1746533892178aqi  [0;39m 远程地址: 127.0.0.1
2025-05-06 20:18:12.183 INFO  com.jiawa.train.common.aspect.LogAspect           :83   [32m1746533892178aqi  [0;39m 请求参数: [{"mobile":"12345667"}]
2025-05-06 20:18:12.185 INFO  com.zaxxer.hikari.HikariDataSource                :109  [32m1746533892178aqi  [0;39m HikariPool-2 - Starting...
2025-05-06 20:18:12.217 INFO  com.zaxxer.hikari.pool.HikariPool                 :554  [32m1746533892178aqi  [0;39m HikariPool-2 - Added connection com.mysql.cj.jdbc.ConnectionImpl@4571a8b5
2025-05-06 20:18:12.220 INFO  com.zaxxer.hikari.HikariDataSource                :122  [32m1746533892178aqi  [0;39m HikariPool-2 - Start completed.
2025-05-06 20:18:12.220 DEBUG c.j.t.member.mapper.MemberMapper.selectByExample  :135  [32m1746533892178aqi  [0;39m ==>  Preparing: select id, mobile from member WHERE ( mobile = ? )
2025-05-06 20:18:12.221 DEBUG c.j.t.member.mapper.MemberMapper.selectByExample  :135  [32m1746533892178aqi  [0;39m ==> Parameters: 12345667(String)
2025-05-06 20:18:12.224 DEBUG c.j.t.member.mapper.MemberMapper.selectByExample  :135  [32m1746533892178aqi  [0;39m <==      Total: 0
2025-05-06 20:18:12.224 DEBUG com.jiawa.train.member.mapper.MemberMapper.insert :135  [32m1746533892178aqi  [0;39m ==>  Preparing: insert into member (id, mobile) values (?, ?)
2025-05-06 20:18:12.225 DEBUG com.jiawa.train.member.mapper.MemberMapper.insert :135  [32m1746533892178aqi  [0;39m ==> Parameters: 1746533892224(Long), 12345667(String)
2025-05-06 20:18:12.231 DEBUG com.jiawa.train.member.mapper.MemberMapper.insert :135  [32m1746533892178aqi  [0;39m <==    Updates: 1
2025-05-06 20:18:12.234 INFO  com.jiawa.train.common.aspect.LogAspect           :107  [32m1746533892178aqi  [0;39m 返回结果: {"content":1746533892224,"success":true}
2025-05-06 20:18:12.234 INFO  com.jiawa.train.common.aspect.LogAspect           :108  [32m1746533892178aqi  [0;39m ------------- 结束 耗时：56 ms -------------
2025-05-06 20:18:47.189 INFO  com.jiawa.train.common.aspect.LogAspect           :52   [32m1746533927189c1g  [0;39m ------------- 开始 -------------
2025-05-06 20:18:47.189 INFO  com.jiawa.train.common.aspect.LogAspect           :53   [32m1746533927189c1g  [0;39m 请求地址: http://127.0.0.1:8001/member/member/count GET
2025-05-06 20:18:47.189 INFO  com.jiawa.train.common.aspect.LogAspect           :54   [32m1746533927189c1g  [0;39m 类名方法: com.jiawa.train.member.controller.MemberController.count
2025-05-06 20:18:47.189 INFO  com.jiawa.train.common.aspect.LogAspect           :55   [32m1746533927189c1g  [0;39m 远程地址: 127.0.0.1
2025-05-06 20:18:47.189 INFO  com.jiawa.train.common.aspect.LogAspect           :83   [32m1746533927189c1g  [0;39m 请求参数: []
2025-05-06 20:18:47.191 DEBUG c.j.t.member.mapper.MemberMapper.countByExample   :135  [32m1746533927189c1g  [0;39m ==>  Preparing: select count(*) from member
2025-05-06 20:18:47.191 DEBUG c.j.t.member.mapper.MemberMapper.countByExample   :135  [32m1746533927189c1g  [0;39m ==> Parameters: 
2025-05-06 20:18:47.195 TRACE c.j.t.member.mapper.MemberMapper.countByExample   :141  [32m1746533927189c1g  [0;39m <==    Columns: count(*)
2025-05-06 20:18:47.195 TRACE c.j.t.member.mapper.MemberMapper.countByExample   :141  [32m1746533927189c1g  [0;39m <==        Row: 6
2025-05-06 20:18:47.196 DEBUG c.j.t.member.mapper.MemberMapper.countByExample   :135  [32m1746533927189c1g  [0;39m <==      Total: 1
2025-05-06 20:18:47.197 INFO  com.jiawa.train.common.aspect.LogAspect           :107  [32m1746533927189c1g  [0;39m 返回结果: {"content":6,"success":true}
2025-05-06 20:18:47.197 INFO  com.jiawa.train.common.aspect.LogAspect           :108  [32m1746533927189c1g  [0;39m ------------- 结束 耗时：8 ms -------------
2025-05-06 20:24:13.093 INFO  o.s.b.d.a.LocalDevToolsAutoConfiguration$RestartingClassPathChangeChangedEventListener:211  [32m                  [0;39m Restarting due to 1 class path change (1 addition, 0 deletions, 0 modifications)
2025-05-06 20:24:13.095 INFO  o.s.boot.web.embedded.tomcat.GracefulShutdown     :54   [32m                  [0;39m Commencing graceful shutdown. Waiting for active requests to complete
2025-05-06 20:24:13.095 INFO  org.apache.coyote.http11.Http11NioProtocol        :168  [32m                  [0;39m Pausing ProtocolHandler ["http-nio-8001"]
2025-05-06 20:24:13.108 INFO  o.s.boot.web.embedded.tomcat.GracefulShutdown     :76   [32m                  [0;39m Graceful shutdown complete
2025-05-06 20:24:13.109 INFO  org.apache.coyote.http11.Http11NioProtocol        :168  [32m                  [0;39m Stopping ProtocolHandler ["http-nio-8001"]
2025-05-06 20:24:13.110 INFO  com.zaxxer.hikari.HikariDataSource                :349  [32m                  [0;39m HikariPool-2 - Shutdown initiated...
2025-05-06 20:24:13.117 INFO  com.zaxxer.hikari.HikariDataSource                :351  [32m                  [0;39m HikariPool-2 - Shutdown completed.
2025-05-06 20:24:13.185 INFO  com.jiawa.train.member.config.MemberApplication   :53   [32m                  [0;39m Starting MemberApplication using Java 21.0.2 with PID 24908 (E:\12306-train\train\member\target\classes started by user in E:\12306-train\train)
2025-05-06 20:24:13.185 INFO  com.jiawa.train.member.config.MemberApplication   :652  [32m                  [0;39m No active profile set, falling back to 1 default profile: "default"
2025-05-06 20:24:13.287 INFO  o.springframework.cloud.context.scope.GenericScope:282  [32m                  [0;39m BeanFactory id=3b9ffb75-e695-3722-986a-6dffd04c85a7
2025-05-06 20:24:13.334 INFO  o.s.boot.web.embedded.tomcat.TomcatWebServer      :111  [32m                  [0;39m Tomcat initialized with port 8001 (http)
2025-05-06 20:24:13.335 INFO  org.apache.coyote.http11.Http11NioProtocol        :168  [32m                  [0;39m Initializing ProtocolHandler ["http-nio-8001"]
2025-05-06 20:24:13.335 INFO  org.apache.catalina.core.StandardService          :168  [32m                  [0;39m Starting service [Tomcat]
2025-05-06 20:24:13.335 INFO  org.apache.catalina.core.StandardEngine           :168  [32m                  [0;39m Starting Servlet engine: [Apache Tomcat/10.1.40]
2025-05-06 20:24:13.353 INFO  o.a.c.c.C.[Tomcat].[localhost].[/member]          :168  [32m                  [0;39m Initializing Spring embedded WebApplicationContext
2025-05-06 20:24:13.353 INFO  o.s.b.w.s.c.ServletWebServerApplicationContext    :301  [32m                  [0;39m Root WebApplicationContext: initialization completed in 167 ms
2025-05-06 20:24:13.521 INFO  o.s.b.d.autoconfigure.OptionalLiveReloadServer    :59   [32m                  [0;39m LiveReload server is running on port 35729
2025-05-06 20:24:13.553 INFO  org.apache.coyote.http11.Http11NioProtocol        :168  [32m                  [0;39m Starting ProtocolHandler ["http-nio-8001"]
2025-05-06 20:24:13.556 INFO  o.s.boot.web.embedded.tomcat.TomcatWebServer      :243  [32m                  [0;39m Tomcat started on port 8001 (http) with context path '/member'
2025-05-06 20:24:13.568 INFO  com.jiawa.train.member.config.MemberApplication   :59   [32m                  [0;39m Started MemberApplication in 0.417 seconds (process running for 1080.063)
2025-05-06 20:24:13.569 INFO  o.s.b.d.a.ConditionEvaluationDeltaLoggingListener :63   [32m                  [0;39m Condition evaluation unchanged
2025-05-06 20:24:13.569 INFO  com.jiawa.train.member.config.MemberApplication   :23   [32m                  [0;39m 启动成功!
2025-05-06 20:24:13.570 INFO  com.jiawa.train.member.config.MemberApplication   :24   [32m                  [0;39m 地址：	http://127.0.0.1:8001/test
2025-05-06 20:24:44.380 INFO  o.s.b.d.a.LocalDevToolsAutoConfiguration$RestartingClassPathChangeChangedEventListener:211  [32m                  [0;39m Restarting due to 1 class path change (0 additions, 1 deletion, 0 modifications)
2025-05-06 20:24:44.381 INFO  o.s.boot.web.embedded.tomcat.GracefulShutdown     :54   [32m                  [0;39m Commencing graceful shutdown. Waiting for active requests to complete
2025-05-06 20:24:44.381 INFO  org.apache.coyote.http11.Http11NioProtocol        :168  [32m                  [0;39m Pausing ProtocolHandler ["http-nio-8001"]
2025-05-06 20:24:44.395 INFO  o.s.boot.web.embedded.tomcat.GracefulShutdown     :76   [32m                  [0;39m Graceful shutdown complete
2025-05-06 20:24:44.396 INFO  org.apache.coyote.http11.Http11NioProtocol        :168  [32m                  [0;39m Stopping ProtocolHandler ["http-nio-8001"]
2025-05-06 20:24:44.464 INFO  com.jiawa.train.member.config.MemberApplication   :53   [32m                  [0;39m Starting MemberApplication using Java 21.0.2 with PID 24908 (E:\12306-train\train\member\target\classes started by user in E:\12306-train\train)
2025-05-06 20:24:44.465 INFO  com.jiawa.train.member.config.MemberApplication   :652  [32m                  [0;39m No active profile set, falling back to 1 default profile: "default"
2025-05-06 20:24:44.574 INFO  o.springframework.cloud.context.scope.GenericScope:282  [32m                  [0;39m BeanFactory id=3b9ffb75-e695-3722-986a-6dffd04c85a7
2025-05-06 20:24:44.638 INFO  o.s.boot.web.embedded.tomcat.TomcatWebServer      :111  [32m                  [0;39m Tomcat initialized with port 8001 (http)
2025-05-06 20:24:44.639 INFO  org.apache.coyote.http11.Http11NioProtocol        :168  [32m                  [0;39m Initializing ProtocolHandler ["http-nio-8001"]
2025-05-06 20:24:44.639 INFO  org.apache.catalina.core.StandardService          :168  [32m                  [0;39m Starting service [Tomcat]
2025-05-06 20:24:44.639 INFO  org.apache.catalina.core.StandardEngine           :168  [32m                  [0;39m Starting Servlet engine: [Apache Tomcat/10.1.40]
2025-05-06 20:24:44.660 INFO  o.a.c.c.C.[Tomcat].[localhost].[/member]          :168  [32m                  [0;39m Initializing Spring embedded WebApplicationContext
2025-05-06 20:24:44.660 INFO  o.s.b.w.s.c.ServletWebServerApplicationContext    :301  [32m                  [0;39m Root WebApplicationContext: initialization completed in 194 ms
2025-05-06 20:24:44.822 INFO  o.s.b.d.autoconfigure.OptionalLiveReloadServer    :59   [32m                  [0;39m LiveReload server is running on port 35729
2025-05-06 20:24:44.848 INFO  org.apache.coyote.http11.Http11NioProtocol        :168  [32m                  [0;39m Starting ProtocolHandler ["http-nio-8001"]
2025-05-06 20:24:44.850 INFO  o.s.boot.web.embedded.tomcat.TomcatWebServer      :243  [32m                  [0;39m Tomcat started on port 8001 (http) with context path '/member'
2025-05-06 20:24:44.861 INFO  com.jiawa.train.member.config.MemberApplication   :59   [32m                  [0;39m Started MemberApplication in 0.429 seconds (process running for 1111.355)
2025-05-06 20:24:44.862 INFO  o.s.b.d.a.ConditionEvaluationDeltaLoggingListener :63   [32m                  [0;39m Condition evaluation unchanged
2025-05-06 20:24:44.862 INFO  com.jiawa.train.member.config.MemberApplication   :23   [32m                  [0;39m 启动成功!
2025-05-06 20:24:44.862 INFO  com.jiawa.train.member.config.MemberApplication   :24   [32m                  [0;39m 地址：	http://127.0.0.1:8001/test
2025-05-06 20:25:24.909 INFO  o.s.b.d.a.LocalDevToolsAutoConfiguration$RestartingClassPathChangeChangedEventListener:211  [32m                  [0;39m Restarting due to 1 class path change (1 addition, 0 deletions, 0 modifications)
2025-05-06 20:25:24.910 INFO  o.s.boot.web.embedded.tomcat.GracefulShutdown     :54   [32m                  [0;39m Commencing graceful shutdown. Waiting for active requests to complete
2025-05-06 20:25:24.911 INFO  org.apache.coyote.http11.Http11NioProtocol        :168  [32m                  [0;39m Pausing ProtocolHandler ["http-nio-8001"]
2025-05-06 20:25:24.926 INFO  o.s.boot.web.embedded.tomcat.GracefulShutdown     :76   [32m                  [0;39m Graceful shutdown complete
2025-05-06 20:25:24.926 INFO  org.apache.coyote.http11.Http11NioProtocol        :168  [32m                  [0;39m Stopping ProtocolHandler ["http-nio-8001"]
2025-05-06 20:25:24.994 INFO  com.jiawa.train.member.config.MemberApplication   :53   [32m                  [0;39m Starting MemberApplication using Java 21.0.2 with PID 24908 (E:\12306-train\train\member\target\classes started by user in E:\12306-train\train)
2025-05-06 20:25:24.994 INFO  com.jiawa.train.member.config.MemberApplication   :652  [32m                  [0;39m No active profile set, falling back to 1 default profile: "default"
2025-05-06 20:25:25.110 INFO  o.springframework.cloud.context.scope.GenericScope:282  [32m                  [0;39m BeanFactory id=66c3d467-3fbb-3b17-aa84-5ccaedd30892
2025-05-06 20:25:25.171 INFO  o.s.boot.web.embedded.tomcat.TomcatWebServer      :111  [32m                  [0;39m Tomcat initialized with port 8001 (http)
2025-05-06 20:25:25.172 INFO  org.apache.coyote.http11.Http11NioProtocol        :168  [32m                  [0;39m Initializing ProtocolHandler ["http-nio-8001"]
2025-05-06 20:25:25.172 INFO  org.apache.catalina.core.StandardService          :168  [32m                  [0;39m Starting service [Tomcat]
2025-05-06 20:25:25.172 INFO  org.apache.catalina.core.StandardEngine           :168  [32m                  [0;39m Starting Servlet engine: [Apache Tomcat/10.1.40]
2025-05-06 20:25:25.191 INFO  o.a.c.c.C.[Tomcat].[localhost].[/member]          :168  [32m                  [0;39m Initializing Spring embedded WebApplicationContext
2025-05-06 20:25:25.192 INFO  o.s.b.w.s.c.ServletWebServerApplicationContext    :301  [32m                  [0;39m Root WebApplicationContext: initialization completed in 196 ms
2025-05-06 20:25:25.342 INFO  o.s.b.d.autoconfigure.OptionalLiveReloadServer    :59   [32m                  [0;39m LiveReload server is running on port 35729
2025-05-06 20:25:25.365 INFO  org.apache.coyote.http11.Http11NioProtocol        :168  [32m                  [0;39m Starting ProtocolHandler ["http-nio-8001"]
2025-05-06 20:25:25.368 INFO  o.s.boot.web.embedded.tomcat.TomcatWebServer      :243  [32m                  [0;39m Tomcat started on port 8001 (http) with context path '/member'
2025-05-06 20:25:25.379 INFO  com.jiawa.train.member.config.MemberApplication   :59   [32m                  [0;39m Started MemberApplication in 0.422 seconds (process running for 1151.874)
2025-05-06 20:25:25.380 INFO  o.s.b.d.a.ConditionEvaluationDeltaLoggingListener :63   [32m                  [0;39m Condition evaluation unchanged
2025-05-06 20:25:25.380 INFO  com.jiawa.train.member.config.MemberApplication   :23   [32m                  [0;39m 启动成功!
2025-05-06 20:25:25.380 INFO  com.jiawa.train.member.config.MemberApplication   :24   [32m                  [0;39m 地址：	http://127.0.0.1:8001/test
2025-05-06 20:26:25.811 INFO  o.s.b.d.a.LocalDevToolsAutoConfiguration$RestartingClassPathChangeChangedEventListener:211  [32m                  [0;39m Restarting due to 1 class path change (0 additions, 0 deletions, 1 modification)
2025-05-06 20:26:25.812 INFO  o.s.boot.web.embedded.tomcat.GracefulShutdown     :54   [32m                  [0;39m Commencing graceful shutdown. Waiting for active requests to complete
2025-05-06 20:26:25.813 INFO  org.apache.coyote.http11.Http11NioProtocol        :168  [32m                  [0;39m Pausing ProtocolHandler ["http-nio-8001"]
2025-05-06 20:26:25.824 INFO  o.s.boot.web.embedded.tomcat.GracefulShutdown     :76   [32m                  [0;39m Graceful shutdown complete
2025-05-06 20:26:25.824 INFO  org.apache.coyote.http11.Http11NioProtocol        :168  [32m                  [0;39m Stopping ProtocolHandler ["http-nio-8001"]
2025-05-06 20:26:25.899 INFO  com.jiawa.train.member.config.MemberApplication   :53   [32m                  [0;39m Starting MemberApplication using Java 21.0.2 with PID 24908 (E:\12306-train\train\member\target\classes started by user in E:\12306-train\train)
2025-05-06 20:26:25.899 INFO  com.jiawa.train.member.config.MemberApplication   :652  [32m                  [0;39m No active profile set, falling back to 1 default profile: "default"
2025-05-06 20:26:26.007 INFO  o.springframework.cloud.context.scope.GenericScope:282  [32m                  [0;39m BeanFactory id=66c3d467-3fbb-3b17-aa84-5ccaedd30892
2025-05-06 20:26:26.055 INFO  o.s.boot.web.embedded.tomcat.TomcatWebServer      :111  [32m                  [0;39m Tomcat initialized with port 8001 (http)
2025-05-06 20:26:26.056 INFO  org.apache.coyote.http11.Http11NioProtocol        :168  [32m                  [0;39m Initializing ProtocolHandler ["http-nio-8001"]
2025-05-06 20:26:26.056 INFO  org.apache.catalina.core.StandardService          :168  [32m                  [0;39m Starting service [Tomcat]
2025-05-06 20:26:26.056 INFO  org.apache.catalina.core.StandardEngine           :168  [32m                  [0;39m Starting Servlet engine: [Apache Tomcat/10.1.40]
2025-05-06 20:26:26.076 INFO  o.a.c.c.C.[Tomcat].[localhost].[/member]          :168  [32m                  [0;39m Initializing Spring embedded WebApplicationContext
2025-05-06 20:26:26.076 INFO  o.s.b.w.s.c.ServletWebServerApplicationContext    :301  [32m                  [0;39m Root WebApplicationContext: initialization completed in 176 ms
2025-05-06 20:26:26.235 INFO  o.s.b.d.autoconfigure.OptionalLiveReloadServer    :59   [32m                  [0;39m LiveReload server is running on port 35729
2025-05-06 20:26:26.263 INFO  org.apache.coyote.http11.Http11NioProtocol        :168  [32m                  [0;39m Starting ProtocolHandler ["http-nio-8001"]
2025-05-06 20:26:26.266 INFO  o.s.boot.web.embedded.tomcat.TomcatWebServer      :243  [32m                  [0;39m Tomcat started on port 8001 (http) with context path '/member'
2025-05-06 20:26:26.277 INFO  com.jiawa.train.member.config.MemberApplication   :59   [32m                  [0;39m Started MemberApplication in 0.416 seconds (process running for 1212.771)
2025-05-06 20:26:26.278 INFO  o.s.b.d.a.ConditionEvaluationDeltaLoggingListener :63   [32m                  [0;39m Condition evaluation unchanged
2025-05-06 20:26:26.278 INFO  com.jiawa.train.member.config.MemberApplication   :23   [32m                  [0;39m 启动成功!
2025-05-06 20:26:26.278 INFO  com.jiawa.train.member.config.MemberApplication   :24   [32m                  [0;39m 地址：	http://127.0.0.1:8001/test
2025-05-06 20:26:32.171 INFO  o.a.c.c.C.[Tomcat].[localhost].[/member]          :168  [32m                  [0;39m Initializing Spring DispatcherServlet 'dispatcherServlet'
2025-05-06 20:26:32.171 INFO  org.springframework.web.servlet.DispatcherServlet :532  [32m                  [0;39m Initializing Servlet 'dispatcherServlet'
2025-05-06 20:26:32.171 INFO  org.springframework.web.servlet.DispatcherServlet :554  [32m                  [0;39m Completed initialization in 0 ms
2025-05-06 20:26:32.174 INFO  com.jiawa.train.common.aspect.LogAspect           :52   [32m17465343921733aw  [0;39m ------------- 开始 -------------
2025-05-06 20:26:32.174 INFO  com.jiawa.train.common.aspect.LogAspect           :53   [32m17465343921733aw  [0;39m 请求地址: http://127.0.0.1:8001/member/member/register POST
2025-05-06 20:26:32.174 INFO  com.jiawa.train.common.aspect.LogAspect           :54   [32m17465343921733aw  [0;39m 类名方法: com.jiawa.train.member.controller.MemberController.register
2025-05-06 20:26:32.175 INFO  com.jiawa.train.common.aspect.LogAspect           :55   [32m17465343921733aw  [0;39m 远程地址: 127.0.0.1
2025-05-06 20:26:32.177 INFO  com.jiawa.train.common.aspect.LogAspect           :83   [32m17465343921733aw  [0;39m 请求参数: [{"mobile":"12345667"}]
2025-05-06 20:26:32.179 INFO  com.zaxxer.hikari.HikariDataSource                :109  [32m17465343921733aw  [0;39m HikariPool-3 - Starting...
2025-05-06 20:26:32.199 INFO  com.zaxxer.hikari.pool.HikariPool                 :554  [32m17465343921733aw  [0;39m HikariPool-3 - Added connection com.mysql.cj.jdbc.ConnectionImpl@63eec6c9
2025-05-06 20:26:32.199 INFO  com.zaxxer.hikari.HikariDataSource                :122  [32m17465343921733aw  [0;39m HikariPool-3 - Start completed.
2025-05-06 20:26:32.199 DEBUG c.j.t.member.mapper.MemberMapper.selectByExample  :135  [32m17465343921733aw  [0;39m ==>  Preparing: select id, mobile from member WHERE ( mobile = ? )
2025-05-06 20:26:32.199 DEBUG c.j.t.member.mapper.MemberMapper.selectByExample  :135  [32m17465343921733aw  [0;39m ==> Parameters: 12345667(String)
2025-05-06 20:26:32.203 TRACE c.j.t.member.mapper.MemberMapper.selectByExample  :141  [32m17465343921733aw  [0;39m <==    Columns: id, mobile
2025-05-06 20:26:32.203 TRACE c.j.t.member.mapper.MemberMapper.selectByExample  :141  [32m17465343921733aw  [0;39m <==        Row: 1746533892224, 12345667
2025-05-06 20:26:32.204 DEBUG c.j.t.member.mapper.MemberMapper.selectByExample  :135  [32m17465343921733aw  [0;39m <==      Total: 1
2025-05-06 20:26:32.206 ERROR c.j.t.common.controller.ControllerExceptionHandler:30   [32m17465343921733aw  [0;39m 系统异常：
java.lang.RuntimeException: the mobile phone has been created!
	at com.jiawa.train.member.service.MemberService.register(MemberService.java:29)
	at com.jiawa.train.member.controller.MemberController.register(MemberController.java:27)
	at java.base/jdk.internal.reflect.DirectMethodHandleAccessor.invoke(DirectMethodHandleAccessor.java:103)
	at java.base/java.lang.reflect.Method.invoke(Method.java:580)
	at org.springframework.aop.support.AopUtils.invokeJoinpointUsingReflection(AopUtils.java:359)
	at org.springframework.aop.framework.ReflectiveMethodInvocation.invokeJoinpoint(ReflectiveMethodInvocation.java:196)
	at org.springframework.aop.framework.ReflectiveMethodInvocation.proceed(ReflectiveMethodInvocation.java:163)
	at org.springframework.aop.framework.adapter.MethodBeforeAdviceInterceptor.invoke(MethodBeforeAdviceInterceptor.java:58)
	at org.springframework.aop.framework.ReflectiveMethodInvocation.proceed(ReflectiveMethodInvocation.java:184)
	at org.springframework.aop.aspectj.MethodInvocationProceedingJoinPoint.proceed(MethodInvocationProceedingJoinPoint.java:89)
	at com.jiawa.train.common.aspect.LogAspect.doAround(LogAspect.java:94)
	at java.base/jdk.internal.reflect.DirectMethodHandleAccessor.invoke(DirectMethodHandleAccessor.java:103)
	at java.base/java.lang.reflect.Method.invoke(Method.java:580)
	at org.springframework.aop.aspectj.AbstractAspectJAdvice.invokeAdviceMethodWithGivenArgs(AbstractAspectJAdvice.java:642)
	at org.springframework.aop.aspectj.AbstractAspectJAdvice.invokeAdviceMethod(AbstractAspectJAdvice.java:632)
	at org.springframework.aop.aspectj.AspectJAroundAdvice.invoke(AspectJAroundAdvice.java:71)
	at org.springframework.aop.framework.ReflectiveMethodInvocation.proceed(ReflectiveMethodInvocation.java:184)
	at org.springframework.aop.interceptor.ExposeInvocationInterceptor.invoke(ExposeInvocationInterceptor.java:97)
	at org.springframework.aop.framework.ReflectiveMethodInvocation.proceed(ReflectiveMethodInvocation.java:184)
	at org.springframework.aop.framework.CglibAopProxy$DynamicAdvisedInterceptor.intercept(CglibAopProxy.java:728)
	at com.jiawa.train.member.controller.MemberController$$SpringCGLIB$$0.register(<generated>)
	at java.base/jdk.internal.reflect.DirectMethodHandleAccessor.invoke(DirectMethodHandleAccessor.java:103)
	at java.base/java.lang.reflect.Method.invoke(Method.java:580)
	at org.springframework.web.method.support.InvocableHandlerMethod.doInvoke(InvocableHandlerMethod.java:258)
	at org.springframework.web.method.support.InvocableHandlerMethod.invokeForRequest(InvocableHandlerMethod.java:191)
	at org.springframework.web.servlet.mvc.method.annotation.ServletInvocableHandlerMethod.invokeAndHandle(ServletInvocableHandlerMethod.java:118)
	at org.springframework.web.servlet.mvc.method.annotation.RequestMappingHandlerAdapter.invokeHandlerMethod(RequestMappingHandlerAdapter.java:986)
	at org.springframework.web.servlet.mvc.method.annotation.RequestMappingHandlerAdapter.handleInternal(RequestMappingHandlerAdapter.java:891)
	at org.springframework.web.servlet.mvc.method.AbstractHandlerMethodAdapter.handle(AbstractHandlerMethodAdapter.java:87)
	at org.springframework.web.servlet.DispatcherServlet.doDispatch(DispatcherServlet.java:1089)
	at org.springframework.web.servlet.DispatcherServlet.doService(DispatcherServlet.java:979)
	at org.springframework.web.servlet.FrameworkServlet.processRequest(FrameworkServlet.java:1014)
	at org.springframework.web.servlet.FrameworkServlet.doPost(FrameworkServlet.java:914)
	at jakarta.servlet.http.HttpServlet.service(HttpServlet.java:590)
	at org.springframework.web.servlet.FrameworkServlet.service(FrameworkServlet.java:885)
	at jakarta.servlet.http.HttpServlet.service(HttpServlet.java:658)
	at org.apache.catalina.core.ApplicationFilterChain.internalDoFilter(ApplicationFilterChain.java:195)
	at org.apache.catalina.core.ApplicationFilterChain.doFilter(ApplicationFilterChain.java:140)
	at org.apache.tomcat.websocket.server.WsFilter.doFilter(WsFilter.java:51)
	at org.apache.catalina.core.ApplicationFilterChain.internalDoFilter(ApplicationFilterChain.java:164)
	at org.apache.catalina.core.ApplicationFilterChain.doFilter(ApplicationFilterChain.java:140)
	at org.springframework.web.filter.RequestContextFilter.doFilterInternal(RequestContextFilter.java:100)
	at org.springframework.web.filter.OncePerRequestFilter.doFilter(OncePerRequestFilter.java:116)
	at org.apache.catalina.core.ApplicationFilterChain.internalDoFilter(ApplicationFilterChain.java:164)
	at org.apache.catalina.core.ApplicationFilterChain.doFilter(ApplicationFilterChain.java:140)
	at org.springframework.web.filter.FormContentFilter.doFilterInternal(FormContentFilter.java:93)
	at org.springframework.web.filter.OncePerRequestFilter.doFilter(OncePerRequestFilter.java:116)
	at org.apache.catalina.core.ApplicationFilterChain.internalDoFilter(ApplicationFilterChain.java:164)
	at org.apache.catalina.core.ApplicationFilterChain.doFilter(ApplicationFilterChain.java:140)
	at org.springframework.web.filter.CharacterEncodingFilter.doFilterInternal(CharacterEncodingFilter.java:201)
	at org.springframework.web.filter.OncePerRequestFilter.doFilter(OncePerRequestFilter.java:116)
	at org.apache.catalina.core.ApplicationFilterChain.internalDoFilter(ApplicationFilterChain.java:164)
	at org.apache.catalina.core.ApplicationFilterChain.doFilter(ApplicationFilterChain.java:140)
	at org.apache.catalina.core.StandardWrapperValve.invoke(StandardWrapperValve.java:167)
	at org.apache.catalina.core.StandardContextValve.invoke(StandardContextValve.java:90)
	at org.apache.catalina.authenticator.AuthenticatorBase.invoke(AuthenticatorBase.java:483)
	at org.apache.catalina.core.StandardHostValve.invoke(StandardHostValve.java:116)
	at org.apache.catalina.valves.ErrorReportValve.invoke(ErrorReportValve.java:93)
	at org.apache.catalina.core.StandardEngineValve.invoke(StandardEngineValve.java:74)
	at org.apache.catalina.connector.CoyoteAdapter.service(CoyoteAdapter.java:344)
	at org.apache.coyote.http11.Http11Processor.service(Http11Processor.java:398)
	at org.apache.coyote.AbstractProcessorLight.process(AbstractProcessorLight.java:63)
	at org.apache.coyote.AbstractProtocol$ConnectionHandler.process(AbstractProtocol.java:903)
	at org.apache.tomcat.util.net.NioEndpoint$SocketProcessor.doRun(NioEndpoint.java:1740)
	at org.apache.tomcat.util.net.SocketProcessorBase.run(SocketProcessorBase.java:52)
	at org.apache.tomcat.util.threads.ThreadPoolExecutor.runWorker(ThreadPoolExecutor.java:1189)
	at org.apache.tomcat.util.threads.ThreadPoolExecutor$Worker.run(ThreadPoolExecutor.java:658)
	at org.apache.tomcat.util.threads.TaskThread$WrappingRunnable.run(TaskThread.java:63)
	at java.base/java.lang.Thread.run(Thread.java:1583)
2025-05-06 20:26:32.209 WARN  o.s.w.s.m.m.a.ExceptionHandlerExceptionResolver   :254  [32m17465343921733aw  [0;39m Resolved [java.lang.RuntimeException: the mobile phone has been created!]
2025-05-06 20:26:56.411 INFO  com.jiawa.train.common.aspect.LogAspect           :52   [32m1746534416411d6r  [0;39m ------------- 开始 -------------
2025-05-06 20:26:56.412 INFO  com.jiawa.train.common.aspect.LogAspect           :53   [32m1746534416411d6r  [0;39m 请求地址: http://127.0.0.1:8001/member/member/count GET
2025-05-06 20:26:56.412 INFO  com.jiawa.train.common.aspect.LogAspect           :54   [32m1746534416411d6r  [0;39m 类名方法: com.jiawa.train.member.controller.MemberController.count
2025-05-06 20:26:56.412 INFO  com.jiawa.train.common.aspect.LogAspect           :55   [32m1746534416411d6r  [0;39m 远程地址: 127.0.0.1
2025-05-06 20:26:56.412 INFO  com.jiawa.train.common.aspect.LogAspect           :83   [32m1746534416411d6r  [0;39m 请求参数: []
2025-05-06 20:26:56.414 DEBUG c.j.t.member.mapper.MemberMapper.countByExample   :135  [32m1746534416411d6r  [0;39m ==>  Preparing: select count(*) from member
2025-05-06 20:26:56.415 DEBUG c.j.t.member.mapper.MemberMapper.countByExample   :135  [32m1746534416411d6r  [0;39m ==> Parameters: 
2025-05-06 20:26:56.416 TRACE c.j.t.member.mapper.MemberMapper.countByExample   :141  [32m1746534416411d6r  [0;39m <==    Columns: count(*)
2025-05-06 20:26:56.416 TRACE c.j.t.member.mapper.MemberMapper.countByExample   :141  [32m1746534416411d6r  [0;39m <==        Row: 6
2025-05-06 20:26:56.417 DEBUG c.j.t.member.mapper.MemberMapper.countByExample   :135  [32m1746534416411d6r  [0;39m <==      Total: 1
2025-05-06 20:26:56.418 INFO  com.jiawa.train.common.aspect.LogAspect           :107  [32m1746534416411d6r  [0;39m 返回结果: {"content":6,"success":true}
2025-05-06 20:26:56.418 INFO  com.jiawa.train.common.aspect.LogAspect           :108  [32m1746534416411d6r  [0;39m ------------- 结束 耗时：7 ms -------------
2025-05-06 20:26:59.166 INFO  com.jiawa.train.common.aspect.LogAspect           :52   [32m1746534419166ojr  [0;39m ------------- 开始 -------------
2025-05-06 20:26:59.166 INFO  com.jiawa.train.common.aspect.LogAspect           :53   [32m1746534419166ojr  [0;39m 请求地址: http://127.0.0.1:8001/member/member/register POST
2025-05-06 20:26:59.166 INFO  com.jiawa.train.common.aspect.LogAspect           :54   [32m1746534419166ojr  [0;39m 类名方法: com.jiawa.train.member.controller.MemberController.register
2025-05-06 20:26:59.166 INFO  com.jiawa.train.common.aspect.LogAspect           :55   [32m1746534419166ojr  [0;39m 远程地址: 127.0.0.1
2025-05-06 20:26:59.166 INFO  com.jiawa.train.common.aspect.LogAspect           :83   [32m1746534419166ojr  [0;39m 请求参数: [{"mobile":"12345667"}]
2025-05-06 20:26:59.168 DEBUG c.j.t.member.mapper.MemberMapper.selectByExample  :135  [32m1746534419166ojr  [0;39m ==>  Preparing: select id, mobile from member WHERE ( mobile = ? )
2025-05-06 20:26:59.168 DEBUG c.j.t.member.mapper.MemberMapper.selectByExample  :135  [32m1746534419166ojr  [0;39m ==> Parameters: 12345667(String)
2025-05-06 20:26:59.169 TRACE c.j.t.member.mapper.MemberMapper.selectByExample  :141  [32m1746534419166ojr  [0;39m <==    Columns: id, mobile
2025-05-06 20:26:59.170 TRACE c.j.t.member.mapper.MemberMapper.selectByExample  :141  [32m1746534419166ojr  [0;39m <==        Row: 1746533892224, 12345667
2025-05-06 20:26:59.170 DEBUG c.j.t.member.mapper.MemberMapper.selectByExample  :135  [32m1746534419166ojr  [0;39m <==      Total: 1
2025-05-06 20:26:59.171 ERROR c.j.t.common.controller.ControllerExceptionHandler:30   [32m1746534419166ojr  [0;39m 系统异常：
java.lang.RuntimeException: the mobile phone has been created!
	at com.jiawa.train.member.service.MemberService.register(MemberService.java:29)
	at com.jiawa.train.member.controller.MemberController.register(MemberController.java:27)
	at java.base/jdk.internal.reflect.DirectMethodHandleAccessor.invoke(DirectMethodHandleAccessor.java:103)
	at java.base/java.lang.reflect.Method.invoke(Method.java:580)
	at org.springframework.aop.support.AopUtils.invokeJoinpointUsingReflection(AopUtils.java:359)
	at org.springframework.aop.framework.ReflectiveMethodInvocation.invokeJoinpoint(ReflectiveMethodInvocation.java:196)
	at org.springframework.aop.framework.ReflectiveMethodInvocation.proceed(ReflectiveMethodInvocation.java:163)
	at org.springframework.aop.framework.adapter.MethodBeforeAdviceInterceptor.invoke(MethodBeforeAdviceInterceptor.java:58)
	at org.springframework.aop.framework.ReflectiveMethodInvocation.proceed(ReflectiveMethodInvocation.java:184)
	at org.springframework.aop.aspectj.MethodInvocationProceedingJoinPoint.proceed(MethodInvocationProceedingJoinPoint.java:89)
	at com.jiawa.train.common.aspect.LogAspect.doAround(LogAspect.java:94)
	at java.base/jdk.internal.reflect.DirectMethodHandleAccessor.invoke(DirectMethodHandleAccessor.java:103)
	at java.base/java.lang.reflect.Method.invoke(Method.java:580)
	at org.springframework.aop.aspectj.AbstractAspectJAdvice.invokeAdviceMethodWithGivenArgs(AbstractAspectJAdvice.java:642)
	at org.springframework.aop.aspectj.AbstractAspectJAdvice.invokeAdviceMethod(AbstractAspectJAdvice.java:632)
	at org.springframework.aop.aspectj.AspectJAroundAdvice.invoke(AspectJAroundAdvice.java:71)
	at org.springframework.aop.framework.ReflectiveMethodInvocation.proceed(ReflectiveMethodInvocation.java:184)
	at org.springframework.aop.interceptor.ExposeInvocationInterceptor.invoke(ExposeInvocationInterceptor.java:97)
	at org.springframework.aop.framework.ReflectiveMethodInvocation.proceed(ReflectiveMethodInvocation.java:184)
	at org.springframework.aop.framework.CglibAopProxy$DynamicAdvisedInterceptor.intercept(CglibAopProxy.java:728)
	at com.jiawa.train.member.controller.MemberController$$SpringCGLIB$$0.register(<generated>)
	at java.base/jdk.internal.reflect.DirectMethodHandleAccessor.invoke(DirectMethodHandleAccessor.java:103)
	at java.base/java.lang.reflect.Method.invoke(Method.java:580)
	at org.springframework.web.method.support.InvocableHandlerMethod.doInvoke(InvocableHandlerMethod.java:258)
	at org.springframework.web.method.support.InvocableHandlerMethod.invokeForRequest(InvocableHandlerMethod.java:191)
	at org.springframework.web.servlet.mvc.method.annotation.ServletInvocableHandlerMethod.invokeAndHandle(ServletInvocableHandlerMethod.java:118)
	at org.springframework.web.servlet.mvc.method.annotation.RequestMappingHandlerAdapter.invokeHandlerMethod(RequestMappingHandlerAdapter.java:986)
	at org.springframework.web.servlet.mvc.method.annotation.RequestMappingHandlerAdapter.handleInternal(RequestMappingHandlerAdapter.java:891)
	at org.springframework.web.servlet.mvc.method.AbstractHandlerMethodAdapter.handle(AbstractHandlerMethodAdapter.java:87)
	at org.springframework.web.servlet.DispatcherServlet.doDispatch(DispatcherServlet.java:1089)
	at org.springframework.web.servlet.DispatcherServlet.doService(DispatcherServlet.java:979)
	at org.springframework.web.servlet.FrameworkServlet.processRequest(FrameworkServlet.java:1014)
	at org.springframework.web.servlet.FrameworkServlet.doPost(FrameworkServlet.java:914)
	at jakarta.servlet.http.HttpServlet.service(HttpServlet.java:590)
	at org.springframework.web.servlet.FrameworkServlet.service(FrameworkServlet.java:885)
	at jakarta.servlet.http.HttpServlet.service(HttpServlet.java:658)
	at org.apache.catalina.core.ApplicationFilterChain.internalDoFilter(ApplicationFilterChain.java:195)
	at org.apache.catalina.core.ApplicationFilterChain.doFilter(ApplicationFilterChain.java:140)
	at org.apache.tomcat.websocket.server.WsFilter.doFilter(WsFilter.java:51)
	at org.apache.catalina.core.ApplicationFilterChain.internalDoFilter(ApplicationFilterChain.java:164)
	at org.apache.catalina.core.ApplicationFilterChain.doFilter(ApplicationFilterChain.java:140)
	at org.springframework.web.filter.RequestContextFilter.doFilterInternal(RequestContextFilter.java:100)
	at org.springframework.web.filter.OncePerRequestFilter.doFilter(OncePerRequestFilter.java:116)
	at org.apache.catalina.core.ApplicationFilterChain.internalDoFilter(ApplicationFilterChain.java:164)
	at org.apache.catalina.core.ApplicationFilterChain.doFilter(ApplicationFilterChain.java:140)
	at org.springframework.web.filter.FormContentFilter.doFilterInternal(FormContentFilter.java:93)
	at org.springframework.web.filter.OncePerRequestFilter.doFilter(OncePerRequestFilter.java:116)
	at org.apache.catalina.core.ApplicationFilterChain.internalDoFilter(ApplicationFilterChain.java:164)
	at org.apache.catalina.core.ApplicationFilterChain.doFilter(ApplicationFilterChain.java:140)
	at org.springframework.web.filter.CharacterEncodingFilter.doFilterInternal(CharacterEncodingFilter.java:201)
	at org.springframework.web.filter.OncePerRequestFilter.doFilter(OncePerRequestFilter.java:116)
	at org.apache.catalina.core.ApplicationFilterChain.internalDoFilter(ApplicationFilterChain.java:164)
	at org.apache.catalina.core.ApplicationFilterChain.doFilter(ApplicationFilterChain.java:140)
	at org.apache.catalina.core.StandardWrapperValve.invoke(StandardWrapperValve.java:167)
	at org.apache.catalina.core.StandardContextValve.invoke(StandardContextValve.java:90)
	at org.apache.catalina.authenticator.AuthenticatorBase.invoke(AuthenticatorBase.java:483)
	at org.apache.catalina.core.StandardHostValve.invoke(StandardHostValve.java:116)
	at org.apache.catalina.valves.ErrorReportValve.invoke(ErrorReportValve.java:93)
	at org.apache.catalina.core.StandardEngineValve.invoke(StandardEngineValve.java:74)
	at org.apache.catalina.connector.CoyoteAdapter.service(CoyoteAdapter.java:344)
	at org.apache.coyote.http11.Http11Processor.service(Http11Processor.java:398)
	at org.apache.coyote.AbstractProcessorLight.process(AbstractProcessorLight.java:63)
	at org.apache.coyote.AbstractProtocol$ConnectionHandler.process(AbstractProtocol.java:903)
	at org.apache.tomcat.util.net.NioEndpoint$SocketProcessor.doRun(NioEndpoint.java:1740)
	at org.apache.tomcat.util.net.SocketProcessorBase.run(SocketProcessorBase.java:52)
	at org.apache.tomcat.util.threads.ThreadPoolExecutor.runWorker(ThreadPoolExecutor.java:1189)
	at org.apache.tomcat.util.threads.ThreadPoolExecutor$Worker.run(ThreadPoolExecutor.java:658)
	at org.apache.tomcat.util.threads.TaskThread$WrappingRunnable.run(TaskThread.java:63)
	at java.base/java.lang.Thread.run(Thread.java:1583)
2025-05-06 20:26:59.172 WARN  o.s.w.s.m.m.a.ExceptionHandlerExceptionResolver   :254  [32m1746534419166ojr  [0;39m Resolved [java.lang.RuntimeException: the mobile phone has been created!]
2025-05-06 20:27:00.164 INFO  com.jiawa.train.common.aspect.LogAspect           :52   [32m17465344201642jj  [0;39m ------------- 开始 -------------
2025-05-06 20:27:00.164 INFO  com.jiawa.train.common.aspect.LogAspect           :53   [32m17465344201642jj  [0;39m 请求地址: http://127.0.0.1:8001/member/member/register POST
2025-05-06 20:27:00.164 INFO  com.jiawa.train.common.aspect.LogAspect           :54   [32m17465344201642jj  [0;39m 类名方法: com.jiawa.train.member.controller.MemberController.register
2025-05-06 20:27:00.164 INFO  com.jiawa.train.common.aspect.LogAspect           :55   [32m17465344201642jj  [0;39m 远程地址: 127.0.0.1
2025-05-06 20:27:00.165 INFO  com.jiawa.train.common.aspect.LogAspect           :83   [32m17465344201642jj  [0;39m 请求参数: [{"mobile":"12345667"}]
2025-05-06 20:27:00.166 DEBUG c.j.t.member.mapper.MemberMapper.selectByExample  :135  [32m17465344201642jj  [0;39m ==>  Preparing: select id, mobile from member WHERE ( mobile = ? )
2025-05-06 20:27:00.166 DEBUG c.j.t.member.mapper.MemberMapper.selectByExample  :135  [32m17465344201642jj  [0;39m ==> Parameters: 12345667(String)
2025-05-06 20:27:00.168 TRACE c.j.t.member.mapper.MemberMapper.selectByExample  :141  [32m17465344201642jj  [0;39m <==    Columns: id, mobile
2025-05-06 20:27:00.168 TRACE c.j.t.member.mapper.MemberMapper.selectByExample  :141  [32m17465344201642jj  [0;39m <==        Row: 1746533892224, 12345667
2025-05-06 20:27:00.168 DEBUG c.j.t.member.mapper.MemberMapper.selectByExample  :135  [32m17465344201642jj  [0;39m <==      Total: 1
2025-05-06 20:27:00.168 ERROR c.j.t.common.controller.ControllerExceptionHandler:30   [32m17465344201642jj  [0;39m 系统异常：
java.lang.RuntimeException: the mobile phone has been created!
	at com.jiawa.train.member.service.MemberService.register(MemberService.java:29)
	at com.jiawa.train.member.controller.MemberController.register(MemberController.java:27)
	at java.base/jdk.internal.reflect.DirectMethodHandleAccessor.invoke(DirectMethodHandleAccessor.java:103)
	at java.base/java.lang.reflect.Method.invoke(Method.java:580)
	at org.springframework.aop.support.AopUtils.invokeJoinpointUsingReflection(AopUtils.java:359)
	at org.springframework.aop.framework.ReflectiveMethodInvocation.invokeJoinpoint(ReflectiveMethodInvocation.java:196)
	at org.springframework.aop.framework.ReflectiveMethodInvocation.proceed(ReflectiveMethodInvocation.java:163)
	at org.springframework.aop.framework.adapter.MethodBeforeAdviceInterceptor.invoke(MethodBeforeAdviceInterceptor.java:58)
	at org.springframework.aop.framework.ReflectiveMethodInvocation.proceed(ReflectiveMethodInvocation.java:184)
	at org.springframework.aop.aspectj.MethodInvocationProceedingJoinPoint.proceed(MethodInvocationProceedingJoinPoint.java:89)
	at com.jiawa.train.common.aspect.LogAspect.doAround(LogAspect.java:94)
	at java.base/jdk.internal.reflect.DirectMethodHandleAccessor.invoke(DirectMethodHandleAccessor.java:103)
	at java.base/java.lang.reflect.Method.invoke(Method.java:580)
	at org.springframework.aop.aspectj.AbstractAspectJAdvice.invokeAdviceMethodWithGivenArgs(AbstractAspectJAdvice.java:642)
	at org.springframework.aop.aspectj.AbstractAspectJAdvice.invokeAdviceMethod(AbstractAspectJAdvice.java:632)
	at org.springframework.aop.aspectj.AspectJAroundAdvice.invoke(AspectJAroundAdvice.java:71)
	at org.springframework.aop.framework.ReflectiveMethodInvocation.proceed(ReflectiveMethodInvocation.java:184)
	at org.springframework.aop.interceptor.ExposeInvocationInterceptor.invoke(ExposeInvocationInterceptor.java:97)
	at org.springframework.aop.framework.ReflectiveMethodInvocation.proceed(ReflectiveMethodInvocation.java:184)
	at org.springframework.aop.framework.CglibAopProxy$DynamicAdvisedInterceptor.intercept(CglibAopProxy.java:728)
	at com.jiawa.train.member.controller.MemberController$$SpringCGLIB$$0.register(<generated>)
	at java.base/jdk.internal.reflect.DirectMethodHandleAccessor.invoke(DirectMethodHandleAccessor.java:103)
	at java.base/java.lang.reflect.Method.invoke(Method.java:580)
	at org.springframework.web.method.support.InvocableHandlerMethod.doInvoke(InvocableHandlerMethod.java:258)
	at org.springframework.web.method.support.InvocableHandlerMethod.invokeForRequest(InvocableHandlerMethod.java:191)
	at org.springframework.web.servlet.mvc.method.annotation.ServletInvocableHandlerMethod.invokeAndHandle(ServletInvocableHandlerMethod.java:118)
	at org.springframework.web.servlet.mvc.method.annotation.RequestMappingHandlerAdapter.invokeHandlerMethod(RequestMappingHandlerAdapter.java:986)
	at org.springframework.web.servlet.mvc.method.annotation.RequestMappingHandlerAdapter.handleInternal(RequestMappingHandlerAdapter.java:891)
	at org.springframework.web.servlet.mvc.method.AbstractHandlerMethodAdapter.handle(AbstractHandlerMethodAdapter.java:87)
	at org.springframework.web.servlet.DispatcherServlet.doDispatch(DispatcherServlet.java:1089)
	at org.springframework.web.servlet.DispatcherServlet.doService(DispatcherServlet.java:979)
	at org.springframework.web.servlet.FrameworkServlet.processRequest(FrameworkServlet.java:1014)
	at org.springframework.web.servlet.FrameworkServlet.doPost(FrameworkServlet.java:914)
	at jakarta.servlet.http.HttpServlet.service(HttpServlet.java:590)
	at org.springframework.web.servlet.FrameworkServlet.service(FrameworkServlet.java:885)
	at jakarta.servlet.http.HttpServlet.service(HttpServlet.java:658)
	at org.apache.catalina.core.ApplicationFilterChain.internalDoFilter(ApplicationFilterChain.java:195)
	at org.apache.catalina.core.ApplicationFilterChain.doFilter(ApplicationFilterChain.java:140)
	at org.apache.tomcat.websocket.server.WsFilter.doFilter(WsFilter.java:51)
	at org.apache.catalina.core.ApplicationFilterChain.internalDoFilter(ApplicationFilterChain.java:164)
	at org.apache.catalina.core.ApplicationFilterChain.doFilter(ApplicationFilterChain.java:140)
	at org.springframework.web.filter.RequestContextFilter.doFilterInternal(RequestContextFilter.java:100)
	at org.springframework.web.filter.OncePerRequestFilter.doFilter(OncePerRequestFilter.java:116)
	at org.apache.catalina.core.ApplicationFilterChain.internalDoFilter(ApplicationFilterChain.java:164)
	at org.apache.catalina.core.ApplicationFilterChain.doFilter(ApplicationFilterChain.java:140)
	at org.springframework.web.filter.FormContentFilter.doFilterInternal(FormContentFilter.java:93)
	at org.springframework.web.filter.OncePerRequestFilter.doFilter(OncePerRequestFilter.java:116)
	at org.apache.catalina.core.ApplicationFilterChain.internalDoFilter(ApplicationFilterChain.java:164)
	at org.apache.catalina.core.ApplicationFilterChain.doFilter(ApplicationFilterChain.java:140)
	at org.springframework.web.filter.CharacterEncodingFilter.doFilterInternal(CharacterEncodingFilter.java:201)
	at org.springframework.web.filter.OncePerRequestFilter.doFilter(OncePerRequestFilter.java:116)
	at org.apache.catalina.core.ApplicationFilterChain.internalDoFilter(ApplicationFilterChain.java:164)
	at org.apache.catalina.core.ApplicationFilterChain.doFilter(ApplicationFilterChain.java:140)
	at org.apache.catalina.core.StandardWrapperValve.invoke(StandardWrapperValve.java:167)
	at org.apache.catalina.core.StandardContextValve.invoke(StandardContextValve.java:90)
	at org.apache.catalina.authenticator.AuthenticatorBase.invoke(AuthenticatorBase.java:483)
	at org.apache.catalina.core.StandardHostValve.invoke(StandardHostValve.java:116)
	at org.apache.catalina.valves.ErrorReportValve.invoke(ErrorReportValve.java:93)
	at org.apache.catalina.core.StandardEngineValve.invoke(StandardEngineValve.java:74)
	at org.apache.catalina.connector.CoyoteAdapter.service(CoyoteAdapter.java:344)
	at org.apache.coyote.http11.Http11Processor.service(Http11Processor.java:398)
	at org.apache.coyote.AbstractProcessorLight.process(AbstractProcessorLight.java:63)
	at org.apache.coyote.AbstractProtocol$ConnectionHandler.process(AbstractProtocol.java:903)
	at org.apache.tomcat.util.net.NioEndpoint$SocketProcessor.doRun(NioEndpoint.java:1740)
	at org.apache.tomcat.util.net.SocketProcessorBase.run(SocketProcessorBase.java:52)
	at org.apache.tomcat.util.threads.ThreadPoolExecutor.runWorker(ThreadPoolExecutor.java:1189)
	at org.apache.tomcat.util.threads.ThreadPoolExecutor$Worker.run(ThreadPoolExecutor.java:658)
	at org.apache.tomcat.util.threads.TaskThread$WrappingRunnable.run(TaskThread.java:63)
	at java.base/java.lang.Thread.run(Thread.java:1583)
2025-05-06 20:27:00.169 WARN  o.s.w.s.m.m.a.ExceptionHandlerExceptionResolver   :254  [32m17465344201642jj  [0;39m Resolved [java.lang.RuntimeException: the mobile phone has been created!]
2025-05-06 20:27:22.377 INFO  o.s.boot.web.embedded.tomcat.GracefulShutdown     :54   [32m                  [0;39m Commencing graceful shutdown. Waiting for active requests to complete
2025-05-06 20:27:22.396 INFO  o.s.boot.web.embedded.tomcat.GracefulShutdown     :76   [32m                  [0;39m Graceful shutdown complete
2025-05-06 20:27:22.399 INFO  com.zaxxer.hikari.HikariDataSource                :349  [32m                  [0;39m HikariPool-3 - Shutdown initiated...
2025-05-06 20:27:22.403 INFO  com.zaxxer.hikari.HikariDataSource                :351  [32m                  [0;39m HikariPool-3 - Shutdown completed.
2025-05-06 20:27:25.499 INFO  com.jiawa.train.member.config.MemberApplication   :53   [32m                  [0;39m Starting MemberApplication using Java 21.0.2 with PID 27432 (E:\12306-train\train\member\target\classes started by user in E:\12306-train\train)
2025-05-06 20:27:25.500 INFO  com.jiawa.train.member.config.MemberApplication   :652  [32m                  [0;39m No active profile set, falling back to 1 default profile: "default"
2025-05-06 20:27:25.532 INFO  o.s.b.d.env.DevToolsPropertyDefaultsPostProcessor :252  [32m                  [0;39m Devtools property defaults active! Set 'spring.devtools.add-properties' to 'false' to disable
2025-05-06 20:27:25.532 INFO  o.s.b.d.env.DevToolsPropertyDefaultsPostProcessor :252  [32m                  [0;39m For additional web related logging consider setting the 'logging.level.web' property to 'DEBUG'
2025-05-06 20:27:26.007 INFO  o.springframework.cloud.context.scope.GenericScope:282  [32m                  [0;39m BeanFactory id=66c3d467-3fbb-3b17-aa84-5ccaedd30892
2025-05-06 20:27:26.377 INFO  o.s.boot.web.embedded.tomcat.TomcatWebServer      :111  [32m                  [0;39m Tomcat initialized with port 8001 (http)
2025-05-06 20:27:26.385 INFO  org.apache.coyote.http11.Http11NioProtocol        :168  [32m                  [0;39m Initializing ProtocolHandler ["http-nio-8001"]
2025-05-06 20:27:26.386 INFO  org.apache.catalina.core.StandardService          :168  [32m                  [0;39m Starting service [Tomcat]
2025-05-06 20:27:26.387 INFO  org.apache.catalina.core.StandardEngine           :168  [32m                  [0;39m Starting Servlet engine: [Apache Tomcat/10.1.40]
2025-05-06 20:27:26.422 INFO  o.a.c.c.C.[Tomcat].[localhost].[/member]          :168  [32m                  [0;39m Initializing Spring embedded WebApplicationContext
2025-05-06 20:27:26.423 INFO  o.s.b.w.s.c.ServletWebServerApplicationContext    :301  [32m                  [0;39m Root WebApplicationContext: initialization completed in 890 ms
2025-05-06 20:27:26.959 INFO  o.s.b.d.autoconfigure.OptionalLiveReloadServer    :59   [32m                  [0;39m LiveReload server is running on port 35729
2025-05-06 20:27:27.011 INFO  org.apache.coyote.http11.Http11NioProtocol        :168  [32m                  [0;39m Starting ProtocolHandler ["http-nio-8001"]
2025-05-06 20:27:27.024 INFO  o.s.boot.web.embedded.tomcat.TomcatWebServer      :243  [32m                  [0;39m Tomcat started on port 8001 (http) with context path '/member'
2025-05-06 20:27:27.038 INFO  com.jiawa.train.member.config.MemberApplication   :59   [32m                  [0;39m Started MemberApplication in 1.925 seconds (process running for 2.528)
2025-05-06 20:27:27.040 INFO  com.jiawa.train.member.config.MemberApplication   :23   [32m                  [0;39m 启动成功!
2025-05-06 20:27:27.040 INFO  com.jiawa.train.member.config.MemberApplication   :24   [32m                  [0;39m 地址：	http://127.0.0.1:8001/test
2025-05-06 20:27:30.358 INFO  o.a.c.c.C.[Tomcat].[localhost].[/member]          :168  [32m                  [0;39m Initializing Spring DispatcherServlet 'dispatcherServlet'
2025-05-06 20:27:30.359 INFO  org.springframework.web.servlet.DispatcherServlet :532  [32m                  [0;39m Initializing Servlet 'dispatcherServlet'
2025-05-06 20:27:30.359 INFO  org.springframework.web.servlet.DispatcherServlet :554  [32m                  [0;39m Completed initialization in 0 ms
2025-05-06 20:27:30.381 INFO  com.jiawa.train.common.aspect.LogAspect           :52   [32m1746534450378qcx  [0;39m ------------- 开始 -------------
2025-05-06 20:27:30.382 INFO  com.jiawa.train.common.aspect.LogAspect           :53   [32m1746534450378qcx  [0;39m 请求地址: http://127.0.0.1:8001/member/member/count GET
2025-05-06 20:27:30.382 INFO  com.jiawa.train.common.aspect.LogAspect           :54   [32m1746534450378qcx  [0;39m 类名方法: com.jiawa.train.member.controller.MemberController.count
2025-05-06 20:27:30.382 INFO  com.jiawa.train.common.aspect.LogAspect           :55   [32m1746534450378qcx  [0;39m 远程地址: 127.0.0.1
2025-05-06 20:27:30.460 INFO  com.jiawa.train.common.aspect.LogAspect           :83   [32m1746534450378qcx  [0;39m 请求参数: []
2025-05-06 20:27:30.480 INFO  com.zaxxer.hikari.HikariDataSource                :109  [32m1746534450378qcx  [0;39m HikariPool-1 - Starting...
2025-05-06 20:27:30.665 INFO  com.zaxxer.hikari.pool.HikariPool                 :554  [32m1746534450378qcx  [0;39m HikariPool-1 - Added connection com.mysql.cj.jdbc.ConnectionImpl@7fa28f7a
2025-05-06 20:27:30.666 INFO  com.zaxxer.hikari.HikariDataSource                :122  [32m1746534450378qcx  [0;39m HikariPool-1 - Start completed.
2025-05-06 20:27:30.671 DEBUG c.j.t.member.mapper.MemberMapper.countByExample   :135  [32m1746534450378qcx  [0;39m ==>  Preparing: select count(*) from member
2025-05-06 20:27:30.687 DEBUG c.j.t.member.mapper.MemberMapper.countByExample   :135  [32m1746534450378qcx  [0;39m ==> Parameters: 
2025-05-06 20:27:30.701 TRACE c.j.t.member.mapper.MemberMapper.countByExample   :141  [32m1746534450378qcx  [0;39m <==    Columns: count(*)
2025-05-06 20:27:30.701 TRACE c.j.t.member.mapper.MemberMapper.countByExample   :141  [32m1746534450378qcx  [0;39m <==        Row: 6
2025-05-06 20:27:30.703 DEBUG c.j.t.member.mapper.MemberMapper.countByExample   :135  [32m1746534450378qcx  [0;39m <==      Total: 1
2025-05-06 20:27:30.718 INFO  com.jiawa.train.common.aspect.LogAspect           :107  [32m1746534450378qcx  [0;39m 返回结果: {"content":6,"success":true}
2025-05-06 20:27:30.718 INFO  com.jiawa.train.common.aspect.LogAspect           :108  [32m1746534450378qcx  [0;39m ------------- 结束 耗时：340 ms -------------
2025-05-06 20:27:35.764 INFO  com.jiawa.train.common.aspect.LogAspect           :52   [32m1746534455764q2b  [0;39m ------------- 开始 -------------
2025-05-06 20:27:35.764 INFO  com.jiawa.train.common.aspect.LogAspect           :53   [32m1746534455764q2b  [0;39m 请求地址: http://127.0.0.1:8001/member/member/register POST
2025-05-06 20:27:35.764 INFO  com.jiawa.train.common.aspect.LogAspect           :54   [32m1746534455764q2b  [0;39m 类名方法: com.jiawa.train.member.controller.MemberController.register
2025-05-06 20:27:35.764 INFO  com.jiawa.train.common.aspect.LogAspect           :55   [32m1746534455764q2b  [0;39m 远程地址: 127.0.0.1
2025-05-06 20:27:35.766 INFO  com.jiawa.train.common.aspect.LogAspect           :83   [32m1746534455764q2b  [0;39m 请求参数: [{"mobile":"12345667"}]
2025-05-06 20:27:35.781 DEBUG c.j.t.member.mapper.MemberMapper.selectByExample  :135  [32m1746534455764q2b  [0;39m ==>  Preparing: select id, mobile from member WHERE ( mobile = ? )
2025-05-06 20:27:35.782 DEBUG c.j.t.member.mapper.MemberMapper.selectByExample  :135  [32m1746534455764q2b  [0;39m ==> Parameters: 12345667(String)
2025-05-06 20:27:35.783 TRACE c.j.t.member.mapper.MemberMapper.selectByExample  :141  [32m1746534455764q2b  [0;39m <==    Columns: id, mobile
2025-05-06 20:27:35.783 TRACE c.j.t.member.mapper.MemberMapper.selectByExample  :141  [32m1746534455764q2b  [0;39m <==        Row: 1746533892224, 12345667
2025-05-06 20:27:35.783 DEBUG c.j.t.member.mapper.MemberMapper.selectByExample  :135  [32m1746534455764q2b  [0;39m <==      Total: 1
2025-05-06 20:27:35.787 ERROR c.j.t.common.controller.ControllerExceptionHandler:30   [32m1746534455764q2b  [0;39m 系统异常：
java.lang.RuntimeException: the mobile phone has been created!
	at com.jiawa.train.member.service.MemberService.register(MemberService.java:29)
	at com.jiawa.train.member.controller.MemberController.register(MemberController.java:27)
	at java.base/jdk.internal.reflect.DirectMethodHandleAccessor.invoke(DirectMethodHandleAccessor.java:103)
	at java.base/java.lang.reflect.Method.invoke(Method.java:580)
	at org.springframework.aop.support.AopUtils.invokeJoinpointUsingReflection(AopUtils.java:359)
	at org.springframework.aop.framework.ReflectiveMethodInvocation.invokeJoinpoint(ReflectiveMethodInvocation.java:196)
	at org.springframework.aop.framework.ReflectiveMethodInvocation.proceed(ReflectiveMethodInvocation.java:163)
	at org.springframework.aop.framework.adapter.MethodBeforeAdviceInterceptor.invoke(MethodBeforeAdviceInterceptor.java:58)
	at org.springframework.aop.framework.ReflectiveMethodInvocation.proceed(ReflectiveMethodInvocation.java:184)
	at org.springframework.aop.aspectj.MethodInvocationProceedingJoinPoint.proceed(MethodInvocationProceedingJoinPoint.java:89)
	at com.jiawa.train.common.aspect.LogAspect.doAround(LogAspect.java:94)
	at java.base/jdk.internal.reflect.DirectMethodHandleAccessor.invoke(DirectMethodHandleAccessor.java:103)
	at java.base/java.lang.reflect.Method.invoke(Method.java:580)
	at org.springframework.aop.aspectj.AbstractAspectJAdvice.invokeAdviceMethodWithGivenArgs(AbstractAspectJAdvice.java:642)
	at org.springframework.aop.aspectj.AbstractAspectJAdvice.invokeAdviceMethod(AbstractAspectJAdvice.java:632)
	at org.springframework.aop.aspectj.AspectJAroundAdvice.invoke(AspectJAroundAdvice.java:71)
	at org.springframework.aop.framework.ReflectiveMethodInvocation.proceed(ReflectiveMethodInvocation.java:184)
	at org.springframework.aop.interceptor.ExposeInvocationInterceptor.invoke(ExposeInvocationInterceptor.java:97)
	at org.springframework.aop.framework.ReflectiveMethodInvocation.proceed(ReflectiveMethodInvocation.java:184)
	at org.springframework.aop.framework.CglibAopProxy$DynamicAdvisedInterceptor.intercept(CglibAopProxy.java:728)
	at com.jiawa.train.member.controller.MemberController$$SpringCGLIB$$0.register(<generated>)
	at java.base/jdk.internal.reflect.DirectMethodHandleAccessor.invoke(DirectMethodHandleAccessor.java:103)
	at java.base/java.lang.reflect.Method.invoke(Method.java:580)
	at org.springframework.web.method.support.InvocableHandlerMethod.doInvoke(InvocableHandlerMethod.java:258)
	at org.springframework.web.method.support.InvocableHandlerMethod.invokeForRequest(InvocableHandlerMethod.java:191)
	at org.springframework.web.servlet.mvc.method.annotation.ServletInvocableHandlerMethod.invokeAndHandle(ServletInvocableHandlerMethod.java:118)
	at org.springframework.web.servlet.mvc.method.annotation.RequestMappingHandlerAdapter.invokeHandlerMethod(RequestMappingHandlerAdapter.java:986)
	at org.springframework.web.servlet.mvc.method.annotation.RequestMappingHandlerAdapter.handleInternal(RequestMappingHandlerAdapter.java:891)
	at org.springframework.web.servlet.mvc.method.AbstractHandlerMethodAdapter.handle(AbstractHandlerMethodAdapter.java:87)
	at org.springframework.web.servlet.DispatcherServlet.doDispatch(DispatcherServlet.java:1089)
	at org.springframework.web.servlet.DispatcherServlet.doService(DispatcherServlet.java:979)
	at org.springframework.web.servlet.FrameworkServlet.processRequest(FrameworkServlet.java:1014)
	at org.springframework.web.servlet.FrameworkServlet.doPost(FrameworkServlet.java:914)
	at jakarta.servlet.http.HttpServlet.service(HttpServlet.java:590)
	at org.springframework.web.servlet.FrameworkServlet.service(FrameworkServlet.java:885)
	at jakarta.servlet.http.HttpServlet.service(HttpServlet.java:658)
	at org.apache.catalina.core.ApplicationFilterChain.internalDoFilter(ApplicationFilterChain.java:195)
	at org.apache.catalina.core.ApplicationFilterChain.doFilter(ApplicationFilterChain.java:140)
	at org.apache.tomcat.websocket.server.WsFilter.doFilter(WsFilter.java:51)
	at org.apache.catalina.core.ApplicationFilterChain.internalDoFilter(ApplicationFilterChain.java:164)
	at org.apache.catalina.core.ApplicationFilterChain.doFilter(ApplicationFilterChain.java:140)
	at org.springframework.web.filter.RequestContextFilter.doFilterInternal(RequestContextFilter.java:100)
	at org.springframework.web.filter.OncePerRequestFilter.doFilter(OncePerRequestFilter.java:116)
	at org.apache.catalina.core.ApplicationFilterChain.internalDoFilter(ApplicationFilterChain.java:164)
	at org.apache.catalina.core.ApplicationFilterChain.doFilter(ApplicationFilterChain.java:140)
	at org.springframework.web.filter.FormContentFilter.doFilterInternal(FormContentFilter.java:93)
	at org.springframework.web.filter.OncePerRequestFilter.doFilter(OncePerRequestFilter.java:116)
	at org.apache.catalina.core.ApplicationFilterChain.internalDoFilter(ApplicationFilterChain.java:164)
	at org.apache.catalina.core.ApplicationFilterChain.doFilter(ApplicationFilterChain.java:140)
	at org.springframework.web.filter.CharacterEncodingFilter.doFilterInternal(CharacterEncodingFilter.java:201)
	at org.springframework.web.filter.OncePerRequestFilter.doFilter(OncePerRequestFilter.java:116)
	at org.apache.catalina.core.ApplicationFilterChain.internalDoFilter(ApplicationFilterChain.java:164)
	at org.apache.catalina.core.ApplicationFilterChain.doFilter(ApplicationFilterChain.java:140)
	at org.apache.catalina.core.StandardWrapperValve.invoke(StandardWrapperValve.java:167)
	at org.apache.catalina.core.StandardContextValve.invoke(StandardContextValve.java:90)
	at org.apache.catalina.authenticator.AuthenticatorBase.invoke(AuthenticatorBase.java:483)
	at org.apache.catalina.core.StandardHostValve.invoke(StandardHostValve.java:116)
	at org.apache.catalina.valves.ErrorReportValve.invoke(ErrorReportValve.java:93)
	at org.apache.catalina.core.StandardEngineValve.invoke(StandardEngineValve.java:74)
	at org.apache.catalina.connector.CoyoteAdapter.service(CoyoteAdapter.java:344)
	at org.apache.coyote.http11.Http11Processor.service(Http11Processor.java:398)
	at org.apache.coyote.AbstractProcessorLight.process(AbstractProcessorLight.java:63)
	at org.apache.coyote.AbstractProtocol$ConnectionHandler.process(AbstractProtocol.java:903)
	at org.apache.tomcat.util.net.NioEndpoint$SocketProcessor.doRun(NioEndpoint.java:1740)
	at org.apache.tomcat.util.net.SocketProcessorBase.run(SocketProcessorBase.java:52)
	at org.apache.tomcat.util.threads.ThreadPoolExecutor.runWorker(ThreadPoolExecutor.java:1189)
	at org.apache.tomcat.util.threads.ThreadPoolExecutor$Worker.run(ThreadPoolExecutor.java:658)
	at org.apache.tomcat.util.threads.TaskThread$WrappingRunnable.run(TaskThread.java:63)
	at java.base/java.lang.Thread.run(Thread.java:1583)
2025-05-06 20:27:35.791 WARN  o.s.w.s.m.m.a.ExceptionHandlerExceptionResolver   :254  [32m1746534455764q2b  [0;39m Resolved [java.lang.RuntimeException: the mobile phone has been created!]
2025-05-06 20:36:45.346 INFO  o.s.boot.web.embedded.tomcat.GracefulShutdown     :54   [32m                  [0;39m Commencing graceful shutdown. Waiting for active requests to complete
2025-05-06 20:36:45.362 INFO  o.s.boot.web.embedded.tomcat.GracefulShutdown     :76   [32m                  [0;39m Graceful shutdown complete
2025-05-06 20:36:45.373 INFO  com.zaxxer.hikari.HikariDataSource                :349  [32m                  [0;39m HikariPool-1 - Shutdown initiated...
2025-05-06 20:36:45.385 INFO  com.zaxxer.hikari.HikariDataSource                :351  [32m                  [0;39m HikariPool-1 - Shutdown completed.
